code,name,postal_code,municipality,address,phone,designated_on,renewed_on,kind,as_of,source_url
110098,社会福祉法人 三井記念病院,101-0024,千代田区,千代田区神田和泉町１,03-3862-9111,2007-01-01,2025-01-01,byouin,2026-08-01,https://www.fukushi.metro.tokyo.lg.jp/documents/d/fukushi/20260801_seishin_byouin-xlsx-xlsx
128140,河内クリニック,101-0063,千代田区,千代田区神田淡路町１－９－１－３０１,03-3252-8225,2007-01-01,2025-01-01,byouin,2026-08-01,https://www.fukushi.metro.tokyo.lg.jp/documents/d/fukushi/20260801_seishin_byouin-xlsx-xlsx
128314,医療法人社団 滝医院,102-0074,千代田区,千代田区九段南４－３－１,03-3264-3101,2021-09-01,,byouin,2026-08-01,https://www.fukushi.metro.tokyo.lg.jp/documents/d/fukushi/20260801_seishin_byouin-xlsx-xlsx
129007,医療法人社団緑和会 ストレスケア日比谷クリニック,100-0006,千代田区,千代田区有楽町１－６－１　ナビール日比谷６階,03-3581-0205,2007-01-01,2025-01-01,byouin,2026-08-01,https://www.fukushi.metro.tokyo.lg.jp/documents/d/fukushi/20260801_seishin_byouin-xlsx-xlsx
129023,医療法人社団聖晴会 おおてまちメンタルクリニック,100-0004,千代田区,千代田区大手町１－６－１　大手町ビル１階,03-5221-2001,2007-01-01,2025-01-01,byouin,2026-08-01,https://www.fukushi.metro.tokyo.lg.jp/documents/d/fukushi/20260801_seishin_byouin-xlsx-xlsx
129098,一口坂クリニック,102-0073,千代田区,千代田区九段北４－１－５　市ケ谷法曹ビル地下１階,03-3221-1919,2007-01-01,2025-01-01,byouin,2026-08-01,https://www.fukushi.metro.tokyo.lg.jp/documents/d/fukushi/20260801_seishin_byouin-xlsx-xlsx
129155,飯田橋斎藤医院,102-0072,千代田区,千代田区飯田橋１－８－９　ニューシティハイツ飯田橋１０２,03-5226-0180,2007-01-01,2025-01-01,byouin,2026-08-01,https://www.fukushi.metro.tokyo.lg.jp/documents/d/fukushi/20260801_seishin_byouin-xlsx-xlsx
129189,医療法人社団順真会 しのみやクリニック,101-0025,千代田区,千代田区神田佐久間町３－３７－５９　マルチーノビル３階,03-5687-1516,2007-01-01,2025-01-01,byouin,2026-08-01,https://www.fukushi.metro.tokyo.lg.jp/documents/d/fukushi/20260801_seishin_byouin-xlsx-xlsx
129627,一般財団法人小峰研究所 番町小峰クリニック,102-0082,千代田区,千代田区一番町２１－３－１０１,03-3221-0521,2021-09-01,,byouin,2026-08-01,https://www.fukushi.metro.tokyo.lg.jp/documents/d/fukushi/20260801_seishin_byouin-xlsx-xlsx
129817,医療法人財団駿愛会 駿河台診療所,101-0062,千代田区,千代田区神田駿河台２－１－４５,03-3219-1121,2007-02-01,2025-02-01,byouin,2026-08-01,https://www.fukushi.metro.tokyo.lg.jp/documents/d/fukushi/20260801_seishin_byouin-xlsx-xlsx
130229,スバル医院,100-0006,千代田区,千代田区有楽町１－２－６　中村ビル,03-3580-9559,2020-08-01,,byouin,2026-08-01,https://www.fukushi.metro.tokyo.lg.jp/documents/d/fukushi/20260801_seishin_byouin-xlsx-xlsx
130450,飯田橋ガーデンクリニック,102-0072,千代田区,千代田区飯田橋３－１０－１０　ガーデンエアタワー２階,03-5276-2160,2007-01-01,2025-01-01,byouin,2026-08-01,https://www.fukushi.metro.tokyo.lg.jp/documents/d/fukushi/20260801_seishin_byouin-xlsx-xlsx
130609,半蔵門モロオカクリニック,102-0083,千代田区,千代田区麹町２－２－２９　オーセンティック半蔵門２階,03-3230-2843,2007-01-01,2025-01-01,byouin,2026-08-01,https://www.fukushi.metro.tokyo.lg.jp/documents/d/fukushi/20260801_seishin_byouin-xlsx-xlsx
131128,医療法人社団あんしん会 四谷メディカルキューブ,102-0084,千代田区,千代田区二番町７－７,03-3261-0401,2017-10-01,2023-10-01,byouin,2026-08-01,https://www.fukushi.metro.tokyo.lg.jp/documents/d/fukushi/20260801_seishin_byouin-xlsx-xlsx
131169,医療法人社団ＩＬＣ会 一番町レディースクリニック,102-0082,千代田区,千代田区一番町４－２６　相模屋第５ビル２階,03-3261-2255,2007-04-01,2025-04-01,byouin,2026-08-01,https://www.fukushi.metro.tokyo.lg.jp/documents/d/fukushi/20260801_seishin_byouin-xlsx-xlsx
131607,神保町メンタルクリニック,101-0051,千代田区,千代田区神田神保町２－９　神保町メディカルモール５階,03-3239-5776,2006-09-01,2024-09-01,byouin,2026-08-01,https://www.fukushi.metro.tokyo.lg.jp/documents/d/fukushi/20260801_seishin_byouin-xlsx-xlsx
131649,原田メンタルクリニック,102-0072,千代田区,千代田区飯田橋１－５－８　アクサンビル４階,03-5212-3335,2006-10-01,2024-10-01,byouin,2026-08-01,https://www.fukushi.metro.tokyo.lg.jp/documents/d/fukushi/20260801_seishin_byouin-xlsx-xlsx
131706,医療法人社団松伯会 山王クリニック,100-6125,千代田区,千代田区永田町２－１１－１　山王パークタワー２５階,03-3580-5001,2008-06-01,2026-06-01,byouin,2026-08-01,https://www.fukushi.metro.tokyo.lg.jp/documents/d/fukushi/20260801_seishin_byouin-xlsx-xlsx
132134,医療法人社団 日比谷滝村クリニック,100-0011,千代田区,千代田区内幸町２－２－１　日本プレスセンタービル地下１階,03-5511-7550,2007-01-01,2025-01-01,byouin,2026-08-01,https://www.fukushi.metro.tokyo.lg.jp/documents/d/fukushi/20260801_seishin_byouin-xlsx-xlsx
132225,医療法人社団アネモス会 荻本医院,101-0047,千代田区,千代田区内神田２－７－１４　山手ビル３号館４階,03-3255-3856,2007-01-01,2025-01-01,byouin,2026-08-01,https://www.fukushi.metro.tokyo.lg.jp/documents/d/fukushi/20260801_seishin_byouin-xlsx-xlsx
132258,神田駅西口メンタルクリニック,101-0047,千代田区,千代田区内神田３－１２－４,03-5209-0874,2008-01-01,2026-01-01,byouin,2026-08-01,https://www.fukushi.metro.tokyo.lg.jp/documents/d/fukushi/20260801_seishin_byouin-xlsx-xlsx
132316,半蔵門心療クリニック,102-0083,千代田区,千代田区麹町１－１０　澤田麹町ビル地下１階,03-3263-3251,2008-04-01,2026-04-01,byouin,2026-08-01,https://www.fukushi.metro.tokyo.lg.jp/documents/d/fukushi/20260801_seishin_byouin-xlsx-xlsx
132332,秋葉原メンタルクリニック,101-0027,千代田区,千代田区神田平河町４　渡辺ビル６階,03-5833-6852,2008-06-01,2026-06-01,byouin,2026-08-01,https://www.fukushi.metro.tokyo.lg.jp/documents/d/fukushi/20260801_seishin_byouin-xlsx-xlsx
132456,医療法人社団橅会 九段ごみぶちクリニック,102-0073,千代田区,千代田区九段北２－３－１,03-3263-0161,2007-01-01,2025-01-01,byouin,2026-08-01,https://www.fukushi.metro.tokyo.lg.jp/documents/d/fukushi/20260801_seishin_byouin-xlsx-xlsx
132746,東京クリニック,100-0004,千代田区,千代田区大手町２－２－１　新大手町ビル１階・地下１階・地下２階,03-3516-7151,2007-10-01,2025-10-01,byouin,2026-08-01,https://www.fukushi.metro.tokyo.lg.jp/documents/d/fukushi/20260801_seishin_byouin-xlsx-xlsx
132878,ＨＤＣアトラスクリニック,102-0082,千代田区,千代田区一番町５－３　アトラスビル１階,03-3234-6060,2010-04-01,2022-04-01,byouin,2026-08-01,https://www.fukushi.metro.tokyo.lg.jp/documents/d/fukushi/20260801_seishin_byouin-xlsx-xlsx
133017,秋葉原ガーデンクリニック,101-0023,千代田区,千代田区神田松永町１１　ＡＴ第１ビル７階,03-5298-7687,2008-07-01,2026-07-01,byouin,2026-08-01,https://www.fukushi.metro.tokyo.lg.jp/documents/d/fukushi/20260801_seishin_byouin-xlsx-xlsx
133058,医療法人社団明善会 飯田橋榎本クリニック,102-0072,千代田区,千代田区飯田橋４－６－５,03-5276-0601,2011-02-01,2023-02-01,byouin,2026-08-01,https://www.fukushi.metro.tokyo.lg.jp/documents/d/fukushi/20260801_seishin_byouin-xlsx-xlsx
133090,市ヶ谷メンタルクリニック,102-0073,千代田区,千代田区九段北４－２－２２　市ヶ谷スポーツプラザビル２０２号室,03-6272-4911,2011-06-01,2017-06-01,byouin,2026-08-01,https://www.fukushi.metro.tokyo.lg.jp/documents/d/fukushi/20260801_seishin_byouin-xlsx-xlsx
133165,神田医院,101-0044,千代田区,千代田区鍛冶町１－８－６　神田ＫＳビル２階,03-3252-8896,2011-06-01,2017-06-01,byouin,2026-08-01,https://www.fukushi.metro.tokyo.lg.jp/documents/d/fukushi/20260801_seishin_byouin-xlsx-xlsx
133223,千代田心療クリニック,102-0093,千代田区,千代田区平河町２－７－９　ＪＡ共済ビル３Ｃ,03-5275-0077,2011-09-01,2023-09-01,byouin,2026-08-01,https://www.fukushi.metro.tokyo.lg.jp/documents/d/fukushi/20260801_seishin_byouin-xlsx-xlsx
133322,医療法人社団久響会 あいクリニック神田,101-0047,千代田区,千代田区内神田３－１４－８　ニシザワビル５階,03-3253-2100,2007-01-01,2025-01-01,byouin,2026-08-01,https://www.fukushi.metro.tokyo.lg.jp/documents/d/fukushi/20260801_seishin_byouin-xlsx-xlsx
133413,医療法人社団桜メデイスン 有楽町桜クリニック,100-0006,千代田区,千代田区有楽町１－７－１　有楽町電気ビル南館７５８区,03-6914-5333,2006-05-01,2024-05-01,byouin,2026-08-01,https://www.fukushi.metro.tokyo.lg.jp/documents/d/fukushi/20260801_seishin_byouin-xlsx-xlsx
133512,神田淡路町メンタルクリニック,101-0063,千代田区,千代田区神田淡路町１－４　国土淡路町ビル４階,03-3525-4357,2014-08-01,2020-08-01,byouin,2026-08-01,https://www.fukushi.metro.tokyo.lg.jp/documents/d/fukushi/20260801_seishin_byouin-xlsx-xlsx
133702,医療法人社団ひのき会 証クリニック神田,101-0052,千代田区,千代田区神田小川町３－８　中北ビル２階,03-3292-7701,2008-06-01,2026-06-01,byouin,2026-08-01,https://www.fukushi.metro.tokyo.lg.jp/documents/d/fukushi/20260801_seishin_byouin-xlsx-xlsx
133744,読売健康保険組合読売クリニック,100-8055,千代田区,千代田区大手町１－７－１読売新聞東京本社ビル６階,03-3216-8682,2018-09-01,2024-09-01,byouin,2026-08-01,https://www.fukushi.metro.tokyo.lg.jp/documents/d/fukushi/20260801_seishin_byouin-xlsx-xlsx
133850,聖路加国際病院附属クリニック 聖路加メディローカス,100-0004,千代田区,千代田区大手町１－９－７　大手町フィナンシャルシティサウスタワー２階,03-3527-9520,2017-06-01,,byouin,2026-08-01,https://www.fukushi.metro.tokyo.lg.jp/documents/d/fukushi/20260801_seishin_byouin-xlsx-xlsx
133884,医療法人社団ウェルエイジングＤクリニック東京,100-6210,千代田区,千代田区丸の内１－１１－１　パシフィックセンチュリープレイス丸の内１０階,03-5224-5551,2007-02-01,2025-02-01,byouin,2026-08-01,https://www.fukushi.metro.tokyo.lg.jp/documents/d/fukushi/20260801_seishin_byouin-xlsx-xlsx
134007,駿河台こころのクリニック,101-0062,千代田区,千代田区神田駿河台３－２－６　Ａ・ｐｌａｚａ御茶の水ビル７階,03-3257-5678,2015-01-01,2021-01-01,byouin,2026-08-01,https://www.fukushi.metro.tokyo.lg.jp/documents/d/fukushi/20260801_seishin_byouin-xlsx-xlsx
134064,お茶の水メンタルクリニック,101-0062,千代田区,千代田区神田駿河台２－４　お茶の水日健ビル４階,03-5244-5934,2015-03-01,2021-03-01,byouin,2026-08-01,https://www.fukushi.metro.tokyo.lg.jp/documents/d/fukushi/20260801_seishin_byouin-xlsx-xlsx
134098,千代田メンタルクリニック,100-0011,千代田区,千代田区内幸町２－２－３　日比谷国際ビル地下２階,03-6206-6083,2015-04-01,2021-04-01,byouin,2026-08-01,https://www.fukushi.metro.tokyo.lg.jp/documents/d/fukushi/20260801_seishin_byouin-xlsx-xlsx
134510,さくらの木クリニック秋葉原,101-0033,千代田区,千代田区神田岩本町１　清水ビル２階,03-3255-3960,2014-10-01,2020-10-01,byouin,2026-08-01,https://www.fukushi.metro.tokyo.lg.jp/documents/d/fukushi/20260801_seishin_byouin-xlsx-xlsx
134585,神保町もりたメンタルクリニック,101-0051,千代田区,千代田区神田神保町１－７－１２　巌松堂ビル３階,03-5281-0880,2016-12-01,2022-12-01,byouin,2026-08-01,https://www.fukushi.metro.tokyo.lg.jp/documents/d/fukushi/20260801_seishin_byouin-xlsx-xlsx
134783,飯田橋ウエルネスクリニック,102-0072,千代田区,千代田区飯田橋３－６－８　飯田橋Ｔ＆Ｓビル５階,03-6261-2922,2017-08-01,2023-08-01,byouin,2026-08-01,https://www.fukushi.metro.tokyo.lg.jp/documents/d/fukushi/20260801_seishin_byouin-xlsx-xlsx
134833,飯田橋東口内科・心療内科診療所,102-0072,千代田区,千代田区飯田橋４－９－９　第七田中ビル８階,03-6260-9863,2017-08-01,2023-08-01,byouin,2026-08-01,https://www.fukushi.metro.tokyo.lg.jp/documents/d/fukushi/20260801_seishin_byouin-xlsx-xlsx
134866,医療法人社団ＨＡＲＩＭＡ はりまメンタルクリニック,101-0052,千代田区,千代田区神田小川町３－２４－１　カスタリアお茶の水１０２,03-5281-4800,2008-04-01,2026-04-01,byouin,2026-08-01,https://www.fukushi.metro.tokyo.lg.jp/documents/d/fukushi/20260801_seishin_byouin-xlsx-xlsx
134874,瀬川記念小児神経学クリニック,101-0062,千代田区,千代田区神田駿河台２－８　瀬川ビル２階,03-3294-0371,2007-04-01,2025-04-01,byouin,2026-08-01,https://www.fukushi.metro.tokyo.lg.jp/documents/d/fukushi/20260801_seishin_byouin-xlsx-xlsx
134882,まなメンタルクリニック新御茶ノ水,101-0063,千代田区,千代田区神田淡路町１－１１－８　淡路町ＵＫビル３階,03-3526-2613,2017-12-01,2023-12-01,byouin,2026-08-01,https://www.fukushi.metro.tokyo.lg.jp/documents/d/fukushi/20260801_seishin_byouin-xlsx-xlsx
134973,お茶の水健康長寿クリニック,101-0062,千代田区,千代田区神田駿河台２－８　瀬川ビル７１８,03-5577-4970,2022-02-01,,byouin,2026-08-01,https://www.fukushi.metro.tokyo.lg.jp/documents/d/fukushi/20260801_seishin_byouin-xlsx-xlsx
135020,丸ノ内なかごみクリニック,100-0005,千代田区,千代田区丸の内２－２－１　岸本ビル２階,03-6551-2011,2021-04-01,,byouin,2026-08-01,https://www.fukushi.metro.tokyo.lg.jp/documents/d/fukushi/20260801_seishin_byouin-xlsx-xlsx
135160,日比谷ガーデンクリニック,100-0006,千代田区,千代田区有楽町１－５－１日比谷マリンビルＢ２Ｆ,03-6206-1121,2019-02-01,2025-02-01,byouin,2026-08-01,https://www.fukushi.metro.tokyo.lg.jp/documents/d/fukushi/20260801_seishin_byouin-xlsx-xlsx
135178,アルツクリニック東京,100-0005,千代田区,千代田区丸の内１－７－１２　サピアタワー７Ｆ,03-3212-0003,2018-11-01,2024-11-01,byouin,2026-08-01,https://www.fukushi.metro.tokyo.lg.jp/documents/d/fukushi/20260801_seishin_byouin-xlsx-xlsx
135301,医療法人社団 弘寿会 ＭＩＺＥＮクリニック市ヶ谷,102-0074,千代田区,千代田区九段南４－７－１７　杉喜ビル６Ｆ,03-6261-7100,2022-04-01,,byouin,2026-08-01,https://www.fukushi.metro.tokyo.lg.jp/documents/d/fukushi/20260801_seishin_byouin-xlsx-xlsx
135327,風の木クリニック,102-0083,千代田区,千代田区隼町３－１９　隼町ＭＴビル２Ｆ,03-3239-5611,2007-01-01,2025-01-01,byouin,2026-08-01,https://www.fukushi.metro.tokyo.lg.jp/documents/d/fukushi/20260801_seishin_byouin-xlsx-xlsx
135335,医療法人社団ベスリ会 ベスリクリニック,101-0045,千代田区,千代田区神田鍛冶町３－２　サンミビル８階,03-5295-7555,2014-07-01,2026-07-01,byouin,2026-08-01,https://www.fukushi.metro.tokyo.lg.jp/documents/d/fukushi/20260801_seishin_byouin-xlsx-xlsx
135343,氏家脳神経外科内科クリニック,102-0094,千代田区,千代田区紀尾井町３－１９　２階,03-6261-3307,2023-05-01,,byouin,2026-08-01,https://www.fukushi.metro.tokyo.lg.jp/documents/d/fukushi/20260801_seishin_byouin-xlsx-xlsx
135400,医療法人社団 聡叡会 あすかクリニック,102-0094,千代田区,千代田区九段南４－６－１九段シルバーパレス４０１号室,03-3261-5736,2018-07-01,2024-07-01,byouin,2026-08-01,https://www.fukushi.metro.tokyo.lg.jp/documents/d/fukushi/20260801_seishin_byouin-xlsx-xlsx
135426,九段こころのクリニック,102-0073,千代田区,千代田区九段北１－１－５　第二中央ビル３Ｆ,03-6256-8397,2019-06-01,2025-06-01,byouin,2026-08-01,https://www.fukushi.metro.tokyo.lg.jp/documents/d/fukushi/20260801_seishin_byouin-xlsx-xlsx
135434,もも こころの診療所,101-0051,千代田区,千代田区神田神保町１－１６－３　４階,03-5282-2556,2013-12-01,2025-12-01,byouin,2026-08-01,https://www.fukushi.metro.tokyo.lg.jp/documents/d/fukushi/20260801_seishin_byouin-xlsx-xlsx
135442,雪月花メディカルクリニック 秋葉原診療所,101-0021,千代田区,千代田区外神田６－１４－２　サカイ末広ビル１階及び７階Ｂ室,03-5812-5301,2014-01-01,2026-01-01,byouin,2026-08-01,https://www.fukushi.metro.tokyo.lg.jp/documents/d/fukushi/20260801_seishin_byouin-xlsx-xlsx
135541,いとうメンタルケアクリニック神田小川町,101-0053,千代田区,千代田区神田美土代町９－７　千代田２１ビルディング２階,03-5244-5215,2019-11-01,2025-11-01,byouin,2026-08-01,https://www.fukushi.metro.tokyo.lg.jp/documents/d/fukushi/20260801_seishin_byouin-xlsx-xlsx
135616,ココロモクリニック神田,101-0044,千代田区,千代田区鍛治町２－８－６　メディカルプライム神田５Ｆ,03-3254-5560,2020-01-01,2026-01-01,byouin,2026-08-01,https://www.fukushi.metro.tokyo.lg.jp/documents/d/fukushi/20260801_seishin_byouin-xlsx-xlsx
135640,メディカクリニック,101-0052,千代田区,千代田区神田小川町３－１－１０　メディカビル４階,050-3734-5576,2020-02-01,,byouin,2026-08-01,https://www.fukushi.metro.tokyo.lg.jp/documents/d/fukushi/20260801_seishin_byouin-xlsx-xlsx
135699,医療法人社団吉田クリニック 千代田クリニック,102-0082,千代田区,千代田区一番町３番地１　グレース一番町１階,03-6910-0924,2020-03-01,2026-03-01,byouin,2026-08-01,https://www.fukushi.metro.tokyo.lg.jp/documents/d/fukushi/20260801_seishin_byouin-xlsx-xlsx
135764,診療所こころとからだの元氣プラザ,101-0051,千代田区,千代田区神田神保町１－１０５神保町三井ビルディング１階・２階,03-5210-6666,2007-01-01,2025-01-01,byouin,2026-08-01,https://www.fukushi.metro.tokyo.lg.jp/documents/d/fukushi/20260801_seishin_byouin-xlsx-xlsx
135798,秋葉原内科saveクリニック,101-0021,千代田区,千代田区外神田２－１０－３　ソカロアキバ２階,03-6206-0903,2019-05-01,2025-05-01,byouin,2026-08-01,https://www.fukushi.metro.tokyo.lg.jp/documents/d/fukushi/20260801_seishin_byouin-xlsx-xlsx
135855,パークサイド日比谷クリニック,100-0006,千代田区,千代田区有楽町１－６－１　ナビール日比谷５階,03-6550-9050,2007-08-01,2025-08-01,byouin,2026-08-01,https://www.fukushi.metro.tokyo.lg.jp/documents/d/fukushi/20260801_seishin_byouin-xlsx-xlsx
135913,ひろばストレスケアクリニック,101-0051,千代田区,千代田区神田神保町３－２－８　昭文館ビル１階,03-5357-1577,2020-11-01,,byouin,2026-08-01,https://www.fukushi.metro.tokyo.lg.jp/documents/d/fukushi/20260801_seishin_byouin-xlsx-xlsx
135921,医療法人社団有洸会 三番町クリニック,102-0082,千代田区,千代田区一番町２２-３　１階,03-5215-5755,2019-10-01,2025-10-01,byouin,2026-08-01,https://www.fukushi.metro.tokyo.lg.jp/documents/d/fukushi/20260801_seishin_byouin-xlsx-xlsx
135970,医療法人社団雄仁会 メディカルケア大手町,100-0004,千代田区,千代田区大手町１－６－１　大手町ビル地下１階,03-6262-1666,2018-07-01,2024-07-01,byouin,2026-08-01,https://www.fukushi.metro.tokyo.lg.jp/documents/d/fukushi/20260801_seishin_byouin-xlsx-xlsx
136002,明治大学子どものこころクリニック,101-8301,千代田区,千代田区神田駿河台１－１,03-3296-8500,2021-01-01,,byouin,2026-08-01,https://www.fukushi.metro.tokyo.lg.jp/documents/d/fukushi/20260801_seishin_byouin-xlsx-xlsx
136077,医療法人社団ウェルエイジングウェルスリープクリニック東京,100-0005,千代田区,千代田区丸の内１－１１－１　パシフィックセンチュリープレイス丸の内１０階,03-6665-0502,2023-07-01,,byouin,2026-08-01,https://www.fukushi.metro.tokyo.lg.jp/documents/d/fukushi/20260801_seishin_byouin-xlsx-xlsx
136101,医療法人社団Ｎｏｂｉｓｕｋｏ 半蔵門のびすここどもクリニック,102-0082,千代田区,千代田区一番町４－１６,03-6261-7540,2019-09-01,2025-09-01,byouin,2026-08-01,https://www.fukushi.metro.tokyo.lg.jp/documents/d/fukushi/20260801_seishin_byouin-xlsx-xlsx
136119,とちの木通り診療所,101-0062,千代田区,千代田区神田駿河台１－７－１０　ＹＫ駿河台ビル１階,03-5577-2161,2017-02-01,2023-02-01,byouin,2026-08-01,https://www.fukushi.metro.tokyo.lg.jp/documents/d/fukushi/20260801_seishin_byouin-xlsx-xlsx
136424,働く人の健康づくり大手町診療所,101-0047,千代田区,千代田区内神田１－２－２　小川ビル３階,03-5577-6452,2022-04-01,,byouin,2026-08-01,https://www.fukushi.metro.tokyo.lg.jp/documents/d/fukushi/20260801_seishin_byouin-xlsx-xlsx
136440,海上ビル診療所,100-0004,千代田区,千代田区大手町２－６－４　ＴＯＫＹＯ　ＴＯＲＣＨ常盤橋タワー１０Ｆ,03-6636-6050,2009-02-01,2021-02-01,byouin,2026-08-01,https://www.fukushi.metro.tokyo.lg.jp/documents/d/fukushi/20260801_seishin_byouin-xlsx-xlsx
136457,浦上小児内分泌・糖尿病クリニック,101-0062,千代田区,千代田区神田駿河台４－１－２　ステラ御茶ノ水ビル６Ｆ,03-3518-9157,2022-07-01,,byouin,2026-08-01,https://www.fukushi.metro.tokyo.lg.jp/documents/d/fukushi/20260801_seishin_byouin-xlsx-xlsx
136465,あさのクリニック,101-0047,千代田区,千代田区内神田１－１５－１２　内神田サトウビル４階,03-6275-0987,2025-05-01,,byouin,2026-08-01,https://www.fukushi.metro.tokyo.lg.jp/documents/d/fukushi/20260801_seishin_byouin-xlsx-xlsx
136481,秋葉原心療内科ゆうメンタルクリニック秋葉原院,101-0025,千代田区,千代田区神田佐久間町１－１３　４階,03-3863-8882,2014-06-01,2026-06-01,byouin,2026-08-01,https://www.fukushi.metro.tokyo.lg.jp/documents/d/fukushi/20260801_seishin_byouin-xlsx-xlsx
136564,シャーロットこども発達クリニック,102-0084,千代田区,千代田区二番町３－１１　ＶＯＲＴ二番町７階,03-6265-6885,2022-10-01,,byouin,2026-08-01,https://www.fukushi.metro.tokyo.lg.jp/documents/d/fukushi/20260801_seishin_byouin-xlsx-xlsx
136598,大手町クリニック,101-0047,千代田区,千代田区内神田１－１１－５　カーサ内神田４０１号,050-1793-1422,2022-11-01,,byouin,2026-08-01,https://www.fukushi.metro.tokyo.lg.jp/documents/d/fukushi/20260801_seishin_byouin-xlsx-xlsx
136622,九段下駅前ココクリニック,102-0073,千代田区,千代田区九段北１－２－１　九段中央ビル３階,03-5212-5551,2016-05-01,2022-05-01,byouin,2026-08-01,https://www.fukushi.metro.tokyo.lg.jp/documents/d/fukushi/20260801_seishin_byouin-xlsx-xlsx
136671,日比谷セントラルよりそいハートクリニック,100-0006,千代田区,千代田区有楽町１－２－１４　紫ビル３階,03-3528-8596,2023-03-01,,byouin,2026-08-01,https://www.fukushi.metro.tokyo.lg.jp/documents/d/fukushi/20260801_seishin_byouin-xlsx-xlsx
136762,水道橋メンタルクリニック,101-0061,千代田区,千代田区神田三崎町３－７－９　西野ビル３階,03-5276-1556,2023-03-01,,byouin,2026-08-01,https://www.fukushi.metro.tokyo.lg.jp/documents/d/fukushi/20260801_seishin_byouin-xlsx-xlsx
136770,エセンティアクリニック,102-0085,千代田区,千代田区六番町５－５　飯田ビル３－Ｃ,03-6910-0822,2023-10-01,,byouin,2026-08-01,https://www.fukushi.metro.tokyo.lg.jp/documents/d/fukushi/20260801_seishin_byouin-xlsx-xlsx
136804,医療法人社団弘冨会 神田東クリニック,101-0046,千代田区,千代田区神田多町２－１　神田東山ビル３階,03-5298-3322,2007-01-01,2025-01-01,byouin,2026-08-01,https://www.fukushi.metro.tokyo.lg.jp/documents/d/fukushi/20260801_seishin_byouin-xlsx-xlsx
136838,聖堂前クリニック,101-0041,千代田区,千代田区神田須田町１－３４－１０　日宝神田ノース３階,03-5256-1212,2013-11-01,2025-11-01,byouin,2026-08-01,https://www.fukushi.metro.tokyo.lg.jp/documents/d/fukushi/20260801_seishin_byouin-xlsx-xlsx
137109,いんしょう日の出クリニック,102-0082,千代田区,千代田区一番町４－６　一番町中央ビル１階,03-5210-5550,2023-12-01,,byouin,2026-08-01,https://www.fukushi.metro.tokyo.lg.jp/documents/d/fukushi/20260801_seishin_byouin-xlsx-xlsx
137349,ＳｉｌｖｅｒＦｅｒｎＴｏｋｙｏＣｌｉｎｉｃ,101-0047,千代田区,千代田区内神田３－２２－７　ＪＳ神田多一ビル５階,03-3526-2661,2024-06-01,,byouin,2026-08-01,https://www.fukushi.metro.tokyo.lg.jp/documents/d/fukushi/20260801_seishin_byouin-xlsx-xlsx
137372,こころサポートクリニック,101-0052,千代田区,千代田区神田小川町１－８　ＮＣＯ神田小川町ビル７階,03-3518-5309,2024-05-01,,byouin,2026-08-01,https://www.fukushi.metro.tokyo.lg.jp/documents/d/fukushi/20260801_seishin_byouin-xlsx-xlsx
137570,メンタルエイドクリニック,102-0071,千代田区,千代田区富士見２－７－２　プラーノモールＣ棟Ｔ４０１,080-1727-0401,2024-11-01,,byouin,2026-08-01,https://www.fukushi.metro.tokyo.lg.jp/documents/d/fukushi/20260801_seishin_byouin-xlsx-xlsx
137588,おおしまメンタルヘルスクリニック飯田橋,102-0071,千代田区,千代田区富士見２－２－３　ドーム飯田橋４階,03-6272-6637,2025-01-01,,byouin,2026-08-01,https://www.fukushi.metro.tokyo.lg.jp/documents/d/fukushi/20260801_seishin_byouin-xlsx-xlsx
137620,一般社団法人ソイルまいにちメンタルクリニック神田駅前院,101-0044,千代田区,千代田区鍛冶町２－７－２－４階,03-3252-1310,2023-10-01,,byouin,2026-08-01,https://www.fukushi.metro.tokyo.lg.jp/documents/d/fukushi/20260801_seishin_byouin-xlsx-xlsx
137653,御茶の水クリニック,101-0052,千代田区,千代田区神田小川町１－１０－３　保坂ビル４階,03-3258-0707,2007-02-01,2025-02-01,byouin,2026-08-01,https://www.fukushi.metro.tokyo.lg.jp/documents/d/fukushi/20260801_seishin_byouin-xlsx-xlsx
137703,一般社団法人ソイルウィーミート永田町,102-0093,千代田区,千代田区平河町２－３－１０－２０５,050-1809-4503,2023-05-01,,byouin,2026-08-01,https://www.fukushi.metro.tokyo.lg.jp/documents/d/fukushi/20260801_seishin_byouin-xlsx-xlsx
137711,医療法人社団いなほ会東京頭痛脳神経クリニック,101-0044,千代田区,千代田区鍛冶町２－６－２　上野ビルディング１階及び地下１階,03-6260-7433,2025-04-01,,byouin,2026-08-01,https://www.fukushi.metro.tokyo.lg.jp/documents/d/fukushi/20260801_seishin_byouin-xlsx-xlsx
137760,医療法人社団躍心会神田須田町皮膚科,101-0041,千代田区,千代田区神田須田町１－１４－６　神田荒木ビル１階,03-6269-9082,2021-09-01,,byouin,2026-08-01,https://www.fukushi.metro.tokyo.lg.jp/documents/d/fukushi/20260801_seishin_byouin-xlsx-xlsx
137802,神田メンタルクリニック,101-0044,千代田区,千代田区鍛冶町２－６－２　上野ビルディング１階,03-3253-5560,2025-05-01,,byouin,2026-08-01,https://www.fukushi.metro.tokyo.lg.jp/documents/d/fukushi/20260801_seishin_byouin-xlsx-xlsx
137885,神田室町こころクリニック,101-0044,千代田区,千代田区鍛治町１－８－２　スズトミビル７階,03-3256-1556,2025-07-01,,byouin,2026-08-01,https://www.fukushi.metro.tokyo.lg.jp/documents/d/fukushi/20260801_seishin_byouin-xlsx-xlsx
137968,飯田橋メンタルクリニック,102-0072,千代田区,千代田区飯田橋３－４－６　新都心ビル９階,03-3237-5558,2007-01-01,2025-01-01,byouin,2026-08-01,https://www.fukushi.metro.tokyo.lg.jp/documents/d/fukushi/20260801_seishin_byouin-xlsx-xlsx
138024,後楽園クリニック,101-0047,千代田区,千代田区内神田１－１８－１３　トーハン第５ビル１階,03-6801-8768,2017-05-01,2023-05-01,byouin,2026-08-01,https://www.fukushi.metro.tokyo.lg.jp/documents/d/fukushi/20260801_seishin_byouin-xlsx-xlsx
138081,秋葉原駅前おおかみこころのクリニック精神科・心療内科,101-0027,千代田区,千代田区神田平河町２　大興ビル２階,03-5825-4154,2025-10-01,,byouin,2026-08-01,https://www.fukushi.metro.tokyo.lg.jp/documents/d/fukushi/20260801_seishin_byouin-xlsx-xlsx
138222,水道橋やまがたこころクリニック,101-0061,千代田区,千代田区神田三崎町２－１７－８　ドメス水道橋ビルディング３０２,03-6899-5540,2026-08-01,,byouin,2026-08-01,https://www.fukushi.metro.tokyo.lg.jp/documents/d/fukushi/20260801_seishin_byouin-xlsx-xlsx
138248,医療法人ブルースカイ東京脳神経自律神経アカデミークリニック,102-0082,千代田区,千代田区一番町１０－２　一番町Ｍビル６階,03-5776-1200,2013-06-01,2025-06-01,byouin,2026-08-01,https://www.fukushi.metro.tokyo.lg.jp/documents/d/fukushi/20260801_seishin_byouin-xlsx-xlsx
138339,あやメンタル日本橋クリニック,101-0047,千代田区,千代田区内神田２－７－１１　中森ビル２階,03-6665-6350,2020-07-01,2026-07-01,byouin,2026-08-01,https://www.fukushi.metro.tokyo.lg.jp/documents/d/fukushi/20260801_seishin_byouin-xlsx-xlsx
170050,公益社団法人東京都教職員互助会三楽病院,101-0062,千代田区,千代田区神田駿河台２－５,03-3292-3981,2007-01-01,2025-01-01,byouin,2026-08-01,https://www.fukushi.metro.tokyo.lg.jp/documents/d/fukushi/20260801_seishin_byouin-xlsx-xlsx
170092,医療法人社団茂恵会 半蔵門病院,102-0083,千代田区,千代田区麹町１－１０,03-3239-3355,2007-01-01,2025-01-01,byouin,2026-08-01,https://www.fukushi.metro.tokyo.lg.jp/documents/d/fukushi/20260801_seishin_byouin-xlsx-xlsx
170126,日本大学病院,101-0062,千代田区,千代田区神田駿河台１－６,03-3293-1711,2007-02-01,2025-02-01,byouin,2026-08-01,https://www.fukushi.metro.tokyo.lg.jp/documents/d/fukushi/20260801_seishin_byouin-xlsx-xlsx
170134,国家公務員共済組合連合会 九段坂病院,102-0074,千代田区,千代田区九段南１－６－１２,03-3262-9191,2007-01-01,2025-01-01,byouin,2026-08-01,https://www.fukushi.metro.tokyo.lg.jp/documents/d/fukushi/20260801_seishin_byouin-xlsx-xlsx
9516824,東京逓信病院,102-8798,千代田区,千代田区富士見２－１４－２３,03-5214-7111,2007-02-01,2025-02-01,byouin,2026-08-01,https://www.fukushi.metro.tokyo.lg.jp/documents/d/fukushi/20260801_seishin_byouin-xlsx-xlsx
227066,医療法人社団三喜会 有楽橋クリニック,104-0061,中央区,中央区銀座２－２－１７,03-3567-8788,2007-01-01,2025-01-01,byouin,2026-08-01,https://www.fukushi.metro.tokyo.lg.jp/documents/d/fukushi/20260801_seishin_byouin-xlsx-xlsx
227421,東京証券業健康保険組合診療所,103-0025,中央区,中央区日本橋茅場町３－１－２,03-3666-8855,2016-10-01,2022-10-01,byouin,2026-08-01,https://www.fukushi.metro.tokyo.lg.jp/documents/d/fukushi/20260801_seishin_byouin-xlsx-xlsx
228098,医療法人社団 川村クリニック,104-0031,中央区,中央区京橋２－６－１１　ＭＹ京橋ビル３階,03-3567-8076,2007-01-01,2025-01-01,byouin,2026-08-01,https://www.fukushi.metro.tokyo.lg.jp/documents/d/fukushi/20260801_seishin_byouin-xlsx-xlsx
228122,医療法人社団渓稜会 築地サイトウクリニック,104-0045,中央区,中央区築地７－１２－１４　紀文第２ビル２階,03-3248-5617,2007-01-01,2025-01-01,byouin,2026-08-01,https://www.fukushi.metro.tokyo.lg.jp/documents/d/fukushi/20260801_seishin_byouin-xlsx-xlsx
228387,銀座メンタルクリニック,104-0061,中央区,中央区銀座１－７－６　タニザワビル８階,03-5250-4810,2014-03-01,2026-03-01,byouin,2026-08-01,https://www.fukushi.metro.tokyo.lg.jp/documents/d/fukushi/20260801_seishin_byouin-xlsx-xlsx
228627,田中クリニック銀座,104-0061,中央区,中央区銀座１－６－１３　１０６　ＧＩＮＺＡ　ＢＬＤＧ　３階,03-3538-6460,2007-01-01,2025-01-01,byouin,2026-08-01,https://www.fukushi.metro.tokyo.lg.jp/documents/d/fukushi/20260801_seishin_byouin-xlsx-xlsx
228775,医療法人社団 小池医院,103-0022,中央区,中央区日本橋室町１－１２－９,03-3271-0813,2007-01-01,2025-01-01,byouin,2026-08-01,https://www.fukushi.metro.tokyo.lg.jp/documents/d/fukushi/20260801_seishin_byouin-xlsx-xlsx
229153,慈恵医大晴海トリトンクリニック,104-0053,中央区,中央区晴海１－８－８　晴海アイランドトリトンスクエアオフィスタワー　Ｗ３階,03-3531-3211,2007-02-01,2025-02-01,byouin,2026-08-01,https://www.fukushi.metro.tokyo.lg.jp/documents/d/fukushi/20260801_seishin_byouin-xlsx-xlsx
229872,人形町メンタルクリニック,103-0013,中央区,中央区日本橋人形町１－１－２１　人形町ビル３階,03-5614-7087,2007-01-01,2025-01-01,byouin,2026-08-01,https://www.fukushi.metro.tokyo.lg.jp/documents/d/fukushi/20260801_seishin_byouin-xlsx-xlsx
229898,ランディック日本橋クリニック,103-0027,中央区,中央区日本橋２－１６－１３,03-5255-7588,2007-01-01,2025-01-01,byouin,2026-08-01,https://www.fukushi.metro.tokyo.lg.jp/documents/d/fukushi/20260801_seishin_byouin-xlsx-xlsx
230334,東銀座メディカルクリニック,104-0045,中央区,中央区築地４－３－８　登喜和ビル２階,03-3546-3553,2007-11-01,2025-11-01,byouin,2026-08-01,https://www.fukushi.metro.tokyo.lg.jp/documents/d/fukushi/20260801_seishin_byouin-xlsx-xlsx
230664,医療法人社団中央みなと会 三井タワークリニック,103-0022,中央区,中央区日本橋室町２－１－１　日本橋三井タワー５階,03-3510-9955,2017-09-01,2023-09-01,byouin,2026-08-01,https://www.fukushi.metro.tokyo.lg.jp/documents/d/fukushi/20260801_seishin_byouin-xlsx-xlsx
230730,松屋通りクリニック,104-0061,中央区,中央区銀座３－１２－１１　銀座加藤ビル３階,03-6278-5661,2006-04-01,2024-04-01,byouin,2026-08-01,https://www.fukushi.metro.tokyo.lg.jp/documents/d/fukushi/20260801_seishin_byouin-xlsx-xlsx
231548,やなぎかよクリニック,103-0014,中央区,中央区日本橋蛎殻町１－１０－４－３Ｆ,03-5651-2066,2018-12-01,2024-12-01,byouin,2026-08-01,https://www.fukushi.metro.tokyo.lg.jp/documents/d/fukushi/20260801_seishin_byouin-xlsx-xlsx
231688,茅場町メンタルクリニック,103-0025,中央区,中央区日本橋茅場町１－４－２　勝村ビル２階,03-5643-2020,2009-03-01,2021-03-01,byouin,2026-08-01,https://www.fukushi.metro.tokyo.lg.jp/documents/d/fukushi/20260801_seishin_byouin-xlsx-xlsx
232009,医療法人社団キャンサーフリートピア 銀座並木通りクリニック,104-0061,中央区,中央区銀座４－２－２　第１弥生ビル７階,03-3562-7773,2013-08-01,2025-08-01,byouin,2026-08-01,https://www.fukushi.metro.tokyo.lg.jp/documents/d/fukushi/20260801_seishin_byouin-xlsx-xlsx
232041,京橋メンタルクリニック,104-0031,中央区,中央区京橋１－２－４　八重洲ノリオビル９階,03-5203-1930,2010-01-01,2022-01-01,byouin,2026-08-01,https://www.fukushi.metro.tokyo.lg.jp/documents/d/fukushi/20260801_seishin_byouin-xlsx-xlsx
232181,ＢＯＯＣＳホリスティッククリニック東京,104-0061,中央区,中央区銀座３－４－１　大倉別館４階,03-5159-7151,2007-02-01,2025-02-01,byouin,2026-08-01,https://www.fukushi.metro.tokyo.lg.jp/documents/d/fukushi/20260801_seishin_byouin-xlsx-xlsx
232355,室町橋本クリニック,103-0022,中央区,中央区日本橋室町１－８－７　エバー室町ビル３階,03-3527-9731,2011-02-01,2023-02-01,byouin,2026-08-01,https://www.fukushi.metro.tokyo.lg.jp/documents/d/fukushi/20260801_seishin_byouin-xlsx-xlsx
232405,医療法人社団ブレイン・ヘルス 銀座内科・神経内科クリニック,104-0061,中央区,中央区銀座６－１２－１０　銀座龍岡ビル２階,03-6253-8786,2009-07-01,2021-07-01,byouin,2026-08-01,https://www.fukushi.metro.tokyo.lg.jp/documents/d/fukushi/20260801_seishin_byouin-xlsx-xlsx
232413,医療法人社団平郁会 日本橋かきがら町クリニック,103-0014,中央区,中央区日本橋蛎殻町１－１０－４　宮田ビル２階,03-5651-1361,2015-09-01,2021-09-01,byouin,2026-08-01,https://www.fukushi.metro.tokyo.lg.jp/documents/d/fukushi/20260801_seishin_byouin-xlsx-xlsx
232702,医療法人社団幸心会 ケンクリニック,104-0041,中央区,中央区新富２－１１－４,03-5541-9700,2015-06-01,2021-06-01,byouin,2026-08-01,https://www.fukushi.metro.tokyo.lg.jp/documents/d/fukushi/20260801_seishin_byouin-xlsx-xlsx
233007,医療法人社団スリープクリニック スリープクリニック銀座,104-0061,中央区,中央区銀座３－８－１０　銀座朝日ビル８階,03-5524-7700,2007-12-01,2025-12-01,byouin,2026-08-01,https://www.fukushi.metro.tokyo.lg.jp/documents/d/fukushi/20260801_seishin_byouin-xlsx-xlsx
233098,一般財団法人 小松診療所,104-0061,中央区,中央区銀座７－１２－１８　第一銀座ビル３階,03-3543-7616,2007-02-01,2025-02-01,byouin,2026-08-01,https://www.fukushi.metro.tokyo.lg.jp/documents/d/fukushi/20260801_seishin_byouin-xlsx-xlsx
233205,医療法人社団惟心会 りんかい月島クリニック,104-0052,中央区,中央区月島１－１３－６　ウェルネス月島２・３階,03-5547-8633,2013-05-01,2025-05-01,byouin,2026-08-01,https://www.fukushi.metro.tokyo.lg.jp/documents/d/fukushi/20260801_seishin_byouin-xlsx-xlsx
233262,八丁堀メンタルクリニック,104-0032,中央区,中央区八丁堀４－９－９　八丁堀フロンティアビル４階,03-6222-7267,2013-07-01,2025-07-01,byouin,2026-08-01,https://www.fukushi.metro.tokyo.lg.jp/documents/d/fukushi/20260801_seishin_byouin-xlsx-xlsx
233296,医療法人東横会たわらクリニック東京,103-0028,中央区,中央区八重洲１－５－９　八重洲加藤ビルディング９階,03-5542-1803,2013-08-01,2025-08-01,byouin,2026-08-01,https://www.fukushi.metro.tokyo.lg.jp/documents/d/fukushi/20260801_seishin_byouin-xlsx-xlsx
233411,竹見クリニック,104-0044,中央区,中央区明石町１１－１５　ミキジ明石町ビル３階,03-6228-4747,2014-02-01,2026-02-01,byouin,2026-08-01,https://www.fukushi.metro.tokyo.lg.jp/documents/d/fukushi/20260801_seishin_byouin-xlsx-xlsx
233635,東銀座クリニック,104-0061,中央区,中央区銀座４－１２－１５　歌舞伎座タワー１６階,03-5565-5533,2007-04-01,2025-04-01,byouin,2026-08-01,https://www.fukushi.metro.tokyo.lg.jp/documents/d/fukushi/20260801_seishin_byouin-xlsx-xlsx
233767,医療法人社団創文会 銀座並木通り 心療内科・内科クリニック,104-0061,中央区,中央区銀座８－５－４　ＭＡＤＩＳＯＮ　ＢＵＩＬＤＩＮＧ７０２号,03-6228-5581,2010-03-01,2022-03-01,byouin,2026-08-01,https://www.fukushi.metro.tokyo.lg.jp/documents/d/fukushi/20260801_seishin_byouin-xlsx-xlsx
233874,茅場町こころのケアクリニック,103-0025,中央区,中央区日本橋茅場町２－８－１０　碧山ビル２階,03-5643-9855,2012-04-01,2024-04-01,byouin,2026-08-01,https://www.fukushi.metro.tokyo.lg.jp/documents/d/fukushi/20260801_seishin_byouin-xlsx-xlsx
234518,銀座レンガ通りクリニック,104-0061,中央区,中央区銀座１－６－１６　銀座１６１６ビル４階,03-3535-2280,2016-11-01,2022-11-01,byouin,2026-08-01,https://www.fukushi.metro.tokyo.lg.jp/documents/d/fukushi/20260801_seishin_byouin-xlsx-xlsx
234583,日本橋茅場町こころのクリニック,103-0025,中央区,中央区日本橋茅場町１－１３－１５　新居ビル２階,03-3668-7123,2016-09-01,2022-09-01,byouin,2026-08-01,https://www.fukushi.metro.tokyo.lg.jp/documents/d/fukushi/20260801_seishin_byouin-xlsx-xlsx
234690,医療法人社団知正会 東京センタークリニック,103-0028,中央区,中央区八重洲１－１－８　八重洲ＫＴビル２Ｆ,03-3276-6935,2020-09-01,,byouin,2026-08-01,https://www.fukushi.metro.tokyo.lg.jp/documents/d/fukushi/20260801_seishin_byouin-xlsx-xlsx
234815,ヴェスタクリニック銀座,104-0061,中央区,中央区銀座７－１３－２　ティアラグレイス銀座タワー８階,03-6264-3002,2017-11-01,2023-11-01,byouin,2026-08-01,https://www.fukushi.metro.tokyo.lg.jp/documents/d/fukushi/20260801_seishin_byouin-xlsx-xlsx
234898,つきじ心のクリニック,104-0045,中央区,中央区築地２－８－１０　築地Ｋ＆ＲⅡＴＯＤＡビル６階,03-5565-5560,2017-05-01,2023-05-01,byouin,2026-08-01,https://www.fukushi.metro.tokyo.lg.jp/documents/d/fukushi/20260801_seishin_byouin-xlsx-xlsx
234914,銀座泰明クリニック,104-0061,中央区,中央区銀座５－１－１５　第一御幸ビル５階,03-5537-3496,2006-10-01,2024-10-01,byouin,2026-08-01,https://www.fukushi.metro.tokyo.lg.jp/documents/d/fukushi/20260801_seishin_byouin-xlsx-xlsx
235028,保坂サイコオンコロジー・クリニック,104-0044,中央区,中央区明石町１１番３号　築地アサカワビル６階Ａ号室,03-6264-1791,2019-11-01,2025-11-01,byouin,2026-08-01,https://www.fukushi.metro.tokyo.lg.jp/documents/d/fukushi/20260801_seishin_byouin-xlsx-xlsx
235333,ミチワクリニック,104-0032,中央区,中央区八丁堀３－１９－９　トーエイ八丁堀ビル５階,03-3552-7099,2007-01-01,2025-01-01,byouin,2026-08-01,https://www.fukushi.metro.tokyo.lg.jp/documents/d/fukushi/20260801_seishin_byouin-xlsx-xlsx
235598,医療法人正槙会 銀座ストレスクリニック,104-0061,中央区,中央区銀座８－１０－８　銀座８丁目１０番ビル８階,03-6666-7600,2006-04-01,2024-04-01,byouin,2026-08-01,https://www.fukushi.metro.tokyo.lg.jp/documents/d/fukushi/20260801_seishin_byouin-xlsx-xlsx
235671,原井クリニック,104-0031,中央区,中央区京橋２－６－６藤木ビル２階,03-0538-6055,2019-02-01,2025-02-01,byouin,2026-08-01,https://www.fukushi.metro.tokyo.lg.jp/documents/d/fukushi/20260801_seishin_byouin-xlsx-xlsx
235747,らいふサイエンス内科クリニック,103-0012,中央区,中央区日本橋堀留町２－６－６　ライフサイエンスビル５階,03-5652-0725,2022-12-01,,byouin,2026-08-01,https://www.fukushi.metro.tokyo.lg.jp/documents/d/fukushi/20260801_seishin_byouin-xlsx-xlsx
235788,銀座心療内科クリニック,104-0061,中央区,中央区銀座５－９－１３銀座菊正ビル３階,03-6263-8851,2019-05-01,2025-05-01,byouin,2026-08-01,https://www.fukushi.metro.tokyo.lg.jp/documents/d/fukushi/20260801_seishin_byouin-xlsx-xlsx
235838,日本橋サンクリニック,103-0027,中央区,中央区日本橋２－１－２１　第二東洋ビル３階,03-5542-1718,2016-01-01,2022-01-01,byouin,2026-08-01,https://www.fukushi.metro.tokyo.lg.jp/documents/d/fukushi/20260801_seishin_byouin-xlsx-xlsx
236174,こころの育ちクリニック,103-0002,中央区,中央区日本橋馬喰町１－６－１　４階,03-3662-4970,2019-10-01,2025-10-01,byouin,2026-08-01,https://www.fukushi.metro.tokyo.lg.jp/documents/d/fukushi/20260801_seishin_byouin-xlsx-xlsx
236224,医療法人社団ＪＯＹ エミーナジョイクリニック銀座,104-0061,中央区,中央区銀座２－１１－８　ラウンドクロス銀座２丁目２階,03-6278-7115,2010-12-01,2022-12-01,byouin,2026-08-01,https://www.fukushi.metro.tokyo.lg.jp/documents/d/fukushi/20260801_seishin_byouin-xlsx-xlsx
236240,シニアメンタルクリニック 日本橋人形町,103-0013,中央区,中央区日本橋人形町２－２－３　アライヴ人形町５階,03-5614-0278,2016-04-01,2022-04-01,byouin,2026-08-01,https://www.fukushi.metro.tokyo.lg.jp/documents/d/fukushi/20260801_seishin_byouin-xlsx-xlsx
236281,タナカ小児科内科,104-0061,中央区,中央区銀座１－２１－１３　ＧＩＮＺＡ　ＨＯＵＳＥ　４階,03-3563-2220,2021-06-01,,byouin,2026-08-01,https://www.fukushi.metro.tokyo.lg.jp/documents/d/fukushi/20260801_seishin_byouin-xlsx-xlsx
236406,東京ストレスクリニック,104-0033,中央区,中央区新川２－２８－２　メディカルプライム新川５階,03-6280-5400,2020-04-01,2026-04-01,byouin,2026-08-01,https://www.fukushi.metro.tokyo.lg.jp/documents/d/fukushi/20260801_seishin_byouin-xlsx-xlsx
236471,日本橋室町三井タワー ミッドタウンクリニック,103-0022,中央区,中央区日本橋室町３－２－１　日本橋室町三井タワー７階,03-3231-2071,2020-12-01,,byouin,2026-08-01,https://www.fukushi.metro.tokyo.lg.jp/documents/d/fukushi/20260801_seishin_byouin-xlsx-xlsx
236554,日本橋神経クリニック,103-0011,中央区,中央区日本橋大伝馬町１３－８,03-3667-2484,2020-06-01,2026-06-01,byouin,2026-08-01,https://www.fukushi.metro.tokyo.lg.jp/documents/d/fukushi/20260801_seishin_byouin-xlsx-xlsx
236786,茅場町ウィズクリニック,103-0025,中央区,中央区日本橋茅場町２－８－１　ＢＲＩＣＫＧＡＴＥ茅場町８階,03-5962-3807,2026-03-01,,byouin,2026-08-01,https://www.fukushi.metro.tokyo.lg.jp/documents/d/fukushi/20260801_seishin_byouin-xlsx-xlsx
236851,医療法人社団明日望東京アスボクリニック,104-0031,中央区,中央区京橋２－２－１　京橋エドグラン２４階,03-6665-0518,2025-10-01,,byouin,2026-08-01,https://www.fukushi.metro.tokyo.lg.jp/documents/d/fukushi/20260801_seishin_byouin-xlsx-xlsx
237099,おりたメンタルクリニック,103-0011,中央区,中央区日本橋大伝馬町１３－８メディカルプライム日本橋小伝馬町８階,03-5614-0756,2019-08-01,2025-08-01,byouin,2026-08-01,https://www.fukushi.metro.tokyo.lg.jp/documents/d/fukushi/20260801_seishin_byouin-xlsx-xlsx
237404,メディカルクリニックルナ東京,104-0031,中央区,中央区京橋２－１２－９　寺沢ビル６階,03-3528-6822,2022-01-01,,byouin,2026-08-01,https://www.fukushi.metro.tokyo.lg.jp/documents/d/fukushi/20260801_seishin_byouin-xlsx-xlsx
237552,医療法人みずほ会 日本橋リウマチ・ペインクリニック,103-0027,中央区,中央区日本橋３－８－１３　華蓮日本橋ビル３階,03-6262-3015,2022-03-01,,byouin,2026-08-01,https://www.fukushi.metro.tokyo.lg.jp/documents/d/fukushi/20260801_seishin_byouin-xlsx-xlsx
237602,銀座スピンクリニック,104-0061,中央区,中央区銀座７－５－５　長谷第一ビル５Ｂ,03-6264-5125,2023-04-01,,byouin,2026-08-01,https://www.fukushi.metro.tokyo.lg.jp/documents/d/fukushi/20260801_seishin_byouin-xlsx-xlsx
237719,日本橋メンタルクリニック,103-0021,中央区,中央区日本橋本石町３－２－１２　社労士ビル１階,03-3243-2772,2022-06-01,,byouin,2026-08-01,https://www.fukushi.metro.tokyo.lg.jp/documents/d/fukushi/20260801_seishin_byouin-xlsx-xlsx
237792,ビー・ファインクリニックこころとからだ日本橋,103-0022,中央区,中央区日本橋室町１－１１－１０　Ｋａｙａｍａビル３Ｆ,03-6262-6662,2022-08-01,,byouin,2026-08-01,https://www.fukushi.metro.tokyo.lg.jp/documents/d/fukushi/20260801_seishin_byouin-xlsx-xlsx
237859,ｉこころクリニック日本橋,103-0012,中央区,中央区日本橋堀留町２－６－６　ライフサイエンスビル８階,03-3669-0070,2020-01-01,2026-01-01,byouin,2026-08-01,https://www.fukushi.metro.tokyo.lg.jp/documents/d/fukushi/20260801_seishin_byouin-xlsx-xlsx
237925,しんとみ子どものこころのクリニック,104-0041,中央区,中央区新富１－１７－１　宮倉ビル６Ｆ,03-5542-0825,2022-09-01,,byouin,2026-08-01,https://www.fukushi.metro.tokyo.lg.jp/documents/d/fukushi/20260801_seishin_byouin-xlsx-xlsx
237941,勝どき二丁目クリニック,104-0054,中央区,中央区勝どき２－９－１４　勝どき二丁目富永ビル４階,03-5560-0073,2007-01-01,2025-01-01,byouin,2026-08-01,https://www.fukushi.metro.tokyo.lg.jp/documents/d/fukushi/20260801_seishin_byouin-xlsx-xlsx
237958,神尾陽子クリニック,104-0033,中央区,中央区新川２－１８－５　ＡＳビル４階,03-6665-0170,2022-10-01,,byouin,2026-08-01,https://www.fukushi.metro.tokyo.lg.jp/documents/d/fukushi/20260801_seishin_byouin-xlsx-xlsx
238030,医療法人社団彗星会メディカルクリニック銀座,104-0061,中央区,中央区銀座２－１０－１１　マロニエ通り銀座館１０階,03-6260-6475,2023-04-01,,byouin,2026-08-01,https://www.fukushi.metro.tokyo.lg.jp/documents/d/fukushi/20260801_seishin_byouin-xlsx-xlsx
238386,築地在宅診療所,104-0045,中央区,中央区築地６－２４－２　Ｋビル３階,03-6278-8903,2023-05-01,,byouin,2026-08-01,https://www.fukushi.metro.tokyo.lg.jp/documents/d/fukushi/20260801_seishin_byouin-xlsx-xlsx
238451,医療法人社団梅本会梅本ホームクリニック,104-0061,中央区,中央区銀座１－１４－５　銀座ウイングビル３階,03-6263-0601,2021-03-01,,byouin,2026-08-01,https://www.fukushi.metro.tokyo.lg.jp/documents/d/fukushi/20260801_seishin_byouin-xlsx-xlsx
238725,勝どきメンタルクリニック,104-0054,中央区,中央区勝どき４－６－２　パークタワー勝どきミッド３０７,03-3520-8615,2023-09-01,,byouin,2026-08-01,https://www.fukushi.metro.tokyo.lg.jp/documents/d/fukushi/20260801_seishin_byouin-xlsx-xlsx
239152,人形町駅前こころのクリニック,103-0013,中央区,中央区日本橋人形町２－６－７　ＳＩＬ人形町７階,03-5644-0556,2024-04-01,,byouin,2026-08-01,https://www.fukushi.metro.tokyo.lg.jp/documents/d/fukushi/20260801_seishin_byouin-xlsx-xlsx
239251,奏の杜クリニック銀座ＥＡＳＴ,104-0052,中央区,中央区月島３－２７－１５　サンシティ銀座ＥＡＳＴ２階,03-6219-6550,2024-06-01,,byouin,2026-08-01,https://www.fukushi.metro.tokyo.lg.jp/documents/d/fukushi/20260801_seishin_byouin-xlsx-xlsx
239301,こころの診療所 築地・新富町,104-0045,中央区,中央区築地３－１２－１１　ナカシゲビル２階,03-6278-7133,2024-05-01,,byouin,2026-08-01,https://www.fukushi.metro.tokyo.lg.jp/documents/d/fukushi/20260801_seishin_byouin-xlsx-xlsx
239327,医療法人財団明理会スマイルクリニックイムス東京,103-0027,中央区,中央区日本橋２－１－１０　柳屋ビルディング２階,03-5542-1860,2024-07-01,,byouin,2026-08-01,https://www.fukushi.metro.tokyo.lg.jp/documents/d/fukushi/20260801_seishin_byouin-xlsx-xlsx
239368,医療法人社団真田会 日本橋ストレスケアクリニック,103-0015,中央区,中央区日本橋箱崎町２０－１　アンソレイエ・オオタ７階,03-6661-6688,2021-05-01,,byouin,2026-08-01,https://www.fukushi.metro.tokyo.lg.jp/documents/d/fukushi/20260801_seishin_byouin-xlsx-xlsx
239384,Ｋ Ｐｌｕｓクリニック,103-0006,中央区,中央区日本橋富沢町５－３　Ｉ．Ｂ日本橋ビル４０３,03-6661-7301,2025-04-01,,byouin,2026-08-01,https://www.fukushi.metro.tokyo.lg.jp/documents/d/fukushi/20260801_seishin_byouin-xlsx-xlsx
239772,こころの港クリニック京橋・東京駅前,104-0031,中央区,中央区京橋２－８－２１　昭和ビル別館３階,03-5915-4450,2025-05-01,,byouin,2026-08-01,https://www.fukushi.metro.tokyo.lg.jp/documents/d/fukushi/20260801_seishin_byouin-xlsx-xlsx
270751,聖路加国際病院,104-0044,中央区,中央区明石町９－１,03-3541-5151,2007-01-01,2025-01-01,byouin,2026-08-01,https://www.fukushi.metro.tokyo.lg.jp/documents/d/fukushi/20260801_seishin_byouin-xlsx-xlsx
6220115,医療法人社団則由会月島ピースクリニック,104-0052,中央区,中央区月島１－８－１　アイ・マークタワー２０２,03-5548-2511,2025-08-01,,byouin,2026-08-01,https://www.fukushi.metro.tokyo.lg.jp/documents/d/fukushi/20260801_seishin_byouin-xlsx-xlsx
6220594,医療法人社団山栄会グランプロ睡眠美容クリニック,104-0061,中央区,中央区銀座２－８－１８　グランベル銀座５階,03-3538-5825,2026-05-01,,byouin,2026-08-01,https://www.fukushi.metro.tokyo.lg.jp/documents/d/fukushi/20260801_seishin_byouin-xlsx-xlsx
6220602,ゆるりこころのクリニック日本橋人形町,103-0014,中央区,中央区日本橋蛎殻町１－１０－４　宮田ビル４階,070-8343-8595,2026-07-01,,byouin,2026-08-01,https://www.fukushi.metro.tokyo.lg.jp/documents/d/fukushi/20260801_seishin_byouin-xlsx-xlsx
8616104,国立研究開発法人 国立がん研究センター中央病院,104-0045,中央区,中央区築地５－１－１,03-3542-2511,2007-02-01,2025-02-01,byouin,2026-08-01,https://www.fukushi.metro.tokyo.lg.jp/documents/d/fukushi/20260801_seishin_byouin-xlsx-xlsx
310243,東京慈恵会医科大学附属病院,105-8471,港区,港区西新橋３－１９－１８,03-3433-1111,2007-01-01,2025-01-01,byouin,2026-08-01,https://www.fukushi.metro.tokyo.lg.jp/documents/d/fukushi/20260801_seishin_byouin-xlsx-xlsx
314716,独立行政法人地域医療機能推進機構 東京高輪病院,108-8606,港区,港区高輪３－１０－１１,03-3443-9191,2007-12-01,2025-12-01,byouin,2026-08-01,https://www.fukushi.metro.tokyo.lg.jp/documents/d/fukushi/20260801_seishin_byouin-xlsx-xlsx
314732,国家公務員共済組合連合会虎の門病院,105-0001,港区,港区虎ノ門２－２－２,03-3588-1111,2007-04-01,2025-04-01,byouin,2026-08-01,https://www.fukushi.metro.tokyo.lg.jp/documents/d/fukushi/20260801_seishin_byouin-xlsx-xlsx
314757,東京都済生会中央病院,108-0073,港区,港区三田１－４－１７,03-3451-8211,2007-01-01,2025-01-01,byouin,2026-08-01,https://www.fukushi.metro.tokyo.lg.jp/documents/d/fukushi/20260801_seishin_byouin-xlsx-xlsx
330688,高橋医院,106-0047,港区,港区南麻布４－１３－３,03-3442-6342,2007-01-01,2025-01-01,byouin,2026-08-01,https://www.fukushi.metro.tokyo.lg.jp/documents/d/fukushi/20260801_seishin_byouin-xlsx-xlsx
330779,赤坂溜池クリニック,107-0052,港区,港区赤坂１－５－１５－５階,03-5572-7821,2007-02-01,2025-02-01,byouin,2026-08-01,https://www.fukushi.metro.tokyo.lg.jp/documents/d/fukushi/20260801_seishin_byouin-xlsx-xlsx
331215,医療法人和楽会 心療内科神経科赤坂クリニック,107-0052,港区,港区赤坂３－９－１８　ＢＩＣ赤坂ビル６階,03-5575-8198,2006-11-01,2024-11-01,byouin,2026-08-01,https://www.fukushi.metro.tokyo.lg.jp/documents/d/fukushi/20260801_seishin_byouin-xlsx-xlsx
331256,六本木内科・心療内科クリニック,106-0032,港区,港区六本木７－１４－８　６階,03-5770-6585,2007-01-01,2025-01-01,byouin,2026-08-01,https://www.fukushi.metro.tokyo.lg.jp/documents/d/fukushi/20260801_seishin_byouin-xlsx-xlsx
331546,医療法人社団健人会 横倉クリニック,108-0014,港区,港区芝５－１３－１３　サダカタビル３階,03-3456-2705,2007-01-01,2025-01-01,byouin,2026-08-01,https://www.fukushi.metro.tokyo.lg.jp/documents/d/fukushi/20260801_seishin_byouin-xlsx-xlsx
332114,青山杵渕クリニック,107-0062,港区,港区南青山２－９－２　３階,03-5786-1511,2007-01-01,2025-01-01,byouin,2026-08-01,https://www.fukushi.metro.tokyo.lg.jp/documents/d/fukushi/20260801_seishin_byouin-xlsx-xlsx
333310,いわたにクリニック,108-0014,港区,港区芝５－１３－１４　ＴＨＥ　ＧＡＴＥ　ＭＩＴＡ　５階,03-5440-1677,2007-01-01,2025-01-01,byouin,2026-08-01,https://www.fukushi.metro.tokyo.lg.jp/documents/d/fukushi/20260801_seishin_byouin-xlsx-xlsx
333575,北青山診療所,107-0061,港区,港区北青山３－６－１９　三和実業表参道ビル４階,03-3797-0551,2007-01-01,2025-01-01,byouin,2026-08-01,https://www.fukushi.metro.tokyo.lg.jp/documents/d/fukushi/20260801_seishin_byouin-xlsx-xlsx
333765,ひびおクリニック,105-0003,港区,港区西新橋１－５－９　ル・グラシエルＢＬＤＧ．７０　８階,03-3519-7830,2007-01-01,2025-01-01,byouin,2026-08-01,https://www.fukushi.metro.tokyo.lg.jp/documents/d/fukushi/20260801_seishin_byouin-xlsx-xlsx
333930,医療法人社団真貴志会 南青山アンティーク通りクリニック,107-0062,港区,港区南青山５－１４－１－３０２,03-3400-0611,2007-01-01,2025-01-01,byouin,2026-08-01,https://www.fukushi.metro.tokyo.lg.jp/documents/d/fukushi/20260801_seishin_byouin-xlsx-xlsx
334201,南青山おおつかクリニック,107-0062,港区,港区南青山４－９－１７,03-5786-3288,2020-06-01,2026-06-01,byouin,2026-08-01,https://www.fukushi.metro.tokyo.lg.jp/documents/d/fukushi/20260801_seishin_byouin-xlsx-xlsx
334367,浜松町メンタルクリニック,105-0012,港区,港区芝大門１－１４－１０　宮川ビル地下１階,03-6279-7473,2007-04-01,2025-04-01,byouin,2026-08-01,https://www.fukushi.metro.tokyo.lg.jp/documents/d/fukushi/20260801_seishin_byouin-xlsx-xlsx
334649,医療法人社団白慈会白金坂の上診療所,108-0071,港区,港区白金台４－７－８　ストーリア白金２階,03-3447-3232,2008-01-01,2026-01-01,byouin,2026-08-01,https://www.fukushi.metro.tokyo.lg.jp/documents/d/fukushi/20260801_seishin_byouin-xlsx-xlsx
334854,医療法人社団こころの会 田町クリニック,108-0023,港区,港区芝浦３－１－２８,03-5484-3678,2007-01-01,2025-01-01,byouin,2026-08-01,https://www.fukushi.metro.tokyo.lg.jp/documents/d/fukushi/20260801_seishin_byouin-xlsx-xlsx
335463,青山メンタルクリニック,107-0062,港区,港区南青山３－１８－１５　サンコーノビル４階,03-5772-9200,2007-01-01,2025-01-01,byouin,2026-08-01,https://www.fukushi.metro.tokyo.lg.jp/documents/d/fukushi/20260801_seishin_byouin-xlsx-xlsx
336552,医療法人社団スリープクリニック スリープクリニック青山,107-0062,港区,港区南青山４－２－４　シャトー青山第三１０１,03-5786-9700,2010-03-01,2022-03-01,byouin,2026-08-01,https://www.fukushi.metro.tokyo.lg.jp/documents/d/fukushi/20260801_seishin_byouin-xlsx-xlsx
336610,青木医院,107-0062,港区,港区南青山４－９－２２,03-3401-1770,2007-03-01,2025-03-01,byouin,2026-08-01,https://www.fukushi.metro.tokyo.lg.jp/documents/d/fukushi/20260801_seishin_byouin-xlsx-xlsx
336628,芝メンタルクリニック,105-0013,港区,港区浜松町２－１１－１６　ユーワビル２階,03-6459-0806,2010-03-01,2022-03-01,byouin,2026-08-01,https://www.fukushi.metro.tokyo.lg.jp/documents/d/fukushi/20260801_seishin_byouin-xlsx-xlsx
336651,医療法人財団玉川会 エムオーエー新高輪クリニック,108-0074,港区,港区高輪４－９－１６　東京療院新館２階,03-5421-0321,2014-06-01,2026-06-01,byouin,2026-08-01,https://www.fukushi.metro.tokyo.lg.jp/documents/d/fukushi/20260801_seishin_byouin-xlsx-xlsx
336974,新橋スリープ・メンタルクリニック,105-0004,港区,港区新橋３－７－４　赤レンガ通りビル３階,03-6268-8178,2010-07-01,2022-07-01,byouin,2026-08-01,https://www.fukushi.metro.tokyo.lg.jp/documents/d/fukushi/20260801_seishin_byouin-xlsx-xlsx
337154,医療法人社団宗友会 パークサイド広尾レディスクリニック,106-0047,港区,港区南麻布５－１－１１　Ｑｉｚ広尾　３階,03-5798-3470,2007-01-01,2025-01-01,byouin,2026-08-01,https://www.fukushi.metro.tokyo.lg.jp/documents/d/fukushi/20260801_seishin_byouin-xlsx-xlsx
337170,さくら坂クリニック ＳｏｐｈｙＡｎｃｅ（ソフィアンス）,106-0032,港区,港区六本木７－７－１３　アトラスタワー六本木２階,03-6439-1184,2010-12-01,2022-12-01,byouin,2026-08-01,https://www.fukushi.metro.tokyo.lg.jp/documents/d/fukushi/20260801_seishin_byouin-xlsx-xlsx
337493,三好クリニック,107-0061,港区,港区北青山３－１０－９　川島ビル２階,03-5468-6363,2012-03-01,2024-03-01,byouin,2026-08-01,https://www.fukushi.metro.tokyo.lg.jp/documents/d/fukushi/20260801_seishin_byouin-xlsx-xlsx
337535,品川心療内科,108-0075,港区,港区港南２－１４－１０　品川駅前港南ビル１０階,03-6712-9474,2010-06-01,2022-06-01,byouin,2026-08-01,https://www.fukushi.metro.tokyo.lg.jp/documents/d/fukushi/20260801_seishin_byouin-xlsx-xlsx
337618,田町メンタルクリニック,108-0014,港区,港区芝５－３４－６　新田町ビル２階,03-6809-4132,2012-02-01,2024-02-01,byouin,2026-08-01,https://www.fukushi.metro.tokyo.lg.jp/documents/d/fukushi/20260801_seishin_byouin-xlsx-xlsx
337915,新橋１４クリニック,105-0004,港区,港区新橋３－２－２　ラヴィーナ新橋４Ｆ,03-6206-1582,2012-08-01,2024-08-01,byouin,2026-08-01,https://www.fukushi.metro.tokyo.lg.jp/documents/d/fukushi/20260801_seishin_byouin-xlsx-xlsx
338046,そらクリニック外苑前,107-0062,港区,港区南青山２－１４－１４　南青山ＫＦＫビル　４階,03-5772-2442,2012-11-01,2024-11-01,byouin,2026-08-01,https://www.fukushi.metro.tokyo.lg.jp/documents/d/fukushi/20260801_seishin_byouin-xlsx-xlsx
338103,十番クリニック,106-0045,港区,港区麻布十番３－６－１０　キャッスル麻布１０１号,03-3453-0510,2013-08-01,2025-08-01,byouin,2026-08-01,https://www.fukushi.metro.tokyo.lg.jp/documents/d/fukushi/20260801_seishin_byouin-xlsx-xlsx
338194,みゆきクリニック,108-0074,港区,港区高輪４－２１－１６,03-5447-1236,2007-01-01,2025-01-01,byouin,2026-08-01,https://www.fukushi.metro.tokyo.lg.jp/documents/d/fukushi/20260801_seishin_byouin-xlsx-xlsx
338293,医療法人社団有朋会 こどもメンタルクリニック芝,105-0014,港区,港区芝３－１５－１３　ＹＯＤＡビル３階,03-5765-6980,2013-06-01,2025-06-01,byouin,2026-08-01,https://www.fukushi.metro.tokyo.lg.jp/documents/d/fukushi/20260801_seishin_byouin-xlsx-xlsx
338384,医療法人社団雄仁会 メディカルケア虎ノ門,105-0001,港区,港区虎ノ門１－１６－１６　虎ノ門１丁目ＭＧビル４階,03-5510-3898,2007-01-01,2025-01-01,byouin,2026-08-01,https://www.fukushi.metro.tokyo.lg.jp/documents/d/fukushi/20260801_seishin_byouin-xlsx-xlsx
338459,医療法人社団行基会 川村総合診療院,107-0062,港区,港区南青山２－２６－３５　青山ＫＫビル７階　７０１,03-3478-1146,2011-05-01,2023-05-01,byouin,2026-08-01,https://www.fukushi.metro.tokyo.lg.jp/documents/d/fukushi/20260801_seishin_byouin-xlsx-xlsx
338566,吉本メディカルクリニック,107-0062,港区,港区南青山４－９－２９　サタール青山２階,03-4455-7091,2013-11-01,2025-11-01,byouin,2026-08-01,https://www.fukushi.metro.tokyo.lg.jp/documents/d/fukushi/20260801_seishin_byouin-xlsx-xlsx
338590,表参道ソフィアクリニック,107-0061,港区,港区北青山３－１０－２,03-6805-0136,2012-02-01,2024-02-01,byouin,2026-08-01,https://www.fukushi.metro.tokyo.lg.jp/documents/d/fukushi/20260801_seishin_byouin-xlsx-xlsx
338822,白金台メディカルクリニック,108-0071,港区,港区白金台４－７－４　白金台ＳＴビル８階,03-5488-6810,2014-03-01,2026-03-01,byouin,2026-08-01,https://www.fukushi.metro.tokyo.lg.jp/documents/d/fukushi/20260801_seishin_byouin-xlsx-xlsx
338988,医療法人財団南葛勤医協芝診療所,105-0004,港区,港区新橋５－２６－５,03-3432-8705,2007-01-01,2025-01-01,byouin,2026-08-01,https://www.fukushi.metro.tokyo.lg.jp/documents/d/fukushi/20260801_seishin_byouin-xlsx-xlsx
339168,白金メンタルクリニック,108-0072,港区,港区白金１－２８－１８　Ｙビル３階,03-6721-9092,2014-07-01,2026-07-01,byouin,2026-08-01,https://www.fukushi.metro.tokyo.lg.jp/documents/d/fukushi/20260801_seishin_byouin-xlsx-xlsx
339234,新橋ガーデンクリニック,105-0003,港区,港区西新橋１－３－１　西新橋スクエア３階,03-6205-4991,2014-09-01,2020-09-01,byouin,2026-08-01,https://www.fukushi.metro.tokyo.lg.jp/documents/d/fukushi/20260801_seishin_byouin-xlsx-xlsx
339655,社会福祉法人恩賜財団母子愛育会 総合母子保健センター 愛育クリニック,106-8580,港区,港区南麻布５－６－８,03-3473-8310,2015-03-01,2021-03-01,byouin,2026-08-01,https://www.fukushi.metro.tokyo.lg.jp/documents/d/fukushi/20260801_seishin_byouin-xlsx-xlsx
339697,医療法人社団悠翔会 悠翔会在宅クリニック新橋,105-0004,港区,港区新橋５－１４－１０　新橋スクエアビル７階,03-6432-0312,2015-06-01,2021-06-01,byouin,2026-08-01,https://www.fukushi.metro.tokyo.lg.jp/documents/d/fukushi/20260801_seishin_byouin-xlsx-xlsx
339705,赤坂診療所,107-0052,港区,港区赤坂３－１４－８　赤坂相模屋ビル４階,03-6277-8258,2015-04-01,2021-04-01,byouin,2026-08-01,https://www.fukushi.metro.tokyo.lg.jp/documents/d/fukushi/20260801_seishin_byouin-xlsx-xlsx
339812,アマラクリニック表参道,107-0062,港区,港区南青山３－１０－３８　岩田ハウス１０１号室,03-6438-9869,2017-03-01,2023-03-01,byouin,2026-08-01,https://www.fukushi.metro.tokyo.lg.jp/documents/d/fukushi/20260801_seishin_byouin-xlsx-xlsx
370718,医療法人財団順和会山王病院,107-0052,港区,港区赤坂８－１０－１６,03-3402-3151,2007-01-01,2025-01-01,byouin,2026-08-01,https://www.fukushi.metro.tokyo.lg.jp/documents/d/fukushi/20260801_seishin_byouin-xlsx-xlsx
370759,国際医療福祉大学三田病院,108-0073,港区,港区三田１－４－３,03-3451-8121,2007-01-01,2025-01-01,byouin,2026-08-01,https://www.fukushi.metro.tokyo.lg.jp/documents/d/fukushi/20260801_seishin_byouin-xlsx-xlsx
370767,北里大学北里研究所病院,108-8641,港区,港区白金５－９－１,03-3444-6161,2007-02-01,2025-02-01,byouin,2026-08-01,https://www.fukushi.metro.tokyo.lg.jp/documents/d/fukushi/20260801_seishin_byouin-xlsx-xlsx
370783,社会福祉法人 恩賜財団母子愛育会総合母子保健センター愛育病院,105-8321,港区,港区芝浦１－１６－１０,03-3473-8321,2007-02-01,2025-02-01,byouin,2026-08-01,https://www.fukushi.metro.tokyo.lg.jp/documents/d/fukushi/20260801_seishin_byouin-xlsx-xlsx
5820287,医療法人社団ＧＲＡＣＥチームメディカルクリニック,105-0003,港区,港区西新橋１－５－１４　内幸町１ビル１階及び２階,03-6206-1020,2020-02-01,,byouin,2026-08-01,https://www.fukushi.metro.tokyo.lg.jp/documents/d/fukushi/20260801_seishin_byouin-xlsx-xlsx
5820469,医療法人社団ＭｅｄｉＱｕＡｒｔｅｔ日比谷川畑診療室,105-0003,港区,港区西新橋１－３－１　西新橋スクエア３階,03-3502-5711,2023-07-01,,byouin,2026-08-01,https://www.fukushi.metro.tokyo.lg.jp/documents/d/fukushi/20260801_seishin_byouin-xlsx-xlsx
5820618,祐ホームクリニック麻布台,106-0041,港区,港区麻布台３－４－１８　クリーデンス麻布台１０１,050-3823-0159,2022-08-01,,byouin,2026-08-01,https://www.fukushi.metro.tokyo.lg.jp/documents/d/fukushi/20260801_seishin_byouin-xlsx-xlsx
5820725,広尾ストレスクリニック,106-0047,港区,港区南麻布５－１０－２４　第二佐野ビル５０１号室,03-6450-4486,2017-03-01,2023-03-01,byouin,2026-08-01,https://www.fukushi.metro.tokyo.lg.jp/documents/d/fukushi/20260801_seishin_byouin-xlsx-xlsx
5820899,青山・表参道睡眠ストレスクリニック,107-0062,港区,港区南青山５－１－２２　青山ライズスクエア３０５号室,03-6427-6062,2017-06-01,,byouin,2026-08-01,https://www.fukushi.metro.tokyo.lg.jp/documents/d/fukushi/20260801_seishin_byouin-xlsx-xlsx
5821103,六本木メンタルクリニック,106-0032,港区,港区六本木７－１５－１７　ユニ六本木ビル９階,03-3470-1606,2011-01-01,2023-01-01,byouin,2026-08-01,https://www.fukushi.metro.tokyo.lg.jp/documents/d/fukushi/20260801_seishin_byouin-xlsx-xlsx
5821509,汐留シティセンターセントラルクリニック,105-7103,港区,港区東新橋１－５－２　汐留シティセンター３階,03-5568-8700,2007-02-01,2025-02-01,byouin,2026-08-01,https://www.fukushi.metro.tokyo.lg.jp/documents/d/fukushi/20260801_seishin_byouin-xlsx-xlsx
5821558,しろかねたかなわクリニック,108-0072,港区,港区白金１－１３－１１,03-6721-7561,2018-09-01,2024-09-01,byouin,2026-08-01,https://www.fukushi.metro.tokyo.lg.jp/documents/d/fukushi/20260801_seishin_byouin-xlsx-xlsx
5821640,医療法人社団麻心会麻布メンタルクリニック,106-0031,港区,港区西麻布２－１５－１６　１階,03-3400-6640,2011-08-01,2023-08-01,byouin,2026-08-01,https://www.fukushi.metro.tokyo.lg.jp/documents/d/fukushi/20260801_seishin_byouin-xlsx-xlsx
5821657,おりつこどもクリニック,107-0061,港区,港区北青山３－５－４　青山高野ビル５階,03-6721-1188,2013-09-01,2025-09-01,byouin,2026-08-01,https://www.fukushi.metro.tokyo.lg.jp/documents/d/fukushi/20260801_seishin_byouin-xlsx-xlsx
5821699,医療法人社団飛白会 虎の門山下メンタルクリニック,105-0001,港区,港区虎ノ門１－１６－８　虎ノ門石井ビル２階,03-5532-0111,2007-09-01,2025-09-01,byouin,2026-08-01,https://www.fukushi.metro.tokyo.lg.jp/documents/d/fukushi/20260801_seishin_byouin-xlsx-xlsx
5821871,新橋アサイクリニック,105-0004,港区,港区新橋２－１１－８国土施設ビル　３Ｆ,03-5512-4710,2007-01-01,2025-01-01,byouin,2026-08-01,https://www.fukushi.metro.tokyo.lg.jp/documents/d/fukushi/20260801_seishin_byouin-xlsx-xlsx
5821947,医療法人社団さちはな さちはなクリニック,105-0013,港区,港区浜松町１－２９－９　ＦＡ小林ビル２階,03-6452-9300,2015-06-01,2021-06-01,byouin,2026-08-01,https://www.fukushi.metro.tokyo.lg.jp/documents/d/fukushi/20260801_seishin_byouin-xlsx-xlsx
5822051,齊藤學診療所,106-0045,港区,港区麻布十番２－１４－６　イイダビル１階,03-5476-6049,2019-06-01,2025-06-01,byouin,2026-08-01,https://www.fukushi.metro.tokyo.lg.jp/documents/d/fukushi/20260801_seishin_byouin-xlsx-xlsx
5822101,こころの健康クリニック芝大門,105-0012,港区,港区芝大門２－１－１３　芝大友ビル６階,03-6435-8046,2011-11-01,2023-11-01,byouin,2026-08-01,https://www.fukushi.metro.tokyo.lg.jp/documents/d/fukushi/20260801_seishin_byouin-xlsx-xlsx
5822218,六本木クリニック,106-0032,港区,港区六本木５－１－４　六和ビル５階,03-5413-4822,2021-06-01,,byouin,2026-08-01,https://www.fukushi.metro.tokyo.lg.jp/documents/d/fukushi/20260801_seishin_byouin-xlsx-xlsx
5822242,医療法人社団 愛州会 しんばし内科・脳神経クリニック,105-0004,港区,港区新橋１－１７－２　ダイワロイネットホテル新橋地下１階,03-3507-6066,2020-04-01,2026-04-01,byouin,2026-08-01,https://www.fukushi.metro.tokyo.lg.jp/documents/d/fukushi/20260801_seishin_byouin-xlsx-xlsx
5822267,高櫻内科・脳神経クリニック,108-0023,港区,港区芝浦３－１１－５　第三協栄ビル１階,03-6722-6322,2019-11-01,2025-11-01,byouin,2026-08-01,https://www.fukushi.metro.tokyo.lg.jp/documents/d/fukushi/20260801_seishin_byouin-xlsx-xlsx
5822309,品川心療内科ゆうメンタルクリニック品川院,108-0075,港区,港区港南２－３－１　５階,03-5460-8877,2019-12-01,2025-12-01,byouin,2026-08-01,https://www.fukushi.metro.tokyo.lg.jp/documents/d/fukushi/20260801_seishin_byouin-xlsx-xlsx
5822333,森野クリニック,105-0004,港区,港区新橋１－１８－１９キムラヤ大塚ビル７Ｆ,03-3591-2200,2020-01-01,2026-01-01,byouin,2026-08-01,https://www.fukushi.metro.tokyo.lg.jp/documents/d/fukushi/20260801_seishin_byouin-xlsx-xlsx
5822374,医療法人社団エムズクリニックフォア田町,108-0023,港区,港区芝浦３－１－３２　なぎさテラス４階,03-4579-8189,2024-05-01,,byouin,2026-08-01,https://www.fukushi.metro.tokyo.lg.jp/documents/d/fukushi/20260801_seishin_byouin-xlsx-xlsx
5822390,赤坂こころのクリニック「ケイローン」,107-0052,港区,港区赤坂３－１５－４　赤坂バリ島ビル５階,03-5575-5575,2014-10-01,2020-10-01,byouin,2026-08-01,https://www.fukushi.metro.tokyo.lg.jp/documents/d/fukushi/20260801_seishin_byouin-xlsx-xlsx
5822580,芝公園クリニック,105-0014,港区,港区芝３－１５－５　３階,03-3455-5525,2009-01-01,2021-01-01,byouin,2026-08-01,https://www.fukushi.metro.tokyo.lg.jp/documents/d/fukushi/20260801_seishin_byouin-xlsx-xlsx
5822655,品川駅前メンタルクリニック,108-0075,港区,港区港南２－６－７　大善ビル３階,03-5796-0556,2007-01-01,2025-01-01,byouin,2026-08-01,https://www.fukushi.metro.tokyo.lg.jp/documents/d/fukushi/20260801_seishin_byouin-xlsx-xlsx
5822747,医療法人社団宙麦会ひだクリニックお台場,135-0091,港区,港区台場１－５－４－２０２,03-6457-1511,2020-09-01,,byouin,2026-08-01,https://www.fukushi.metro.tokyo.lg.jp/documents/d/fukushi/20260801_seishin_byouin-xlsx-xlsx
5822887,品川メンタルクリニック品川本院,108-0075,港区,港区港南２－６－３　シントミビル３階５階６階,03-6279-0230,2023-12-01,,byouin,2026-08-01,https://www.fukushi.metro.tokyo.lg.jp/documents/d/fukushi/20260801_seishin_byouin-xlsx-xlsx
5823273,青山明石クリニック,107-0062,港区,港区南青山３－１４－２４　ピロティ青山１０４号室,03-6447-4525,2022-04-01,,byouin,2026-08-01,https://www.fukushi.metro.tokyo.lg.jp/documents/d/fukushi/20260801_seishin_byouin-xlsx-xlsx
5823315,品川こころのクリニック,108-0074,港区,港区高輪３－２４－１８　高輪エンパイヤビル２階,03-5422-8253,2018-06-01,2024-06-01,byouin,2026-08-01,https://www.fukushi.metro.tokyo.lg.jp/documents/d/fukushi/20260801_seishin_byouin-xlsx-xlsx
5823513,医療法人社団貞栄会 三田在宅診療クリニック,108-0073,港区,港区三田１－２－１８　ＴＴＤ　ＰＬＡＺＡ　７階　Ａ１号,03-6722-6780,2020-05-01,2026-05-01,byouin,2026-08-01,https://www.fukushi.metro.tokyo.lg.jp/documents/d/fukushi/20260801_seishin_byouin-xlsx-xlsx
5823836,麻布ホームクリニック,106-0031,港区,港区西麻布４－１－４　３Ｆ,03-6419-9170,2022-08-01,,byouin,2026-08-01,https://www.fukushi.metro.tokyo.lg.jp/documents/d/fukushi/20260801_seishin_byouin-xlsx-xlsx
5823885,患者目線のクリニック虎ノ門 内科・皮膚科,105-0001,港区,港区虎ノ門１－１６－１７,03-6268-8797,2022-09-01,,byouin,2026-08-01,https://www.fukushi.metro.tokyo.lg.jp/documents/d/fukushi/20260801_seishin_byouin-xlsx-xlsx
5823893,医療法人社団こころみ 田町三田こころみクリニック・心療内科・精神科,108-0023,港区,港区芝浦３－１３－１　矢島ビル５０１号,03-6435-1553,2022-05-01,,byouin,2026-08-01,https://www.fukushi.metro.tokyo.lg.jp/documents/d/fukushi/20260801_seishin_byouin-xlsx-xlsx
5823976,Ｍａｓｔ Ｂｅａｕｔｙクリニック麻布十番,106-0045,港区,港区麻布十番１－６－５　ラミュウーズビル５階,03-3455-7007,2017-06-01,,byouin,2026-08-01,https://www.fukushi.metro.tokyo.lg.jp/documents/d/fukushi/20260801_seishin_byouin-xlsx-xlsx
5824040,たけ内科新橋院,105-0004,港区,港区新橋２－１５－８　新橋Ｗ・Ｂビル４階,03-6206-7887,2023-08-01,,byouin,2026-08-01,https://www.fukushi.metro.tokyo.lg.jp/documents/d/fukushi/20260801_seishin_byouin-xlsx-xlsx
5824198,東京タワーヴュークリニック麻布十番,106-0045,港区,港区麻布十番２－１４－６　イイダビル１階,03-6809-3207,2022-11-01,,byouin,2026-08-01,https://www.fukushi.metro.tokyo.lg.jp/documents/d/fukushi/20260801_seishin_byouin-xlsx-xlsx
5824297,医療法人ここから 虎ノ門こころのクリニック,105-0001,港区,港区虎ノ門１－１２－１１　虎ノ門ファーストビル８階,,2022-09-01,,byouin,2026-08-01,https://www.fukushi.metro.tokyo.lg.jp/documents/d/fukushi/20260801_seishin_byouin-xlsx-xlsx
5824321,サンライズ青山メディカルデンタルクリニック,107-0062,港区,港区南青山２－１４－２１－１階,03-3403-1995,2007-01-01,2025-01-01,byouin,2026-08-01,https://www.fukushi.metro.tokyo.lg.jp/documents/d/fukushi/20260801_seishin_byouin-xlsx-xlsx
5824552,患者目線クリニック銀座新橋店,105-0004,港区,港区新橋１－９－５　ＫＤＸ新橋駅前ビル８階,03-6264-6303,2023-03-01,,byouin,2026-08-01,https://www.fukushi.metro.tokyo.lg.jp/documents/d/fukushi/20260801_seishin_byouin-xlsx-xlsx
5824560,かもみーる心のクリニック,105-0001,港区,港区虎ノ門３－１７－７　虎ノ門平井ビル２階,03-4400-6807,2022-01-01,,byouin,2026-08-01,https://www.fukushi.metro.tokyo.lg.jp/documents/d/fukushi/20260801_seishin_byouin-xlsx-xlsx
5824586,一般社団法人虎ノ門中村クリニック神谷町院,105-0001,港区,港区虎ノ門３－１０－４　虎ノ門ガーデン１０３,03-6823-1409,2024-12-01,,byouin,2026-08-01,https://www.fukushi.metro.tokyo.lg.jp/documents/d/fukushi/20260801_seishin_byouin-xlsx-xlsx
5824594,メンタルドクタークリニック,105-0004,港区,港区新橋２－１５－８　新橋ＷＢビル８階,03-6205-4448,2025-03-01,,byouin,2026-08-01,https://www.fukushi.metro.tokyo.lg.jp/documents/d/fukushi/20260801_seishin_byouin-xlsx-xlsx
5824602,グランパーク田町クリニック,108-0023,港区,港区芝浦３－４－１　地下１階１－Ｂ,03-3455-2525,2023-05-01,,byouin,2026-08-01,https://www.fukushi.metro.tokyo.lg.jp/documents/d/fukushi/20260801_seishin_byouin-xlsx-xlsx
5824834,医療法人社団嗣業の会こどもとおとなのクリニック パウルーム,107-0061,港区,港区北青山２－１３－４　青山ＭＹビル６階,03-6804-1892,2023-06-01,,byouin,2026-08-01,https://www.fukushi.metro.tokyo.lg.jp/documents/d/fukushi/20260801_seishin_byouin-xlsx-xlsx
5824891,一般社団法人南風会南の風ＭＣ,107-0062,港区,港区南青山２－１２－１５　南青山２丁目ビル９階,03-6804-2110,2008-12-01,2020-12-01,byouin,2026-08-01,https://www.fukushi.metro.tokyo.lg.jp/documents/d/fukushi/20260801_seishin_byouin-xlsx-xlsx
5824925,キッズハートクリニック外苑前,107-0062,港区,港区南青山２－１１－１３　青山サクセスビル５階,03-3423-7701,2023-06-01,,byouin,2026-08-01,https://www.fukushi.metro.tokyo.lg.jp/documents/d/fukushi/20260801_seishin_byouin-xlsx-xlsx
5824958,医療法人社団あらたミル訪問クリニック目黒,108-0071,港区,港区白金台５－２２－１１　ソフトタウン白金８０１号室,03-6823-9362,2021-11-01,,byouin,2026-08-01,https://www.fukushi.metro.tokyo.lg.jp/documents/d/fukushi/20260801_seishin_byouin-xlsx-xlsx
5825393,医療法人社団なかよし会麻布台クリニック,106-0041,港区,港区麻布台１－３－１　麻布台ヒルズ森ＪＰタワー４階,03-5544-9390,2024-06-01,,byouin,2026-08-01,https://www.fukushi.metro.tokyo.lg.jp/documents/d/fukushi/20260801_seishin_byouin-xlsx-xlsx
5825633,エニキュアメンタルクリニック,106-0031,港区,港区西麻布３－２２－７　西麻布ＫＹ１０１,03-6680-7321,2024-10-01,,byouin,2026-08-01,https://www.fukushi.metro.tokyo.lg.jp/documents/d/fukushi/20260801_seishin_byouin-xlsx-xlsx
5825716,あおきクリニック,105-0012,港区,港区芝大門２－９－４　ＶＯＲＴ芝大門Ⅲ５階,03-6432-4340,2022-04-01,,byouin,2026-08-01,https://www.fukushi.metro.tokyo.lg.jp/documents/d/fukushi/20260801_seishin_byouin-xlsx-xlsx
5825732,田町駅前こころの診療所,108-0014,港区,港区芝５－３１－５　ＭＥＦＵＬＬ田町７階,03-5443-0556,2024-04-01,,byouin,2026-08-01,https://www.fukushi.metro.tokyo.lg.jp/documents/d/fukushi/20260801_seishin_byouin-xlsx-xlsx
5825757,麻布十番こころメンタルクリニック,106-0045,港区,港区麻布十番２－２－７　野口ビル２階,03-6665-8901,2024-06-01,,byouin,2026-08-01,https://www.fukushi.metro.tokyo.lg.jp/documents/d/fukushi/20260801_seishin_byouin-xlsx-xlsx
5825831,ラベンダーメンタルクリニック浜松町,105-0013,港区,港区浜松町２－３－１　日本生命浜松町クレアタワー４階,03-5843-8972,2024-05-01,,byouin,2026-08-01,https://www.fukushi.metro.tokyo.lg.jp/documents/d/fukushi/20260801_seishin_byouin-xlsx-xlsx
5825997,ＩＳＴこころみクリニック大門浜松町心療内科・精神科,105-0012,港区,港区芝大門２－１－１３　芝大門大友ビル６階,03-5843-8312,2024-07-01,,byouin,2026-08-01,https://www.fukushi.metro.tokyo.lg.jp/documents/d/fukushi/20260801_seishin_byouin-xlsx-xlsx
5826169,たくま内科・神経内科クリニック,106-0045,港区,港区麻布十番１－７－１　ＭＧＢ麻布十番ビル４階,03-6434-7478,2015-06-01,2021-06-01,byouin,2026-08-01,https://www.fukushi.metro.tokyo.lg.jp/documents/d/fukushi/20260801_seishin_byouin-xlsx-xlsx
5826185,医療法人社団ＭＩＭ三田ハウスクリニック,108-0073,港区,港区三田５－２－１８　三田ハウス１０９,03-5443-3864,2024-10-01,,byouin,2026-08-01,https://www.fukushi.metro.tokyo.lg.jp/documents/d/fukushi/20260801_seishin_byouin-xlsx-xlsx
5826193,赤坂溜池脳神経外科クリニック,107-0052,港区,港区赤坂１－１１－３０　赤坂１丁目センタービル１階,03-5572-1555,2025-10-01,,byouin,2026-08-01,https://www.fukushi.metro.tokyo.lg.jp/documents/d/fukushi/20260801_seishin_byouin-xlsx-xlsx
5826300,医療法人社団和啓会アンジェロ三田クリニック,108-0014,港区,港区芝５－２７－５　山田ビル２階,03-6722-6208,2022-06-01,,byouin,2026-08-01,https://www.fukushi.metro.tokyo.lg.jp/documents/d/fukushi/20260801_seishin_byouin-xlsx-xlsx
5826375,新橋メンタルクリニック,105-0004,港区,港区新橋１－１８－１４　新橋ＭＭビル５階,03-3507-5560,2023-06-01,,byouin,2026-08-01,https://www.fukushi.metro.tokyo.lg.jp/documents/d/fukushi/20260801_seishin_byouin-xlsx-xlsx
5826417,医療法人社団美加未会芝浦ホームクリニック,108-0023,港区,港区芝浦３－１１－７　根本ビル４階,03-5419-7746,2019-08-01,2025-08-01,byouin,2026-08-01,https://www.fukushi.metro.tokyo.lg.jp/documents/d/fukushi/20260801_seishin_byouin-xlsx-xlsx
5826425,Ｅｖｅｒｇｒｅｅｎ ｍｅｄｉｃａｌ ｃｌｉｎｉｃ,106-0032,港区,港区六本木７－１２－１５　ＶＯＲＴ六本木Ⅱ２階,03-6459-2757,2025-09-01,,byouin,2026-08-01,https://www.fukushi.metro.tokyo.lg.jp/documents/d/fukushi/20260801_seishin_byouin-xlsx-xlsx
5826466,東京汐留クリニック,105-0021,港区,港区東新橋１－９－１　東京汐留ビルディング地下２階,03-6274-6460,2025-05-01,,byouin,2026-08-01,https://www.fukushi.metro.tokyo.lg.jp/documents/d/fukushi/20260801_seishin_byouin-xlsx-xlsx
5826508,ＦａｍｉｌｙＴｏｔａｌＨｅａｌｔｈｃａｒｅＣｌｉｎｉｃＡＺＡＢＵ,106-0045,港区,港区麻布十番２－１４－１１　ルート麻布ビル５階及び６階,03-6435-1233,2025-08-01,,byouin,2026-08-01,https://www.fukushi.metro.tokyo.lg.jp/documents/d/fukushi/20260801_seishin_byouin-xlsx-xlsx
5826573,すげのクリニック,108-0073,港区,港区三田５－１１－１０　サンヒルズビル７階,03-5444-2080,2023-04-01,,byouin,2026-08-01,https://www.fukushi.metro.tokyo.lg.jp/documents/d/fukushi/20260801_seishin_byouin-xlsx-xlsx
5826656,神谷町ヒルサイドクリニック,105-0001,港区,港区虎ノ門３－１０－４　虎ノ門ガーデン１０１,03-5776-7701,2007-01-01,2025-01-01,byouin,2026-08-01,https://www.fukushi.metro.tokyo.lg.jp/documents/d/fukushi/20260801_seishin_byouin-xlsx-xlsx
5826722,麻布十番クリニック,106-0045,港区,港区麻布十番２－３－８　ＯＴＭビル４階,03-6809-4515,2025-09-01,,byouin,2026-08-01,https://www.fukushi.metro.tokyo.lg.jp/documents/d/fukushi/20260801_seishin_byouin-xlsx-xlsx
5826821,Ｒメディカルクリニック,105-0001,港区,港区虎ノ門１－１－１１　マスダビル３階,03-6206-7301,2026-03-01,,byouin,2026-08-01,https://www.fukushi.metro.tokyo.lg.jp/documents/d/fukushi/20260801_seishin_byouin-xlsx-xlsx
5827035,港区大門ハートライフクリニック,105-0013,港区,港区浜松町１－２７－９　トラスト浜松町ビル５階,03-3434-5560,2026-01-01,,byouin,2026-08-01,https://www.fukushi.metro.tokyo.lg.jp/documents/d/fukushi/20260801_seishin_byouin-xlsx-xlsx
5827076,Ｂａｓｅクリニック赤坂,107-0052,港区,港区赤坂７－９－４　ＡＫＡＳＡＫＡｖｅｔｏｒｏ８階,03-6459-1401,2024-10-01,,byouin,2026-08-01,https://www.fukushi.metro.tokyo.lg.jp/documents/d/fukushi/20260801_seishin_byouin-xlsx-xlsx
5827373,ともクリニック浜松町,105-0013,港区,港区浜松町２－２－５　浜松町営和ビル５階,03-5425-2233,2011-03-01,2023-03-01,byouin,2026-08-01,https://www.fukushi.metro.tokyo.lg.jp/documents/d/fukushi/20260801_seishin_byouin-xlsx-xlsx
5827548,赤坂心療内科クリニック,107-0052,港区,港区赤坂２－５－７　渡辺商事赤坂ビル７階,03-5544-8485,2023-01-01,,byouin,2026-08-01,https://www.fukushi.metro.tokyo.lg.jp/documents/d/fukushi/20260801_seishin_byouin-xlsx-xlsx
411256,公益財団法人神経研究所附属晴和病院,162-0851,新宿区,新宿区弁天町９１,03-3944-2255,2007-01-01,2025-01-01,byouin,2026-08-01,https://www.fukushi.metro.tokyo.lg.jp/documents/d/fukushi/20260801_seishin_byouin-xlsx-xlsx
411264,社会福祉法人聖母会 聖母病院,161-0032,新宿区,新宿区中落合２－５－１,03-3951-1111,2007-01-01,2025-01-01,byouin,2026-08-01,https://www.fukushi.metro.tokyo.lg.jp/documents/d/fukushi/20260801_seishin_byouin-xlsx-xlsx
415018,東京医科大学病院,160-0023,新宿区,新宿区西新宿６－７－１,03-3342-6111,2007-01-01,2025-01-01,byouin,2026-08-01,https://www.fukushi.metro.tokyo.lg.jp/documents/d/fukushi/20260801_seishin_byouin-xlsx-xlsx
415042,東京女子医科大学病院,162-8666,新宿区,新宿区河田町８－１,03-3353-8111,2007-01-01,2025-01-01,byouin,2026-08-01,https://www.fukushi.metro.tokyo.lg.jp/documents/d/fukushi/20260801_seishin_byouin-xlsx-xlsx
415059,独立行政法人地域医療機能推進機構 東京新宿メディカルセンター,162-0821,新宿区,新宿区津久戸町５－１,03-3269-8111,2007-01-01,2025-01-01,byouin,2026-08-01,https://www.fukushi.metro.tokyo.lg.jp/documents/d/fukushi/20260801_seishin_byouin-xlsx-xlsx
415067,慶應義塾大学病院,160-0016,新宿区,新宿区信濃町３５,03-3353-1211,2007-02-01,2025-02-01,byouin,2026-08-01,https://www.fukushi.metro.tokyo.lg.jp/documents/d/fukushi/20260801_seishin_byouin-xlsx-xlsx
425991,総務省第二庁舎診療所,162-8668,新宿区,新宿区若松町１９－１,03-5273-1119,2012-07-01,2024-07-01,byouin,2026-08-01,https://www.fukushi.metro.tokyo.lg.jp/documents/d/fukushi/20260801_seishin_byouin-xlsx-xlsx
429969,河田町クリニック,162-0065,新宿区,新宿区住吉町８－２７　塩谷ビル３階,03-3357-6207,2007-01-01,2025-01-01,byouin,2026-08-01,https://www.fukushi.metro.tokyo.lg.jp/documents/d/fukushi/20260801_seishin_byouin-xlsx-xlsx
430751,さちクリニック,169-0075,新宿区,新宿区高田馬場２－１４－９　明芳ビル５０１号,03-3208-5848,2007-01-01,2025-01-01,byouin,2026-08-01,https://www.fukushi.metro.tokyo.lg.jp/documents/d/fukushi/20260801_seishin_byouin-xlsx-xlsx
431544,早稲田大学保健センター,162-0041,新宿区,新宿区早稲田鶴巻町５３８－２１,03-3202-0580,2007-02-01,2025-02-01,byouin,2026-08-01,https://www.fukushi.metro.tokyo.lg.jp/documents/d/fukushi/20260801_seishin_byouin-xlsx-xlsx
432187,たまきクリニック,160-0023,新宿区,新宿区西新宿１－１２－１２　河西ビル２階,03-3348-5888,2007-01-01,2025-01-01,byouin,2026-08-01,https://www.fukushi.metro.tokyo.lg.jp/documents/d/fukushi/20260801_seishin_byouin-xlsx-xlsx
433128,医療法人社団エムアイプラン一九九六 西新宿メンタルクリニック,160-0023,新宿区,新宿区西新宿１－５－１２　ニューセントラルビル３階,03-3344-2137,2007-01-01,2025-01-01,byouin,2026-08-01,https://www.fukushi.metro.tokyo.lg.jp/documents/d/fukushi/20260801_seishin_byouin-xlsx-xlsx
433755,吉村クリニック,162-0065,新宿区,新宿区住吉町４－６－５０１,03-3226-4255,2007-01-01,2025-01-01,byouin,2026-08-01,https://www.fukushi.metro.tokyo.lg.jp/documents/d/fukushi/20260801_seishin_byouin-xlsx-xlsx
434233,外堀クリニック,162-0822,新宿区,新宿区下宮比町３－１　津多屋ビル４階,03-5227-1621,2007-01-01,2025-01-01,byouin,2026-08-01,https://www.fukushi.metro.tokyo.lg.jp/documents/d/fukushi/20260801_seishin_byouin-xlsx-xlsx
435354,医療法人社団コスモス会 紫藤クリニック,169-0075,新宿区,新宿区高田馬場１－２９－２１みかどビル２階,03-3232-1622,2007-01-01,2025-01-01,byouin,2026-08-01,https://www.fukushi.metro.tokyo.lg.jp/documents/d/fukushi/20260801_seishin_byouin-xlsx-xlsx
435966,医療法人社団嶺雪会 須田外科クリニック,169-0075,新宿区,新宿区高田馬場４－２２－７,03-3362-5753,2012-07-01,2024-07-01,byouin,2026-08-01,https://www.fukushi.metro.tokyo.lg.jp/documents/d/fukushi/20260801_seishin_byouin-xlsx-xlsx
436675,アルバ・メンタルクリニック,160-0022,新宿区,新宿区新宿３－３２－５　日原ビル７階,03-5360-7119,2007-01-01,2025-01-01,byouin,2026-08-01,https://www.fukushi.metro.tokyo.lg.jp/documents/d/fukushi/20260801_seishin_byouin-xlsx-xlsx
436972,信濃町きぼうクリニック,160-0012,新宿区,新宿区南元町１９　シナノビル南口館３０４,03-3350-5680,2007-01-01,2025-01-01,byouin,2026-08-01,https://www.fukushi.metro.tokyo.lg.jp/documents/d/fukushi/20260801_seishin_byouin-xlsx-xlsx
437186,四谷ゆいクリニック,162-0845,新宿区,新宿区市谷本村町２－２３,03-5225-1291,2007-01-01,2025-01-01,byouin,2026-08-01,https://www.fukushi.metro.tokyo.lg.jp/documents/d/fukushi/20260801_seishin_byouin-xlsx-xlsx
437210,早稲田通り心のクリニック,169-0051,新宿区,新宿区西早稲田３－２８－１　ＲＩＣＯＳビル３階,03-5292-2855,2006-05-01,2024-05-01,byouin,2026-08-01,https://www.fukushi.metro.tokyo.lg.jp/documents/d/fukushi/20260801_seishin_byouin-xlsx-xlsx
437467,寺尾クリニカ,169-0073,新宿区,新宿区百人町３－２８－５　グランドヒルズＡ,03-5338-9955,2008-09-01,2020-09-01,byouin,2026-08-01,https://www.fukushi.metro.tokyo.lg.jp/documents/d/fukushi/20260801_seishin_byouin-xlsx-xlsx
437509,新宿メンタルヘルスクリニック,160-0023,新宿区,新宿区西新宿７－１１－１５　サンフル西新宿３階,03-5338-8161,2006-12-01,2024-12-01,byouin,2026-08-01,https://www.fukushi.metro.tokyo.lg.jp/documents/d/fukushi/20260801_seishin_byouin-xlsx-xlsx
437921,医療法人社団博由会 四谷内科,160-0017,新宿区,新宿区左門町２０　四谷メディカルビル２階,03-3341-4871,2020-12-01,,byouin,2026-08-01,https://www.fukushi.metro.tokyo.lg.jp/documents/d/fukushi/20260801_seishin_byouin-xlsx-xlsx
438028,医療法人社団幸清会四谷クリニック,160-0004,新宿区,新宿区四谷１－２－３０　第二四谷中村ビル３Ｆ,03-3226-9028,2020-06-01,2026-06-01,byouin,2026-08-01,https://www.fukushi.metro.tokyo.lg.jp/documents/d/fukushi/20260801_seishin_byouin-xlsx-xlsx
438036,しらかば診療所,162-0065,新宿区,新宿区住吉町８－２８　Ｂ－ＳＴＥＰビル２階,03-5919-3127,2007-10-01,2025-10-01,byouin,2026-08-01,https://www.fukushi.metro.tokyo.lg.jp/documents/d/fukushi/20260801_seishin_byouin-xlsx-xlsx
438408,医療法人社団心静会 南海クリニック,162-0822,新宿区,新宿区下宮比町２－１　第一勧銀稲垣ビル別館３階,03-5879-7192,2007-06-01,2025-06-01,byouin,2026-08-01,https://www.fukushi.metro.tokyo.lg.jp/documents/d/fukushi/20260801_seishin_byouin-xlsx-xlsx
438630,よつや三栄通りメンタルクリニック,160-0008,新宿区,新宿区四谷三栄町４－１３　第３米世ビル２階,03-5369-8222,2009-08-01,2021-08-01,byouin,2026-08-01,https://www.fukushi.metro.tokyo.lg.jp/documents/d/fukushi/20260801_seishin_byouin-xlsx-xlsx
438879,四谷いわさきクリニック,160-0004,新宿区,新宿区四谷１－２－５　ヒグチ四谷ビル３階,03-5366-9222,2010-05-01,2022-05-01,byouin,2026-08-01,https://www.fukushi.metro.tokyo.lg.jp/documents/d/fukushi/20260801_seishin_byouin-xlsx-xlsx
438895,たはらクリニック,160-0023,新宿区,新宿区西新宿１－１９－１１　西新宿甲州ビル６階,03-5909-7733,2010-04-01,2022-04-01,byouin,2026-08-01,https://www.fukushi.metro.tokyo.lg.jp/documents/d/fukushi/20260801_seishin_byouin-xlsx-xlsx
439281,西條クリニック,160-0022,新宿区,新宿区新宿１－３－１２　壱丁目参番館１１階,03-3353-1650,2011-04-01,2023-04-01,byouin,2026-08-01,https://www.fukushi.metro.tokyo.lg.jp/documents/d/fukushi/20260801_seishin_byouin-xlsx-xlsx
439356,戸山メンタルクリニック,169-0072,新宿区,新宿区大久保２－５－２２　セキサクビル６階Ａ,03-3232-9288,2007-01-01,2025-01-01,byouin,2026-08-01,https://www.fukushi.metro.tokyo.lg.jp/documents/d/fukushi/20260801_seishin_byouin-xlsx-xlsx
439638,医療法人社団 カームガーデン 北新宿ガーデンクリニック,169-0074,新宿区,新宿区北新宿２－２１－１　新宿フロントタワー３階,03-5348-8914,2011-12-01,2023-12-01,byouin,2026-08-01,https://www.fukushi.metro.tokyo.lg.jp/documents/d/fukushi/20260801_seishin_byouin-xlsx-xlsx
439687,伊藤医院,162-0067,新宿区,新宿区富久町２８－５,03-3341-6035,2007-01-01,2025-01-01,byouin,2026-08-01,https://www.fukushi.metro.tokyo.lg.jp/documents/d/fukushi/20260801_seishin_byouin-xlsx-xlsx
439836,高田馬場診療所,169-0075,新宿区,新宿区高田馬場１－１７－１８　新澤ビル２階,03-3200-9662,2006-10-01,2024-10-01,byouin,2026-08-01,https://www.fukushi.metro.tokyo.lg.jp/documents/d/fukushi/20260801_seishin_byouin-xlsx-xlsx
439927,医療法人社団慶潤会 ＫＤＤＩビルクリニック,163-8003,新宿区,新宿区西新宿２－３－２　ＫＤＤＩビル１階,03-6386-0123,2014-10-01,2020-10-01,byouin,2026-08-01,https://www.fukushi.metro.tokyo.lg.jp/documents/d/fukushi/20260801_seishin_byouin-xlsx-xlsx
470070,東京山手メディカルセンター,169-0073,新宿区,新宿区百人町３－２２－１,03-3364-0251,2007-02-01,2025-02-01,byouin,2026-08-01,https://www.fukushi.metro.tokyo.lg.jp/documents/d/fukushi/20260801_seishin_byouin-xlsx-xlsx
470963,医療法人社団広恵会 春山記念病院,169-0073,新宿区,新宿区百人町１－２４－５,03-3363-1661,2008-01-01,2026-01-01,byouin,2026-08-01,https://www.fukushi.metro.tokyo.lg.jp/documents/d/fukushi/20260801_seishin_byouin-xlsx-xlsx
5720198,医療法人社団翠会 慈友クリニック,169-0075,新宿区,新宿区高田馬場４－３－１１,03-3360-0031,2007-01-01,2025-01-01,byouin,2026-08-01,https://www.fukushi.metro.tokyo.lg.jp/documents/d/fukushi/20260801_seishin_byouin-xlsx-xlsx
5720495,アパリクリニック,162-0055,新宿区,新宿区余丁町１４－４,03-5369-2591,2013-12-01,2025-12-01,byouin,2026-08-01,https://www.fukushi.metro.tokyo.lg.jp/documents/d/fukushi/20260801_seishin_byouin-xlsx-xlsx
5720503,田中クリニック,169-0075,新宿区,新宿区高田馬場１－３４－２　縄田ビル２階,03-5155-3666,2013-12-01,2025-12-01,byouin,2026-08-01,https://www.fukushi.metro.tokyo.lg.jp/documents/d/fukushi/20260801_seishin_byouin-xlsx-xlsx
5720578,若松町こころとひふのクリニック,162-0056,新宿区,新宿区若松町９－４　ＭＨビル１階・Ｂ１階,03-3356-3796,2017-02-01,2023-02-01,byouin,2026-08-01,https://www.fukushi.metro.tokyo.lg.jp/documents/d/fukushi/20260801_seishin_byouin-xlsx-xlsx
5720651,医療法人社団北の丸会 歌舞伎町メンタルクリニック,160-0021,新宿区,新宿区歌舞伎町２－３９－７　ＯＫビル３階,03-5155-4155,2014-05-01,2026-05-01,byouin,2026-08-01,https://www.fukushi.metro.tokyo.lg.jp/documents/d/fukushi/20260801_seishin_byouin-xlsx-xlsx
5720701,深水メンタルクリニック,160-0022,新宿区,新宿区新宿３－９－７　Ｔ＆ＴⅡビルディング４階,03-3341-3738,2007-01-01,2025-01-01,byouin,2026-08-01,https://www.fukushi.metro.tokyo.lg.jp/documents/d/fukushi/20260801_seishin_byouin-xlsx-xlsx
5720818,四谷こころのクリニック,160-0004,新宿区,新宿区四谷１－８－１４　四谷一丁目ビル１００２号室,03-6457-4790,2014-09-01,2020-09-01,byouin,2026-08-01,https://www.fukushi.metro.tokyo.lg.jp/documents/d/fukushi/20260801_seishin_byouin-xlsx-xlsx
5720826,医療法人社団宏彩会 西新宿コンシェリアクリニック,160-0023,新宿区,新宿区西新宿６－２０－７　コンシェリア西新宿ＴＯＷＥＲ‘Ｓ　ＷＥＳＴ,03-5323-8112,2008-08-01,2020-08-01,byouin,2026-08-01,https://www.fukushi.metro.tokyo.lg.jp/documents/d/fukushi/20260801_seishin_byouin-xlsx-xlsx
5720834,水町保険診療所,163-0703,新宿区,新宿区西新宿２－７－１　新宿第一生命ビルディング３階,03-5909-3350,2013-12-01,2025-12-01,byouin,2026-08-01,https://www.fukushi.metro.tokyo.lg.jp/documents/d/fukushi/20260801_seishin_byouin-xlsx-xlsx
5721055,神楽坂こころのクリニック,162-0825,新宿区,新宿区神楽坂６－４８　ＴＯＭＯＳビル５階,03-6280-8407,2015-02-01,2021-02-01,byouin,2026-08-01,https://www.fukushi.metro.tokyo.lg.jp/documents/d/fukushi/20260801_seishin_byouin-xlsx-xlsx
5721352,医療法人社団美帆会 神楽坂ストレスクリニック,162-0825,新宿区,新宿区神楽坂３－２　神楽坂Ｋビル６階,03-6280-8107,2009-08-01,2021-08-01,byouin,2026-08-01,https://www.fukushi.metro.tokyo.lg.jp/documents/d/fukushi/20260801_seishin_byouin-xlsx-xlsx
5721501,まこと小児神経クリニック,160-0023,新宿区,新宿区西新宿４－７－１　ＳＩＴ西新宿ビル１階,03-6300-9528,2016-04-01,2022-04-01,byouin,2026-08-01,https://www.fukushi.metro.tokyo.lg.jp/documents/d/fukushi/20260801_seishin_byouin-xlsx-xlsx
5721618,医療法人社団笠原メンタルクリニック,169-0075,新宿区,新宿区高田馬場３－３－１　７階,03-5330-5770,2007-02-01,2025-02-01,byouin,2026-08-01,https://www.fukushi.metro.tokyo.lg.jp/documents/d/fukushi/20260801_seishin_byouin-xlsx-xlsx
5721683,医療法人社団こどもの城会 こども・思春期メンタルクリニック,162-0845,新宿区,新宿区市谷本村町３－２２　ナカバビル９階Ａ室,03-5579-2795,2014-05-01,2026-05-01,byouin,2026-08-01,https://www.fukushi.metro.tokyo.lg.jp/documents/d/fukushi/20260801_seishin_byouin-xlsx-xlsx
5721766,市ヶ谷ひもろぎクリニック,162-0843,新宿区,新宿区市谷田町２－３１－３　市ヶ谷ＡＳＵＫＡＲＡビル,03-5946-8586,2007-01-01,2025-01-01,byouin,2026-08-01,https://www.fukushi.metro.tokyo.lg.jp/documents/d/fukushi/20260801_seishin_byouin-xlsx-xlsx
5721915,西新宿おざわメンタルクリニック,160-0023,新宿区,新宿区西新宿４－２－１８　武居西新宿ビル６階,03-5333-7207,2017-03-01,2023-03-01,byouin,2026-08-01,https://www.fukushi.metro.tokyo.lg.jp/documents/d/fukushi/20260801_seishin_byouin-xlsx-xlsx
5722061,医療法人社団千紫会 新宿神経クリニック,169-0073,新宿区,新宿区百人町３－２１－１８,03-3362-3222,2015-02-01,2021-02-01,byouin,2026-08-01,https://www.fukushi.metro.tokyo.lg.jp/documents/d/fukushi/20260801_seishin_byouin-xlsx-xlsx
5722194,竹田クリニック,169-0074,新宿区,新宿区北新宿３－１－２１　みどりビル２・３・４階,03-3371-4114,2008-06-01,2026-06-01,byouin,2026-08-01,https://www.fukushi.metro.tokyo.lg.jp/documents/d/fukushi/20260801_seishin_byouin-xlsx-xlsx
5722251,医療法人社団松原会アルツクリニックＰＥＴラボ,160-0017,新宿区,新宿区左門町２０　四谷メディカルビル２階Ｇ区画、１階１０４,03-6674-1740,2024-03-01,,byouin,2026-08-01,https://www.fukushi.metro.tokyo.lg.jp/documents/d/fukushi/20260801_seishin_byouin-xlsx-xlsx
5722350,早稲田メンタルクリニック,162-0042,新宿区,新宿区早稲田町６９－４　ウエステール早稲田５階,03-6233-9538,2018-04-01,2024-04-01,byouin,2026-08-01,https://www.fukushi.metro.tokyo.lg.jp/documents/d/fukushi/20260801_seishin_byouin-xlsx-xlsx
5722368,神楽坂内科・脳神経内科クリニック,162-0825,新宿区,新宿区神楽坂６－４２　神楽坂喜多川ビル１Ｆ,03-6280-7582,2018-08-01,2024-08-01,byouin,2026-08-01,https://www.fukushi.metro.tokyo.lg.jp/documents/d/fukushi/20260801_seishin_byouin-xlsx-xlsx
5722400,新宿東口ハートクリニック,160-0022,新宿区,新宿区３－２０－５　新光第２ビル７Ｆ,03-5925-8741,2018-05-01,2024-05-01,byouin,2026-08-01,https://www.fukushi.metro.tokyo.lg.jp/documents/d/fukushi/20260801_seishin_byouin-xlsx-xlsx
5722434,めじろそらクリニック,161-0033,新宿区,新宿区下落合３－１６－１０　大同ビル３階,03-5906-5092,2014-04-01,2026-04-01,byouin,2026-08-01,https://www.fukushi.metro.tokyo.lg.jp/documents/d/fukushi/20260801_seishin_byouin-xlsx-xlsx
5722533,医療法人社団平成医会 平成かぐらクリニック,162-0825,新宿区,新宿区神楽坂２－１４　ノービィビルＢ１階,03-6907-1877,2018-12-01,2024-12-01,byouin,2026-08-01,https://www.fukushi.metro.tokyo.lg.jp/documents/d/fukushi/20260801_seishin_byouin-xlsx-xlsx
5722566,医療法人社団柏裕会西新宿今野クリニック,160-0023,新宿区,新宿区西新宿７－２１－７　今野ビル１階及び２階,03-3371-5813,2025-12-01,,byouin,2026-08-01,https://www.fukushi.metro.tokyo.lg.jp/documents/d/fukushi/20260801_seishin_byouin-xlsx-xlsx
5722632,新宿東メトロクリニック,160-0022,新宿区,新宿区新宿７－２６－４８　１階,03-6205-6176,2022-03-01,,byouin,2026-08-01,https://www.fukushi.metro.tokyo.lg.jp/documents/d/fukushi/20260801_seishin_byouin-xlsx-xlsx
5722814,星医メンタルクリニック,160-0004,新宿区,新宿区四谷４－２　ビアンコ四谷２０１,03-6384-2531,2019-07-01,2025-07-01,byouin,2026-08-01,https://www.fukushi.metro.tokyo.lg.jp/documents/d/fukushi/20260801_seishin_byouin-xlsx-xlsx
5723044,医療法人社団新拓会新宿ホームクリニック,160-0014,新宿区,新宿区内藤町１　ガーデンクロス新宿御苑１階,03-6273-2109,2025-05-01,,byouin,2026-08-01,https://www.fukushi.metro.tokyo.lg.jp/documents/d/fukushi/20260801_seishin_byouin-xlsx-xlsx
5723077,四谷三丁目つばめクリニック,160-0004,新宿区,新宿区四谷３－５　文化エステート四谷ビル３階,03-5341-4066,2020-03-01,2026-03-01,byouin,2026-08-01,https://www.fukushi.metro.tokyo.lg.jp/documents/d/fukushi/20260801_seishin_byouin-xlsx-xlsx
5723184,市ヶ谷みぎわ心のクリニック,162-0843,新宿区,新宿区市ヶ谷田町１－２ランゴスタビル５Ｆ,03-6280-7071,2020-04-01,2026-04-01,byouin,2026-08-01,https://www.fukushi.metro.tokyo.lg.jp/documents/d/fukushi/20260801_seishin_byouin-xlsx-xlsx
5723226,医療法人社団ＴＬＣ医療会 ブレインケアクリニック,160-0022,新宿区,新宿区新宿２－１－２　白鳥ビル２階,03-4405-1899,2019-06-01,2025-06-01,byouin,2026-08-01,https://www.fukushi.metro.tokyo.lg.jp/documents/d/fukushi/20260801_seishin_byouin-xlsx-xlsx
5723242,ＶＩＳＩＯＮ ＰＡＲＴＮＥＲ メンタルクリニック四谷,160-0004,新宿区,新宿区四谷１－６－１　ＣＯ・ＭＯ・ＲＥ　Ｍａｌｌ　２Ｆ　２０２,03-6384-2027,2020-06-01,2026-06-01,byouin,2026-08-01,https://www.fukushi.metro.tokyo.lg.jp/documents/d/fukushi/20260801_seishin_byouin-xlsx-xlsx
5723283,新宿駅前メンタルクリニック,160-0023,新宿区,新宿区西新宿１－１８－５　中沖ビル　８階,03-6258-1505,2020-06-01,2026-06-01,byouin,2026-08-01,https://www.fukushi.metro.tokyo.lg.jp/documents/d/fukushi/20260801_seishin_byouin-xlsx-xlsx
5723325,六番町メンタルクリニック,160-0017,新宿区,新宿区左門町２－６　ワコービル４Ｆ,03-5315-0711,2015-06-01,2021-06-01,byouin,2026-08-01,https://www.fukushi.metro.tokyo.lg.jp/documents/d/fukushi/20260801_seishin_byouin-xlsx-xlsx
5723341,さくらクリニック江戸川橋,162-0811,新宿区,新宿区水道町４－１３　三晃ビル３階,03-6265-3806,2020-09-01,,byouin,2026-08-01,https://www.fukushi.metro.tokyo.lg.jp/documents/d/fukushi/20260801_seishin_byouin-xlsx-xlsx
5723457,医療法人社団ペリカン 新宿ペリカンこころクリニック,160-0022,新宿区,新宿区新宿２－１２－４　アコード新宿８階,03-6384-2735,2020-10-01,,byouin,2026-08-01,https://www.fukushi.metro.tokyo.lg.jp/documents/d/fukushi/20260801_seishin_byouin-xlsx-xlsx
5723515,医療法人社団三育会 新宿ヒロクリニック,169-0072,新宿区,新宿区大久保２－１１－１５　大林ビル１・２階,03-5272-5600,2019-01-01,2025-01-01,byouin,2026-08-01,https://www.fukushi.metro.tokyo.lg.jp/documents/d/fukushi/20260801_seishin_byouin-xlsx-xlsx
5723630,医療法人健育会オボクリニック,169-0075,新宿区,新宿区高田馬場２－１６－６　宇田川ビル５階,03-3200-1510,2007-01-01,2025-01-01,byouin,2026-08-01,https://www.fukushi.metro.tokyo.lg.jp/documents/d/fukushi/20260801_seishin_byouin-xlsx-xlsx
5723820,医療法人社団琴誠会 市ヶ谷こころのクリニック,162-0844,新宿区,新宿区市谷八幡町１１－１　市谷八幡町ビル２階,03-3528-9772,2021-08-01,,byouin,2026-08-01,https://www.fukushi.metro.tokyo.lg.jp/documents/d/fukushi/20260801_seishin_byouin-xlsx-xlsx
5723895,新宿皮膚と心の診療所,160-0022,新宿区,新宿区新宿３－２２－１１　Ｒ・Ｓビル２階,03-3355-7755,2021-09-01,,byouin,2026-08-01,https://www.fukushi.metro.tokyo.lg.jp/documents/d/fukushi/20260801_seishin_byouin-xlsx-xlsx
5723952,医療法人社団相心会 ワイズクリニック,162-0817,新宿区,新宿区赤城元町２－４　有恒ビル２０２号室,03-3269-8981,2009-08-01,2021-08-01,byouin,2026-08-01,https://www.fukushi.metro.tokyo.lg.jp/documents/d/fukushi/20260801_seishin_byouin-xlsx-xlsx
5724059,新宿内科クリニック,160-0023,新宿区,新宿区西新宿６－１４－１　新宿グリーンタワービル２階,03-3343-0365,2007-01-01,2025-01-01,byouin,2026-08-01,https://www.fukushi.metro.tokyo.lg.jp/documents/d/fukushi/20260801_seishin_byouin-xlsx-xlsx
5724133,医療法人社団慶幸会東新宿クリニック,169-0072,新宿区,新宿区大久保１－１１－３,03-6233-8581,2023-05-01,,byouin,2026-08-01,https://www.fukushi.metro.tokyo.lg.jp/documents/d/fukushi/20260801_seishin_byouin-xlsx-xlsx
5724224,新大久保こころのクリニック,169-0073,新宿区,新宿区百人町２－９－１４　ミズホアルファビル４階,03-3361-0556,2022-05-01,,byouin,2026-08-01,https://www.fukushi.metro.tokyo.lg.jp/documents/d/fukushi/20260801_seishin_byouin-xlsx-xlsx
5724265,医療法人社団慈創会 曙ホームクリニック,162-0054,新宿区,新宿区河田町３－８　ＤｅＬＣＣＳ曙橋Ⅱ２０４,03-5357-7656,2019-07-01,2025-07-01,byouin,2026-08-01,https://www.fukushi.metro.tokyo.lg.jp/documents/d/fukushi/20260801_seishin_byouin-xlsx-xlsx
5724323,ＵＢクリニック新宿,160-0021,新宿区,新宿区歌舞伎町１－１６－７　ＳｈｉｎｊｕｋｕｅｘⅡビル６Ｆ７Ｆ,03-6233-9601,2022-08-01,,byouin,2026-08-01,https://www.fukushi.metro.tokyo.lg.jp/documents/d/fukushi/20260801_seishin_byouin-xlsx-xlsx
5724331,医療法人柏真会ＨＡＤＡＬＯＵＮＧＥスマルナクリニック新宿院,160-0022,新宿区,新宿区新宿３－３０－１３　新宿マルイ本館５階,0120-927-983,2023-05-01,,byouin,2026-08-01,https://www.fukushi.metro.tokyo.lg.jp/documents/d/fukushi/20260801_seishin_byouin-xlsx-xlsx
5724398,新宿東メンタルクリニック,160-0021,新宿区,新宿区歌舞伎町２－２－１４　新宿ＫＳビル９階,03-6457-6971,2007-02-01,2025-02-01,byouin,2026-08-01,https://www.fukushi.metro.tokyo.lg.jp/documents/d/fukushi/20260801_seishin_byouin-xlsx-xlsx
5724414,医療法人社団悠翔会 悠翔会在宅クリニック新宿,160-0022,新宿区,新宿区新宿２－５－１２　ＦＯＲＥＣＡＳＴ新宿　ＡＶＥＮＵＥ９階,03-6380-1752,2022-07-01,,byouin,2026-08-01,https://www.fukushi.metro.tokyo.lg.jp/documents/d/fukushi/20260801_seishin_byouin-xlsx-xlsx
5724554,新宿ゲートウェイクリニック,160-0023,新宿区,新宿区西新宿１－２２－１　スタンダードビル２階,03-6279-0357,2015-05-01,2021-05-01,byouin,2026-08-01,https://www.fukushi.metro.tokyo.lg.jp/documents/d/fukushi/20260801_seishin_byouin-xlsx-xlsx
5724596,すわのもりクリニック,169-0075,新宿区,新宿区高田馬場２－１－２　ＴＯＨＭＡ高田馬場２階,03-6457-3103,2026-07-01,,byouin,2026-08-01,https://www.fukushi.metro.tokyo.lg.jp/documents/d/fukushi/20260801_seishin_byouin-xlsx-xlsx
5724604,落合メンタルクリニック,161-0034,新宿区,新宿区上落合２－１０－１３　青木ビル２階,080-6395-8147,2023-01-01,,byouin,2026-08-01,https://www.fukushi.metro.tokyo.lg.jp/documents/d/fukushi/20260801_seishin_byouin-xlsx-xlsx
5724661,医療法人社団円遊会 高田馬場こころのクリニック,169-0075,新宿区,新宿区高田馬場２－１４－８　竹内ビル５Ｆ,03-3207-0556,2020-10-01,,byouin,2026-08-01,https://www.fukushi.metro.tokyo.lg.jp/documents/d/fukushi/20260801_seishin_byouin-xlsx-xlsx
5724703,くすのき心のクリニック高田馬場,169-0075,新宿区,新宿区高田馬場３－３－１　ユニオン駅前ビル７階　７Ａ号室,03-3366-0556,2023-02-01,,byouin,2026-08-01,https://www.fukushi.metro.tokyo.lg.jp/documents/d/fukushi/20260801_seishin_byouin-xlsx-xlsx
5724778,医療法人社団紡潤会新宿うるおいこころのクリニック,160-0022,新宿区,新宿区新宿４－２－２３,03-6457-8730,2023-07-01,,byouin,2026-08-01,https://www.fukushi.metro.tokyo.lg.jp/documents/d/fukushi/20260801_seishin_byouin-xlsx-xlsx
5724919,新宿駅前精神科・心療内科・内科おおかみこころのクリニック,160-0023,新宿区,新宿区西新宿１－１５－４　第２セイコービル５０１号室,03-5989-0617,2023-06-01,,byouin,2026-08-01,https://www.fukushi.metro.tokyo.lg.jp/documents/d/fukushi/20260801_seishin_byouin-xlsx-xlsx
5724968,新宿よりそいメンタルクリニック,162-0021,新宿区,新宿区歌舞伎町１－１－１７　ＥＱＵＩＮＩＡ新宿３０２,03-6709-6137,2023-09-01,,byouin,2026-08-01,https://www.fukushi.metro.tokyo.lg.jp/documents/d/fukushi/20260801_seishin_byouin-xlsx-xlsx
5725056,東京こころのクリニック,160-0023,新宿区,新宿区西新宿１－１８－５　甲新ビル８階,03-5989-0815,2023-11-01,,byouin,2026-08-01,https://www.fukushi.metro.tokyo.lg.jp/documents/d/fukushi/20260801_seishin_byouin-xlsx-xlsx
5725221,医療法人社団燈心会ライトメンタルクリニック,169-0051,新宿区,新宿区西早稲田３－２０－３　レガリアタワーレジデンス地下１階,03-6457-6040,2021-05-01,,byouin,2026-08-01,https://www.fukushi.metro.tokyo.lg.jp/documents/d/fukushi/20260801_seishin_byouin-xlsx-xlsx
5725288,ここあすクリニック市ヶ谷,162-0843,新宿区,新宿区市谷田町２－７　三貴ビル２０１,03-6457-5738,2024-03-01,,byouin,2026-08-01,https://www.fukushi.metro.tokyo.lg.jp/documents/d/fukushi/20260801_seishin_byouin-xlsx-xlsx
5725338,江村精神科クリニック新宿,160-0023,新宿区,新宿区西新宿３－１－４　第２佐山ビル２階,03-5989-0277,2024-04-01,,byouin,2026-08-01,https://www.fukushi.metro.tokyo.lg.jp/documents/d/fukushi/20260801_seishin_byouin-xlsx-xlsx
5725395,新宿内科耳鼻咽喉科クリニック,160-0022,新宿区,新宿区新宿７－２７－１２　コンフォリア東新宿ステーションフロント２階,03-6233-7967,2024-05-01,,byouin,2026-08-01,https://www.fukushi.metro.tokyo.lg.jp/documents/d/fukushi/20260801_seishin_byouin-xlsx-xlsx
5725411,Ｓｕｎｎｙクリニック,169-0075,新宿区,新宿区高田馬場４－２－３８　宏陽ビル５０１,080-7160-2287,2023-11-01,,byouin,2026-08-01,https://www.fukushi.metro.tokyo.lg.jp/documents/d/fukushi/20260801_seishin_byouin-xlsx-xlsx
5725478,すやすやクリニック,160-0023,新宿区,新宿区西新宿７－２２－３１　柏木ＭＵＲＡ５１３,050-5536-9686,2026-04-01,,byouin,2026-08-01,https://www.fukushi.metro.tokyo.lg.jp/documents/d/fukushi/20260801_seishin_byouin-xlsx-xlsx
5725502,医療法人社団ＢＲＡＶＥ新宿駅内科・心療内科クリニック,160-0023,新宿区,新宿区西新宿１－１８－１７　ラウンドクロス西新宿４階,03-6258-5212,2025-07-01,,byouin,2026-08-01,https://www.fukushi.metro.tokyo.lg.jp/documents/d/fukushi/20260801_seishin_byouin-xlsx-xlsx
5725510,新宿心療内科ゆうメンタルクリニック新宿院,160-0022,新宿区,新宿区新宿３－１７－４　新宿レミナビル６階,03-3341-0555,2011-04-01,2023-04-01,byouin,2026-08-01,https://www.fukushi.metro.tokyo.lg.jp/documents/d/fukushi/20260801_seishin_byouin-xlsx-xlsx
5725650,眠りのクリニック神楽坂,162-0825,新宿区,新宿区神楽坂６－６６　神楽坂宝生堂ビル３階,03-6228-1172,2025-03-01,,byouin,2026-08-01,https://www.fukushi.metro.tokyo.lg.jp/documents/d/fukushi/20260801_seishin_byouin-xlsx-xlsx
5725700,東京中央メンタルケアクリニック,162-0825,新宿区,新宿区神楽坂２－１６－２　２階,03-6228-1789,2025-04-01,,byouin,2026-08-01,https://www.fukushi.metro.tokyo.lg.jp/documents/d/fukushi/20260801_seishin_byouin-xlsx-xlsx
5725858,シティーライトクリニック歌舞伎町,160-0021,新宿区,新宿区歌舞伎町２－４６－８　新宿日章ビル３階,03-6265-9265,2025-06-01,,byouin,2026-08-01,https://www.fukushi.metro.tokyo.lg.jp/documents/d/fukushi/20260801_seishin_byouin-xlsx-xlsx
5725916,あけぼの診療所,160-0007,新宿区,新宿区荒木町１３－４　住友不動産四谷ビル５階,03-6457-7237,2021-05-01,,byouin,2026-08-01,https://www.fukushi.metro.tokyo.lg.jp/documents/d/fukushi/20260801_seishin_byouin-xlsx-xlsx
5725924,医療法人社団桃青会東京ジェネラルクリニック,161-0035,新宿区,新宿区中井２－２０－１４,03-6820-0428,2022-01-01,,byouin,2026-08-01,https://www.fukushi.metro.tokyo.lg.jp/documents/d/fukushi/20260801_seishin_byouin-xlsx-xlsx
5725965,医療法人社団円遊会高田馬場クリニックこころとひふ,169-0075,新宿区,新宿区高田馬場２－１４－２７　村山ビル３階,03-5155-8033,2026-01-01,,byouin,2026-08-01,https://www.fukushi.metro.tokyo.lg.jp/documents/d/fukushi/20260801_seishin_byouin-xlsx-xlsx
5726088,やしまメンタルクリニック,160-0023,新宿区,新宿区西新宿１－３－１３　Ｉ＆Ｋビル５階,03-5539-7460,2007-01-01,2025-01-01,byouin,2026-08-01,https://www.fukushi.metro.tokyo.lg.jp/documents/d/fukushi/20260801_seishin_byouin-xlsx-xlsx
5726096,江戸川橋ラーナメンタルクリニック,162-0811,新宿区,新宿区水道町４－１３　三晃ビル３階,03-6265-3563,2025-10-01,,byouin,2026-08-01,https://www.fukushi.metro.tokyo.lg.jp/documents/d/fukushi/20260801_seishin_byouin-xlsx-xlsx
5726112,新宿心療内科みんなのメンタルクリニック新宿西口駅前,160-0023,新宿区,新宿区西新宿１－４－１　プリンスビル８階,03-6302-0516,2025-10-01,,byouin,2026-08-01,https://www.fukushi.metro.tokyo.lg.jp/documents/d/fukushi/20260801_seishin_byouin-xlsx-xlsx
5726229,神楽坂メンタルクリニック,162-0825,新宿区,新宿区神楽坂６－３９　エキューラ神楽坂２階２Ａ,03-5579-8290,2025-12-01,,byouin,2026-08-01,https://www.fukushi.metro.tokyo.lg.jp/documents/d/fukushi/20260801_seishin_byouin-xlsx-xlsx
5726237,うさぎの丘こころのクリニック,160-0004,新宿区,新宿区四谷２－１０　第二太郎ビル５階,03-5315-0722,2025-12-01,,byouin,2026-08-01,https://www.fukushi.metro.tokyo.lg.jp/documents/d/fukushi/20260801_seishin_byouin-xlsx-xlsx
5726252,セントオルメディカルクリニック,160-0022,新宿区,新宿区新宿５－１１－２８　スターハイム１０４,03-6273-1258,2026-02-01,,byouin,2026-08-01,https://www.fukushi.metro.tokyo.lg.jp/documents/d/fukushi/20260801_seishin_byouin-xlsx-xlsx
5726336,東新宿こころのクリニック,160-0022,新宿区,新宿区新宿６－２８－１２　ＤＳ新宿ビル２階,03-5155-5556,2013-06-01,2025-06-01,byouin,2026-08-01,https://www.fukushi.metro.tokyo.lg.jp/documents/d/fukushi/20260801_seishin_byouin-xlsx-xlsx
5726377,西新宿いしづかメンタルクリニック,160-0023,新宿区,新宿区西新宿８－５－４　ＳＴビル３０１,03-6279-3100,2026-02-01,,byouin,2026-08-01,https://www.fukushi.metro.tokyo.lg.jp/documents/d/fukushi/20260801_seishin_byouin-xlsx-xlsx
5726419,新宿駅前こころと発達のクリニック,160-0023,新宿区,新宿区西新宿７－１５－１８　西新宿ウインズビル３階,03-6279-1414,2026-03-01,,byouin,2026-08-01,https://www.fukushi.metro.tokyo.lg.jp/documents/d/fukushi/20260801_seishin_byouin-xlsx-xlsx
5770011,地方独立行政法人 東京都立病院機構 東京都立大久保病院,160-8488,新宿区,新宿区歌舞伎町２－４４－１,03-5273-7711,2007-02-01,2025-02-01,byouin,2026-08-01,https://www.fukushi.metro.tokyo.lg.jp/documents/d/fukushi/20260801_seishin_byouin-xlsx-xlsx
8615072,国立健康危機管理研究機構国立国際医療センター,162-8655,新宿区,新宿区戸山１－２１－１,03-3202-7181,2007-02-01,2025-02-01,byouin,2026-08-01,https://www.fukushi.metro.tokyo.lg.jp/documents/d/fukushi/20260801_seishin_byouin-xlsx-xlsx
510347,日本医科大学付属病院,113-0022,文京区,文京区千駄木１－１－５,03-3822-2131,2007-01-01,2025-01-01,byouin,2026-08-01,https://www.fukushi.metro.tokyo.lg.jp/documents/d/fukushi/20260801_seishin_byouin-xlsx-xlsx
514836,順天堂大学医学部附属順天堂医院,113-0033,文京区,文京区本郷３－１－３,03-3813-3111,2007-01-01,2025-01-01,byouin,2026-08-01,https://www.fukushi.metro.tokyo.lg.jp/documents/d/fukushi/20260801_seishin_byouin-xlsx-xlsx
515775,一般財団法人慈愛会 慈愛病院,113-0033,文京区,文京区本郷６－１２－５,03-3812-7360,2021-03-01,,byouin,2026-08-01,https://www.fukushi.metro.tokyo.lg.jp/documents/d/fukushi/20260801_seishin_byouin-xlsx-xlsx
526061,医療法人社団一灯会 八千代診療所,113-0001,文京区,文京区白山１－５－８,03-3811-4519,2007-01-01,2025-01-01,byouin,2026-08-01,https://www.fukushi.metro.tokyo.lg.jp/documents/d/fukushi/20260801_seishin_byouin-xlsx-xlsx
526491,内藤クリニック,113-0022,文京区,文京区千駄木４－１４－１０　２階,03-5685-2455,2007-01-01,2025-01-01,byouin,2026-08-01,https://www.fukushi.metro.tokyo.lg.jp/documents/d/fukushi/20260801_seishin_byouin-xlsx-xlsx
526897,風メンタルクリニック本郷,113-0033,文京区,文京区本郷３－５－２　ユービズ本郷２階,03-5802-7181,2007-01-01,2025-01-01,byouin,2026-08-01,https://www.fukushi.metro.tokyo.lg.jp/documents/d/fukushi/20260801_seishin_byouin-xlsx-xlsx
527069,茗荷谷駅前医院,112-0002,文京区,文京区小石川５－４－５クレール２１　２階,03-3944-2500,2007-01-01,2025-01-01,byouin,2026-08-01,https://www.fukushi.metro.tokyo.lg.jp/documents/d/fukushi/20260801_seishin_byouin-xlsx-xlsx
527416,医療法人社団 弘寿会 小石川ホームクリニック,112-0002,文京区,文京区小石川４－２０－１　イトークリエイト小石川ビル３階,03-3868-8281,2012-06-01,2024-06-01,byouin,2026-08-01,https://www.fukushi.metro.tokyo.lg.jp/documents/d/fukushi/20260801_seishin_byouin-xlsx-xlsx
527457,こまごめ緑陰診療所,113-0021,文京区,文京区本駒込５－１９－２　小林ビルデンス２階,03-3943-5525,2007-02-01,2025-02-01,byouin,2026-08-01,https://www.fukushi.metro.tokyo.lg.jp/documents/d/fukushi/20260801_seishin_byouin-xlsx-xlsx
527481,日原内科クリニック,113-0022,文京区,文京区千駄木２－１３－１,03-3822-6262,2007-02-01,2025-02-01,byouin,2026-08-01,https://www.fukushi.metro.tokyo.lg.jp/documents/d/fukushi/20260801_seishin_byouin-xlsx-xlsx
527853,医療法人社団七星会 カスガメディカルクリニック,113-0033,文京区,文京区本郷４－２４－８　春日タワービル３階,03-5689-8211,2007-02-01,2025-02-01,byouin,2026-08-01,https://www.fukushi.metro.tokyo.lg.jp/documents/d/fukushi/20260801_seishin_byouin-xlsx-xlsx
527879,守谷医院,112-0005,文京区,文京区水道２－１０－１,03-3941-9673,2007-01-01,2025-01-01,byouin,2026-08-01,https://www.fukushi.metro.tokyo.lg.jp/documents/d/fukushi/20260801_seishin_byouin-xlsx-xlsx
527929,医療法人社団靜美会 駒込かせだクリニック,113-0021,文京区,文京区本駒込４－１９－１６　タウンハイム本駒込１号,03-5832-5665,2012-11-01,2024-11-01,byouin,2026-08-01,https://www.fukushi.metro.tokyo.lg.jp/documents/d/fukushi/20260801_seishin_byouin-xlsx-xlsx
528224,医療生活協同組合養生会 本郷診療所,113-0021,文京区,文京区本駒込１－１－１５－１階,03-5815-0364,2007-01-01,2025-01-01,byouin,2026-08-01,https://www.fukushi.metro.tokyo.lg.jp/documents/d/fukushi/20260801_seishin_byouin-xlsx-xlsx
528588,祐ホームクリニック千石,112-0011,文京区,文京区千石４－２５－５　ＫＳＴビル３階,050-3784-2001,2014-06-01,2026-06-01,byouin,2026-08-01,https://www.fukushi.metro.tokyo.lg.jp/documents/d/fukushi/20260801_seishin_byouin-xlsx-xlsx
528604,よしこ心療内科,113-0022,文京区,文京区千駄木３－３７－２０－６階,03-3823-8265,2011-06-01,2017-06-01,byouin,2026-08-01,https://www.fukushi.metro.tokyo.lg.jp/documents/d/fukushi/20260801_seishin_byouin-xlsx-xlsx
528778,医療法人社団幸樹会 おとわ内科・脳神経外科クリニック,112-0013,文京区,文京区音羽１－５－１７,03-6662-7755,2009-05-01,2021-05-01,byouin,2026-08-01,https://www.fukushi.metro.tokyo.lg.jp/documents/d/fukushi/20260801_seishin_byouin-xlsx-xlsx
528786,藤原クリニック,113-0022,文京区,文京区千駄木３－２－７　リエス千駄木１階　地下１階,03-3821-3767,2007-01-01,2025-01-01,byouin,2026-08-01,https://www.fukushi.metro.tokyo.lg.jp/documents/d/fukushi/20260801_seishin_byouin-xlsx-xlsx
528828,吉川クリニック,112-0001,文京区,文京区白山５－３６－９白山麻の実ビル４階,03-5840-5677,2013-04-01,2025-04-01,byouin,2026-08-01,https://www.fukushi.metro.tokyo.lg.jp/documents/d/fukushi/20260801_seishin_byouin-xlsx-xlsx
528836,きむらメンタルクリニック,113-0021,文京区,文京区本駒込６－２４－１　後藤ビル２階,03-5981-8847,2013-03-01,2025-03-01,byouin,2026-08-01,https://www.fukushi.metro.tokyo.lg.jp/documents/d/fukushi/20260801_seishin_byouin-xlsx-xlsx
528885,医療法人社団同友会 春日クリニック,112-0002,文京区,文京区小石川１－１２－１６　ＴＧビル,03-3813-0080,2007-01-01,2025-01-01,byouin,2026-08-01,https://www.fukushi.metro.tokyo.lg.jp/documents/d/fukushi/20260801_seishin_byouin-xlsx-xlsx
528984,文京神経内科診療所,113-0033,文京区,文京区本郷３－３２－６　ハイヴ本郷１００３号,03-3813-9016,2007-01-01,2025-01-01,byouin,2026-08-01,https://www.fukushi.metro.tokyo.lg.jp/documents/d/fukushi/20260801_seishin_byouin-xlsx-xlsx
529198,めぐみクリニック,112-0012,文京区,文京区大塚３－１－６　ラトゥール小石川３Ａ,03-5981-8990,2014-11-01,2020-11-01,byouin,2026-08-01,https://www.fukushi.metro.tokyo.lg.jp/documents/d/fukushi/20260801_seishin_byouin-xlsx-xlsx
529313,医療法人社団創知会 メモリークリニックお茶の水,113-0034,文京区,文京区湯島１－５－３４　お茶の水医学会館４階,03-6801-8718,2015-05-01,2021-05-01,byouin,2026-08-01,https://www.fukushi.metro.tokyo.lg.jp/documents/d/fukushi/20260801_seishin_byouin-xlsx-xlsx
529370,野村芳子小児神経学クリニック,113-0034,文京区,文京区湯島１－２－１３　御茶ノ水明神ビル３階,03-3258-5563,2015-09-01,2021-09-01,byouin,2026-08-01,https://www.fukushi.metro.tokyo.lg.jp/documents/d/fukushi/20260801_seishin_byouin-xlsx-xlsx
529453,本郷東大前こころのクリニック,113-0033,文京区,文京区本郷２－４０－１１　かねやすビル３階・４階,03-6801-8115,2009-04-01,2021-04-01,byouin,2026-08-01,https://www.fukushi.metro.tokyo.lg.jp/documents/d/fukushi/20260801_seishin_byouin-xlsx-xlsx
529578,あんず心のクリニック,112-0014,文京区,文京区関口１－１３－１２　武田ビル４階,03-5579-8836,2016-07-01,2022-07-01,byouin,2026-08-01,https://www.fukushi.metro.tokyo.lg.jp/documents/d/fukushi/20260801_seishin_byouin-xlsx-xlsx
529651,医療法人社団心緑会 小石川メンタルクリニック,112-0012,文京区,文京区大塚３－６－５－１０１　白井ビル１階,03-3943-5858,2007-01-01,2025-01-01,byouin,2026-08-01,https://www.fukushi.metro.tokyo.lg.jp/documents/d/fukushi/20260801_seishin_byouin-xlsx-xlsx
529743,医療法人社団 大地の会 本郷ファミリークリニック,113-0033,文京区,文京区本郷１－３３－８　ハウス本郷ビル６階,03-3868-7501,2020-06-01,2026-06-01,byouin,2026-08-01,https://www.fukushi.metro.tokyo.lg.jp/documents/d/fukushi/20260801_seishin_byouin-xlsx-xlsx
529859,医療法人社団同済会 えみクリニック東大前,113-0023,文京区,文京区向丘２－２－６　エスト本郷１階,03-3868-3528,2021-06-01,,byouin,2026-08-01,https://www.fukushi.metro.tokyo.lg.jp/documents/d/fukushi/20260801_seishin_byouin-xlsx-xlsx
529883,医療法人社団一専会神楽坂ホームケアクリニック,112-0014,文京区,文京区関口１－１３－１４　向井ビル２階・３階,03-5227-7878,2023-06-01,,byouin,2026-08-01,https://www.fukushi.metro.tokyo.lg.jp/documents/d/fukushi/20260801_seishin_byouin-xlsx-xlsx
529958,医療法人社団悠輝会コーラルクリニック,113-0033,文京区,文京区本郷４－１－７　近江屋第二ビル３階３０１号室,03-5844-3133,2025-10-01,,byouin,2026-08-01,https://www.fukushi.metro.tokyo.lg.jp/documents/d/fukushi/20260801_seishin_byouin-xlsx-xlsx
529974,後楽園こころのあかりクリニック,113-0033,文京区,文京区本郷１－３５－２６　２階,03-3812-5562,2019-02-01,2025-02-01,byouin,2026-08-01,https://www.fukushi.metro.tokyo.lg.jp/documents/d/fukushi/20260801_seishin_byouin-xlsx-xlsx
530030,こころとからだ相談クリニック,113-0022,文京区,文京区千駄木２－３－１８浅野ビル１０１,03-6323-9408,2019-08-01,2025-08-01,byouin,2026-08-01,https://www.fukushi.metro.tokyo.lg.jp/documents/d/fukushi/20260801_seishin_byouin-xlsx-xlsx
530295,やよい在宅クリニック,113-0032,文京区,文京区弥生１－５－１１　弥生クリニックビル１階・２階,03-6240-0737,2020-03-01,2026-03-01,byouin,2026-08-01,https://www.fukushi.metro.tokyo.lg.jp/documents/d/fukushi/20260801_seishin_byouin-xlsx-xlsx
530329,医療法人社団のぞみ いいもり こころの診療所,113-0024,文京区,文京区西片１－３－１８,050-3734-5396,2015-01-01,2021-01-01,byouin,2026-08-01,https://www.fukushi.metro.tokyo.lg.jp/documents/d/fukushi/20260801_seishin_byouin-xlsx-xlsx
530477,医療法人 栄仁会 みらいメディカルクリニック茗荷谷,112-0012,文京区,文京区大塚１－４－１５－２０２,03-3943-0123,2021-12-01,,byouin,2026-08-01,https://www.fukushi.metro.tokyo.lg.jp/documents/d/fukushi/20260801_seishin_byouin-xlsx-xlsx
530618,本郷の森診療所,113-0033,文京区,文京区本郷３－３１－３　本郷スズヨシビル３階,03-3830-0652,2019-12-01,2025-12-01,byouin,2026-08-01,https://www.fukushi.metro.tokyo.lg.jp/documents/d/fukushi/20260801_seishin_byouin-xlsx-xlsx
530824,白山文京クリニック,113-0001,文京区,文京区白山１－２１－９　白山伊藤ビル１階・２階,03-3868-2816,2023-11-01,,byouin,2026-08-01,https://www.fukushi.metro.tokyo.lg.jp/documents/d/fukushi/20260801_seishin_byouin-xlsx-xlsx
530873,医療法人社団五日向会小日向診療所,112-0006,文京区,文京区小日向２－１９－９　トワベール小日向１０１号室,03-5810-1505,2021-06-01,,byouin,2026-08-01,https://www.fukushi.metro.tokyo.lg.jp/documents/d/fukushi/20260801_seishin_byouin-xlsx-xlsx
531137,本郷水道橋クリニック,113-0033,文京区,文京区本郷１－２０－９　コハタビル２階,03-5842-2215,2007-03-01,2025-03-01,byouin,2026-08-01,https://www.fukushi.metro.tokyo.lg.jp/documents/d/fukushi/20260801_seishin_byouin-xlsx-xlsx
531202,ふくろうクリニック目白台,112-0015,文京区,文京区目白台３－２８－１０　Ｔｏｎｏｗａ　Ｇａｒｄｅｎ目白台１階,03-5810-1577,2025-06-01,,byouin,2026-08-01,https://www.fukushi.metro.tokyo.lg.jp/documents/d/fukushi/20260801_seishin_byouin-xlsx-xlsx
531459,茗荷谷こころのクリニック,112-0002,文京区,文京区小石川５－５－６　羽鳥ビル７階,03-5810-1611,2026-08-01,,byouin,2026-08-01,https://www.fukushi.metro.tokyo.lg.jp/documents/d/fukushi/20260801_seishin_byouin-xlsx-xlsx
570010,東京保健生活協同組合 東京健生病院,112-0012,文京区,文京区大塚４－３－８,03-3944-6111,2007-01-01,2025-01-01,byouin,2026-08-01,https://www.fukushi.metro.tokyo.lg.jp/documents/d/fukushi/20260801_seishin_byouin-xlsx-xlsx
570937,医療法人社団大坪会 東都文京病院,113-0034,文京区,文京区湯島３－５－７,03-3831-2181,2007-01-01,2025-01-01,byouin,2026-08-01,https://www.fukushi.metro.tokyo.lg.jp/documents/d/fukushi/20260801_seishin_byouin-xlsx-xlsx
570945,地方独立行政法人 東京都立病院機構 東京都立駒込病院,113-0021,文京区,文京区本駒込３－１８－２２,03-3823-2101,2007-02-01,2025-02-01,byouin,2026-08-01,https://www.fukushi.metro.tokyo.lg.jp/documents/d/fukushi/20260801_seishin_byouin-xlsx-xlsx
8814774,東京科学大学病院,113-0034,文京区,文京区湯島１－５－４５,03-3813-6111,2007-02-01,2025-02-01,byouin,2026-08-01,https://www.fukushi.metro.tokyo.lg.jp/documents/d/fukushi/20260801_seishin_byouin-xlsx-xlsx
8814790,東京大学医学部附属病院,113-0033,文京区,文京区本郷７－３－１,03-3815-5411,2007-01-01,2025-01-01,byouin,2026-08-01,https://www.fukushi.metro.tokyo.lg.jp/documents/d/fukushi/20260801_seishin_byouin-xlsx-xlsx
610493,医療法人財団神経科土田病院,110-0002,台東区,台東区上野桜木１－１２－１２,03-3822-2201,2007-01-01,2025-01-01,byouin,2026-08-01,https://www.fukushi.metro.tokyo.lg.jp/documents/d/fukushi/20260801_seishin_byouin-xlsx-xlsx
614842,社会福祉法人 浅草寺病院,111-0032,台東区,台東区浅草２－３０－１７,03-3841-3330,2007-03-01,2025-03-01,byouin,2026-08-01,https://www.fukushi.metro.tokyo.lg.jp/documents/d/fukushi/20260801_seishin_byouin-xlsx-xlsx
627950,コークリニック,110-0008,台東区,台東区池之端４－６－６,03-5685-3861,2007-01-01,2025-01-01,byouin,2026-08-01,https://www.fukushi.metro.tokyo.lg.jp/documents/d/fukushi/20260801_seishin_byouin-xlsx-xlsx
628404,浅草橋こころのクリニック,111-0053,台東区,台東区浅草橋２－１－１０松根屋ビル５階,03-5833-5233,2007-01-01,2025-01-01,byouin,2026-08-01,https://www.fukushi.metro.tokyo.lg.jp/documents/d/fukushi/20260801_seishin_byouin-xlsx-xlsx
628495,医療法人社団廣和会 藤本クリニック,110-0002,台東区,台東区上野桜木１－１０－２２　中銀上野パークマンシオン１階,03-5685-2151,2009-01-01,2021-01-01,byouin,2026-08-01,https://www.fukushi.metro.tokyo.lg.jp/documents/d/fukushi/20260801_seishin_byouin-xlsx-xlsx
628610,医療法人社団小島会 蔵前小島クリニック,111-0051,台東区,台東区蔵前３－１７－４　蔵前妙見屋ビル５階,03-3862-1717,2007-01-01,2025-01-01,byouin,2026-08-01,https://www.fukushi.metro.tokyo.lg.jp/documents/d/fukushi/20260801_seishin_byouin-xlsx-xlsx
628750,医療法人社団ヒプノシス 雷門メンタルクリニック,111-0034,台東区,台東区雷門２－１８－１５　コレクション雷門ビル４階,03-5828-3841,2007-01-01,2025-01-01,byouin,2026-08-01,https://www.fukushi.metro.tokyo.lg.jp/documents/d/fukushi/20260801_seishin_byouin-xlsx-xlsx
629014,医療法人社団浩佳会 かとう医院,110-0003,台東区,台東区根岸３－１２－１４　１階,03-5603-7161,2006-11-01,2024-11-01,byouin,2026-08-01,https://www.fukushi.metro.tokyo.lg.jp/documents/d/fukushi/20260801_seishin_byouin-xlsx-xlsx
629576,医療法人社団曙会 御徒町クリニック,110-0005,台東区,台東区上野６－６－２　クレインビル３階,03-3836-0537,2006-12-01,2024-12-01,byouin,2026-08-01,https://www.fukushi.metro.tokyo.lg.jp/documents/d/fukushi/20260801_seishin_byouin-xlsx-xlsx
629584,セレーナメンタルクリニック,111-0053,台東区,台東区浅草橋１－９－１２　浅草橋駅前ビル３階,03-5821-8822,2007-02-01,2025-02-01,byouin,2026-08-01,https://www.fukushi.metro.tokyo.lg.jp/documents/d/fukushi/20260801_seishin_byouin-xlsx-xlsx
629683,医療法人社団同善会同善会クリニック,110-0011,台東区,台東区三ノ輪２－１２－１２,03-3801-6180,2023-10-01,,byouin,2026-08-01,https://www.fukushi.metro.tokyo.lg.jp/documents/d/fukushi/20260801_seishin_byouin-xlsx-xlsx
629758,鶯谷メンタルクリニック,110-0003,台東区,台東区根岸２－３－１　遠藤ビル１階,03-6662-6152,2008-04-01,2026-04-01,byouin,2026-08-01,https://www.fukushi.metro.tokyo.lg.jp/documents/d/fukushi/20260801_seishin_byouin-xlsx-xlsx
629899,上野心療内科ゆうメンタルクリニック上野院,110-0005,台東区,台東区上野６－１６－１６　８階８０１号室,03-6663-8813,2008-06-01,2026-06-01,byouin,2026-08-01,https://www.fukushi.metro.tokyo.lg.jp/documents/d/fukushi/20260801_seishin_byouin-xlsx-xlsx
629931,あやめ診療所,110-0012,台東区,台東区竜泉３－３２－３,03-5824-8788,2017-04-01,2023-04-01,byouin,2026-08-01,https://www.fukushi.metro.tokyo.lg.jp/documents/d/fukushi/20260801_seishin_byouin-xlsx-xlsx
630038,医療法人社団トータルライフ医療会東京トータルライフクリニック,111-0034,台東区,台東区雷門２－６－３　ユニカ雷門ビル２階,03-5806-9871,2025-12-01,,byouin,2026-08-01,https://www.fukushi.metro.tokyo.lg.jp/documents/d/fukushi/20260801_seishin_byouin-xlsx-xlsx
630046,医療法人社団輝生会 たいとう診療所,111-0041,台東区,台東区元浅草１－６－１７　ＮＩＣ上野ビル,03-5828-8051,2017-05-01,2023-05-01,byouin,2026-08-01,https://www.fukushi.metro.tokyo.lg.jp/documents/d/fukushi/20260801_seishin_byouin-xlsx-xlsx
630251,Ｔｏｋｙｏ ＤＤ Ｃｌｉｎｉｃ,110-0016,台東区,台東区台東４－１７－１－３０２　偕楽ビル（新台東）,03-6240-1316,2013-05-01,2025-05-01,byouin,2026-08-01,https://www.fukushi.metro.tokyo.lg.jp/documents/d/fukushi/20260801_seishin_byouin-xlsx-xlsx
630269,医療法人社団明善会 御徒町榎本クリニック,110-0015,台東区,台東区東上野１－７－６,03-5816-1381,2013-05-01,2025-05-01,byouin,2026-08-01,https://www.fukushi.metro.tokyo.lg.jp/documents/d/fukushi/20260801_seishin_byouin-xlsx-xlsx
630335,橋場診療所,111-0023,台東区,台東区橋場２－２－５,03-3875-8480,2008-01-01,2026-01-01,byouin,2026-08-01,https://www.fukushi.metro.tokyo.lg.jp/documents/d/fukushi/20260801_seishin_byouin-xlsx-xlsx
630566,医療法人社団心清会 浅草ファミリークリニック,111-0042,台東区,台東区寿２－１０－１１　ＭＳ田原町ビル３階,03-3841-5118,2010-04-01,2022-04-01,byouin,2026-08-01,https://www.fukushi.metro.tokyo.lg.jp/documents/d/fukushi/20260801_seishin_byouin-xlsx-xlsx
630590,蔵前駅こころのクリニック,111-0051,台東区,台東区蔵前３－４－９　蔵ビル７階,03-3866-0556,2015-10-01,2021-10-01,byouin,2026-08-01,https://www.fukushi.metro.tokyo.lg.jp/documents/d/fukushi/20260801_seishin_byouin-xlsx-xlsx
630616,医療法人社団廣和会 浅草二天門クリニック,111-0032,台東区,台東区浅草２－３４－７　グレイプス浅草２階,03-5830-0121,2017-06-01,,byouin,2026-08-01,https://www.fukushi.metro.tokyo.lg.jp/documents/d/fukushi/20260801_seishin_byouin-xlsx-xlsx
630947,医療法人社団良月会 堀内科クリニック,111-0053,台東区,台東区浅草橋１－２４－３　杉木立ビル３階,03-3861-8937,2007-02-01,2025-02-01,byouin,2026-08-01,https://www.fukushi.metro.tokyo.lg.jp/documents/d/fukushi/20260801_seishin_byouin-xlsx-xlsx
630988,ストレスケア東京上野駅前クリニック,110-0005,台東区,台東区上野７－７－７　早稲田ビルヂング６階,03-3842-7730,2018-01-01,2024-01-01,byouin,2026-08-01,https://www.fukushi.metro.tokyo.lg.jp/documents/d/fukushi/20260801_seishin_byouin-xlsx-xlsx
631010,浅草のもとクリニック,111-0032,台東区,台東区浅草３－７－７　１０１,03-5603-8808,2019-07-01,2025-07-01,byouin,2026-08-01,https://www.fukushi.metro.tokyo.lg.jp/documents/d/fukushi/20260801_seishin_byouin-xlsx-xlsx
631119,一宮メンタルクリニック,110-0005,台東区,台東区上野６－１－１小西本店ビル４階,03-5817-4824,2012-07-01,2024-07-01,byouin,2026-08-01,https://www.fukushi.metro.tokyo.lg.jp/documents/d/fukushi/20260801_seishin_byouin-xlsx-xlsx
631143,東京都立精神保健福祉センター,110-0015,台東区,台東区下谷１－１－３,03-3844-2210,2007-01-01,2025-01-01,byouin,2026-08-01,https://www.fukushi.metro.tokyo.lg.jp/documents/d/fukushi/20260801_seishin_byouin-xlsx-xlsx
631259,成寿クリニック,111-0024,台東区,台東区今戸２－２８－９－２０１,03-5824-2266,2019-11-01,2025-11-01,byouin,2026-08-01,https://www.fukushi.metro.tokyo.lg.jp/documents/d/fukushi/20260801_seishin_byouin-xlsx-xlsx
631507,上野の森クリニック,110-0005,台東区,台東区上野２－１１－６　黒沢ビル地下１階,03-6803-0331,2010-07-01,2022-07-01,byouin,2026-08-01,https://www.fukushi.metro.tokyo.lg.jp/documents/d/fukushi/20260801_seishin_byouin-xlsx-xlsx
631523,浅草駅前こころのクリニック,111-0033,台東区,台東区花川戸１－９－１　花川戸一丁目ビル５階,03-3842-2055,2021-05-01,,byouin,2026-08-01,https://www.fukushi.metro.tokyo.lg.jp/documents/d/fukushi/20260801_seishin_byouin-xlsx-xlsx
631531,みのわ心療クリニック,110-0003,台東区,台東区根岸５－１６－１５　オークビル３０４,03-3876-5560,2021-06-01,,byouin,2026-08-01,https://www.fukushi.metro.tokyo.lg.jp/documents/d/fukushi/20260801_seishin_byouin-xlsx-xlsx
631564,十全医院,111-0032,台東区,台東区浅草４－１６－７,03-5808-7872,2021-12-01,,byouin,2026-08-01,https://www.fukushi.metro.tokyo.lg.jp/documents/d/fukushi/20260801_seishin_byouin-xlsx-xlsx
631614,つつみクリニック,110-0005,台東区,台東区上野７－２－８　６階６０１号,03-5830-0260,2022-07-01,,byouin,2026-08-01,https://www.fukushi.metro.tokyo.lg.jp/documents/d/fukushi/20260801_seishin_byouin-xlsx-xlsx
631622,訪問クリニックはなび,110-0003,台東区,台東区根岸３－１－４　カサノットビル２・３階,03-3874-5750,2021-01-01,,byouin,2026-08-01,https://www.fukushi.metro.tokyo.lg.jp/documents/d/fukushi/20260801_seishin_byouin-xlsx-xlsx
631663,木山なごみクリニック,111-0053,台東区,台東区浅草橋５－１－３８　アイビー浅草橋５０１,03-5809-3852,2022-03-01,,byouin,2026-08-01,https://www.fukushi.metro.tokyo.lg.jp/documents/d/fukushi/20260801_seishin_byouin-xlsx-xlsx
631846,医療法人財団はるたか会 あおぞら診療所うえの,110-0015,台東区,台東区東上野４－２７－３　上野トーセイビル９階,03-6658-8792,2012-01-01,2024-01-01,byouin,2026-08-01,https://www.fukushi.metro.tokyo.lg.jp/documents/d/fukushi/20260801_seishin_byouin-xlsx-xlsx
631861,一般社団法人清川あさひ会 あさひ在宅クリニック,111-0022,台東区,台東区清川１－３５－８,03-5808-7935,2022-05-01,,byouin,2026-08-01,https://www.fukushi.metro.tokyo.lg.jp/documents/d/fukushi/20260801_seishin_byouin-xlsx-xlsx
631887,はれクリニック神田川,111-0053,台東区,台東区浅草橋１－２－１０　浅草橋ハビテーション６０３号室,070-8383-7178,2021-03-01,,byouin,2026-08-01,https://www.fukushi.metro.tokyo.lg.jp/documents/d/fukushi/20260801_seishin_byouin-xlsx-xlsx
631952,医療法人社団杏生会 文京根津クリニック,110-0008,台東区,台東区池之端２－７－１７　井門池之端ビル１０階,03-3821-2102,2008-08-01,2020-08-01,byouin,2026-08-01,https://www.fukushi.metro.tokyo.lg.jp/documents/d/fukushi/20260801_seishin_byouin-xlsx-xlsx
631978,まるクリニック,111-0021,台東区,台東区日本堤２－３８－３　１階,03-6802-4730,2022-09-01,,byouin,2026-08-01,https://www.fukushi.metro.tokyo.lg.jp/documents/d/fukushi/20260801_seishin_byouin-xlsx-xlsx
631994,グレースホームケアクリニック城東,110-0013,台東区,台東区入谷１－８－１１　２階,03-5808-9160,2024-06-01,,byouin,2026-08-01,https://www.fukushi.metro.tokyo.lg.jp/documents/d/fukushi/20260801_seishin_byouin-xlsx-xlsx
632075,しばさき在宅リハビリテーションクリニック,111-0031,台東区,台東区千束２－２１－３　廣野第２ビル２階,03-5849-4628,2024-05-01,,byouin,2026-08-01,https://www.fukushi.metro.tokyo.lg.jp/documents/d/fukushi/20260801_seishin_byouin-xlsx-xlsx
632109,上野広小路メンタルクリニック,110-0005,台東区,台東区上野１－１６－１６　第２三倉ビル３階,03-5807-6160,2007-01-01,2025-01-01,byouin,2026-08-01,https://www.fukushi.metro.tokyo.lg.jp/documents/d/fukushi/20260801_seishin_byouin-xlsx-xlsx
632125,四季訪問診療クリニック,111-0053,台東区,台東区浅草橋５－４－１　ツバメグロースビル８階,03-5829-8955,2025-11-01,,byouin,2026-08-01,https://www.fukushi.metro.tokyo.lg.jp/documents/d/fukushi/20260801_seishin_byouin-xlsx-xlsx
632158,みなもと心の診療所,111-0053,台東区,台東区浅草橋１－１８－１０　オンダ浅草橋ビル３階,03-5809-2656,2024-05-01,,byouin,2026-08-01,https://www.fukushi.metro.tokyo.lg.jp/documents/d/fukushi/20260801_seishin_byouin-xlsx-xlsx
632166,浅草橋西口クリニックＭｏ,111-0053,台東区,台東区浅草橋１－１２－３　浅草橋ＫＳビル１階,03-5809-3274,2025-05-01,,byouin,2026-08-01,https://www.fukushi.metro.tokyo.lg.jp/documents/d/fukushi/20260801_seishin_byouin-xlsx-xlsx
632331,さくら診療所,110-0008,台東区,台東区池之端２－８－２０　１階,03-5832-9091,2025-05-01,,byouin,2026-08-01,https://www.fukushi.metro.tokyo.lg.jp/documents/d/fukushi/20260801_seishin_byouin-xlsx-xlsx
632356,医療法人社団Ｐｌｅｘｕｓ大江戸台東クリニック,111-0053,台東区,台東区浅草橋２－１－９　鮒佐ビル６階,03-5829-5407,2025-01-01,,byouin,2026-08-01,https://www.fukushi.metro.tokyo.lg.jp/documents/d/fukushi/20260801_seishin_byouin-xlsx-xlsx
632364,くしもと在宅クリニック,110-0005,台東区,台東区上野６－１６－１６　黒田ビル４階,03-6240-7373,2026-05-01,,byouin,2026-08-01,https://www.fukushi.metro.tokyo.lg.jp/documents/d/fukushi/20260801_seishin_byouin-xlsx-xlsx
632380,なつメンタルクリニック,110-0015,台東区,台東区東上野３－６－２　藤波ビル５階,03-6820-4275,2025-04-01,,byouin,2026-08-01,https://www.fukushi.metro.tokyo.lg.jp/documents/d/fukushi/20260801_seishin_byouin-xlsx-xlsx
632471,ＧＯＯＤ ＣＯＮＤＩＴＩＯＮ ＣＬＩＮＩＣ浅草橋駅前の心療内科,111-0053,台東区,台東区浅草橋１－３０－１　浅草橋東口ビル６階,03-6829-9225,2025-10-01,,byouin,2026-08-01,https://www.fukushi.metro.tokyo.lg.jp/documents/d/fukushi/20260801_seishin_byouin-xlsx-xlsx
632497,プライマリ・ケア蔵前,111-0051,台東区,台東区蔵前３－１４－３　田原ビル２階,050-1726-9916,2026-06-01,,byouin,2026-08-01,https://www.fukushi.metro.tokyo.lg.jp/documents/d/fukushi/20260801_seishin_byouin-xlsx-xlsx
670604,公益財団法人ライフ・エクステンション研究所 付属 永寿総合病院,110-8645,台東区,台東区東上野２－２３－１６,03-3833-8381,2009-05-01,2021-05-01,byouin,2026-08-01,https://www.fukushi.metro.tokyo.lg.jp/documents/d/fukushi/20260801_seishin_byouin-xlsx-xlsx
670638,医療法人社団同善会同善病院,110-0011,台東区,台東区三ノ輪２－７－５,03-3802-2101,2023-10-01,,byouin,2026-08-01,https://www.fukushi.metro.tokyo.lg.jp/documents/d/fukushi/20260801_seishin_byouin-xlsx-xlsx
710764,東京都済生会向島病院,131-0041,墨田区,墨田区八広１－５－１０,03-3610-3651,2007-01-01,2025-01-01,byouin,2026-08-01,https://www.fukushi.metro.tokyo.lg.jp/documents/d/fukushi/20260801_seishin_byouin-xlsx-xlsx
710772,社会福祉法人賛育会 賛育会病院,130-0012,墨田区,墨田区太平３－２０－２,03-3622-9191,2007-01-01,2025-01-01,byouin,2026-08-01,https://www.fukushi.metro.tokyo.lg.jp/documents/d/fukushi/20260801_seishin_byouin-xlsx-xlsx
714857,同愛記念病院,130-0015,墨田区,墨田区横網２－１－１１,0570-200678,2007-01-01,2025-01-01,byouin,2026-08-01,https://www.fukushi.metro.tokyo.lg.jp/documents/d/fukushi/20260801_seishin_byouin-xlsx-xlsx
724351,加藤診療所,131-0041,墨田区,墨田区八広１－３９－７,03-3611-0008,2008-01-01,2026-01-01,byouin,2026-08-01,https://www.fukushi.metro.tokyo.lg.jp/documents/d/fukushi/20260801_seishin_byouin-xlsx-xlsx
725051,医療法人社団草思会 クボタクリニック,130-0003,墨田区,墨田区横川３－２－４,03-3623-2011,2007-01-01,2025-01-01,byouin,2026-08-01,https://www.fukushi.metro.tokyo.lg.jp/documents/d/fukushi/20260801_seishin_byouin-xlsx-xlsx
725150,医療法人社団慈徳会 隅田川診療所,131-0033,墨田区,墨田区向島１－２４－６,03-3626-5100,2007-01-01,2025-01-01,byouin,2026-08-01,https://www.fukushi.metro.tokyo.lg.jp/documents/d/fukushi/20260801_seishin_byouin-xlsx-xlsx
726299,医療法人社団晴心会 比賀クリニック,130-0022,墨田区,墨田区江東橋３－１０－８　４階,03-5600-0830,2007-01-01,2025-01-01,byouin,2026-08-01,https://www.fukushi.metro.tokyo.lg.jp/documents/d/fukushi/20260801_seishin_byouin-xlsx-xlsx
726570,医療法人社団耕和会 五和貴診療所,131-0034,墨田区,墨田区堤通１－３－１１,03-3614-5091,2007-01-01,2025-01-01,byouin,2026-08-01,https://www.fukushi.metro.tokyo.lg.jp/documents/d/fukushi/20260801_seishin_byouin-xlsx-xlsx
726877,医療法人社団明正会 墨田クリニック,130-0003,墨田区,墨田区横川２－１６－９,03-5637-5030,2009-07-01,2021-07-01,byouin,2026-08-01,https://www.fukushi.metro.tokyo.lg.jp/documents/d/fukushi/20260801_seishin_byouin-xlsx-xlsx
727115,河本メンタル・クリニック,130-0014,墨田区,墨田区亀沢１－２４－１０,03-3622-6241,2008-01-01,2026-01-01,byouin,2026-08-01,https://www.fukushi.metro.tokyo.lg.jp/documents/d/fukushi/20260801_seishin_byouin-xlsx-xlsx
727792,医療法人社団葉月 錦糸町メンタルクリニック,130-0013,墨田区,墨田区錦糸３－５－８　ソアビル３階,03-5819-5151,2007-10-01,2025-10-01,byouin,2026-08-01,https://www.fukushi.metro.tokyo.lg.jp/documents/d/fukushi/20260801_seishin_byouin-xlsx-xlsx
727834,医療法人社団草思会 錦糸町クボタクリニック,130-0013,墨田区,墨田区錦糸３－５－１,03-3623-3031,2007-01-01,2025-01-01,byouin,2026-08-01,https://www.fukushi.metro.tokyo.lg.jp/documents/d/fukushi/20260801_seishin_byouin-xlsx-xlsx
728014,双泉会クリニックすみだ,131-0033,墨田区,墨田区向島５－２８－１５,03-3622-1313,2021-04-01,,byouin,2026-08-01,https://www.fukushi.metro.tokyo.lg.jp/documents/d/fukushi/20260801_seishin_byouin-xlsx-xlsx
728238,八広同仁会クリニック,131-0041,墨田区,墨田区八広６－２９－１４,03-6657-4471,2016-08-01,2022-08-01,byouin,2026-08-01,https://www.fukushi.metro.tokyo.lg.jp/documents/d/fukushi/20260801_seishin_byouin-xlsx-xlsx
728469,医療法人社団ダイワン会穂来彩クリニック,131-0032,墨田区,墨田区東向島４－３８－２,03-5631-7890,2023-11-01,,byouin,2026-08-01,https://www.fukushi.metro.tokyo.lg.jp/documents/d/fukushi/20260801_seishin_byouin-xlsx-xlsx
728477,祐ホームクリニック吾妻橋,130-0001,墨田区,墨田区吾妻橋２－３－１３　セルウィン・ハウス２Ｆ,050-3821-2171,2018-05-01,2024-05-01,byouin,2026-08-01,https://www.fukushi.metro.tokyo.lg.jp/documents/d/fukushi/20260801_seishin_byouin-xlsx-xlsx
728568,あおば在宅クリニック,131-0033,墨田区,墨田区向島３－３４－１５　ＮＴビル２０１号,03-5619-1001,2012-04-01,2024-04-01,byouin,2026-08-01,https://www.fukushi.metro.tokyo.lg.jp/documents/d/fukushi/20260801_seishin_byouin-xlsx-xlsx
728725,さくらライフ錦糸クリニック,130-0012,墨田区,墨田区太平３－４－７　リヴェラ若草２階,03-3625-5547,2006-06-01,2024-06-01,byouin,2026-08-01,https://www.fukushi.metro.tokyo.lg.jp/documents/d/fukushi/20260801_seishin_byouin-xlsx-xlsx
728808,岡﨑クリニック,131-0033,墨田区,墨田区向島５－２４－７　櫻茶ヤビル１階,03-6658-8082,2012-04-01,2024-04-01,byouin,2026-08-01,https://www.fukushi.metro.tokyo.lg.jp/documents/d/fukushi/20260801_seishin_byouin-xlsx-xlsx
728915,医療法人社団メディード 押上こころのクリニック,131-0033,墨田区,墨田区向島１－３２－７　ＫＳビル３階,03-5610-2055,2016-01-01,2022-01-01,byouin,2026-08-01,https://www.fukushi.metro.tokyo.lg.jp/documents/d/fukushi/20260801_seishin_byouin-xlsx-xlsx
729251,ＫＷメンタルクリニック,130-0012,墨田区,墨田区太平３－４－８ ＫＯＩＫＥ　Ｂｌｄ.６Ｆ,03-6456-1420,2021-04-01,,byouin,2026-08-01,https://www.fukushi.metro.tokyo.lg.jp/documents/d/fukushi/20260801_seishin_byouin-xlsx-xlsx
729301,すみだゼネラルクリニック,130-0012,墨田区,墨田区太平３－４－８ ＫＯＩＫＥ　Ｂｌｄ.３階,03-6284-1923,2019-02-01,2025-02-01,byouin,2026-08-01,https://www.fukushi.metro.tokyo.lg.jp/documents/d/fukushi/20260801_seishin_byouin-xlsx-xlsx
729376,ひきふね内科クリニック,131-0032,墨田区,墨田区東向島２－３９－１０ナンカイパート１　１階Ａ区画,03-3610-1101,2018-06-01,2024-06-01,byouin,2026-08-01,https://www.fukushi.metro.tokyo.lg.jp/documents/d/fukushi/20260801_seishin_byouin-xlsx-xlsx
729640,菊川駅前ライフサポートクリニック,130-0024,墨田区,墨田区菊川２－２－１０　リーフス１階,03-6284-0616,2023-06-01,,byouin,2026-08-01,https://www.fukushi.metro.tokyo.lg.jp/documents/d/fukushi/20260801_seishin_byouin-xlsx-xlsx
729657,はら内科・脳神経クリニック,130-0026,墨田区,墨田区両国３－２１－６　トレス両国１階,03-3631-4560,2024-07-01,,byouin,2026-08-01,https://www.fukushi.metro.tokyo.lg.jp/documents/d/fukushi/20260801_seishin_byouin-xlsx-xlsx
729673,医療法人社団オリーブ清澄ケアクリニック墨田,130-0003,墨田区,墨田区横川２－１３－３,03-6240-3061,2023-11-01,,byouin,2026-08-01,https://www.fukushi.metro.tokyo.lg.jp/documents/d/fukushi/20260801_seishin_byouin-xlsx-xlsx
729681,てらすクリニックひきふね,131-0032,墨田区,墨田区東向島２－３０－１０　ＡｒｒｉＳｈｉｐ’ｓ１階,03-6661-8974,2024-07-01,,byouin,2026-08-01,https://www.fukushi.metro.tokyo.lg.jp/documents/d/fukushi/20260801_seishin_byouin-xlsx-xlsx
729715,医療法人社団Ｗｉｎｃｌｓよいとこ墨田クリニック,131-0013,墨田区,墨田区錦糸２－１３－６　春山ビル５階,03-6658-4767,2021-04-01,,byouin,2026-08-01,https://www.fukushi.metro.tokyo.lg.jp/documents/d/fukushi/20260801_seishin_byouin-xlsx-xlsx
729830,こころとからだの訪問診療まつもとクリニック,130-0025,墨田区,墨田区千歳３－１２－６　三高第二ビル３階,03-6659-3460,2024-11-01,,byouin,2026-08-01,https://www.fukushi.metro.tokyo.lg.jp/documents/d/fukushi/20260801_seishin_byouin-xlsx-xlsx
729855,すみだ両国まちなかクリニック,130-0026,墨田区,墨田区両国４－３０－８　今村ビル２階,03-6659-2606,2024-11-01,,byouin,2026-08-01,https://www.fukushi.metro.tokyo.lg.jp/documents/d/fukushi/20260801_seishin_byouin-xlsx-xlsx
729871,医療法人社団悠理会かわかみ内科外科クリニック,131-0046,墨田区,墨田区京島１－２２－２　亀田ビル１階,03-6657-0220,2021-11-01,,byouin,2026-08-01,https://www.fukushi.metro.tokyo.lg.jp/documents/d/fukushi/20260801_seishin_byouin-xlsx-xlsx
729889,医療法人社団爽緑会ふたば在宅クリニック錦糸町,130-0013,墨田区,墨田区錦糸１－４－１４　長嶋ビル４階,03-6658-8175,2025-10-01,,byouin,2026-08-01,https://www.fukushi.metro.tokyo.lg.jp/documents/d/fukushi/20260801_seishin_byouin-xlsx-xlsx
729913,医療法人社団明正会 明正会錦糸町クリニック,130-0022,墨田区,墨田区江東橋１－１５－１　ＶＯＲＴ錦糸町５階,03-5637-7185,2015-10-01,2021-10-01,byouin,2026-08-01,https://www.fukushi.metro.tokyo.lg.jp/documents/d/fukushi/20260801_seishin_byouin-xlsx-xlsx
729939,曳舟こころのクリニック,131-0032,墨田区,墨田区東向島２－４７－１３　第８安井ビル４階,03-6657-5118,2025-05-01,,byouin,2026-08-01,https://www.fukushi.metro.tokyo.lg.jp/documents/d/fukushi/20260801_seishin_byouin-xlsx-xlsx
729988,はなみずきファミリークリニック,131-0041,墨田区,墨田区八広３－３８－６　４階,03-6661-8734,2025-10-01,,byouin,2026-08-01,https://www.fukushi.metro.tokyo.lg.jp/documents/d/fukushi/20260801_seishin_byouin-xlsx-xlsx
730051,社会福祉法人賛育会さんいくさんさんクリニック,130-0012,墨田区,墨田区太平３－１６－７,03-6658-5319,2026-04-01,,byouin,2026-08-01,https://www.fukushi.metro.tokyo.lg.jp/documents/d/fukushi/20260801_seishin_byouin-xlsx-xlsx
730077,医療法人社団凰真会ほりうち在宅クリニック,131-0046,墨田区,墨田区京島３－６０－５,03-6657-0745,2022-11-01,,byouin,2026-08-01,https://www.fukushi.metro.tokyo.lg.jp/documents/d/fukushi/20260801_seishin_byouin-xlsx-xlsx
730093,かりん在宅クリニック,131-0046,墨田区,墨田区京島１－１－１　イーストコア曳舟一番館２１６号室,03-4400-4678,2024-09-01,,byouin,2026-08-01,https://www.fukushi.metro.tokyo.lg.jp/documents/d/fukushi/20260801_seishin_byouin-xlsx-xlsx
770073,医療法人社団隆靖会 墨田中央病院,131-0046,墨田区,墨田区京島３－６７－１,03-3617-1414,2008-01-01,2026-01-01,byouin,2026-08-01,https://www.fukushi.metro.tokyo.lg.jp/documents/d/fukushi/20260801_seishin_byouin-xlsx-xlsx
770248,医療法人社団仁寿会 中村病院,131-0041,墨田区,墨田区八広２－１－１,03-3612-7131,2013-07-01,2025-07-01,byouin,2026-08-01,https://www.fukushi.metro.tokyo.lg.jp/documents/d/fukushi/20260801_seishin_byouin-xlsx-xlsx
770677,東京都リハビリテーション病院,131-0034,墨田区,墨田区堤通２－１４－１,03-3616-8600,2007-02-01,2025-02-01,byouin,2026-08-01,https://www.fukushi.metro.tokyo.lg.jp/documents/d/fukushi/20260801_seishin_byouin-xlsx-xlsx
770784,医療法人伯鳳会東京曳舟病院,131-0032,墨田区,墨田区東向島２－２７－１,03-5655-1120,2018-08-01,2024-08-01,byouin,2026-08-01,https://www.fukushi.metro.tokyo.lg.jp/documents/d/fukushi/20260801_seishin_byouin-xlsx-xlsx
770792,地方独立行政法人 東京都立病院機構 東京都立墨東病院,130-0022,墨田区,墨田区江東橋４－２３－１５,03-3633-6151,2007-02-01,2025-02-01,byouin,2026-08-01,https://www.fukushi.metro.tokyo.lg.jp/documents/d/fukushi/20260801_seishin_byouin-xlsx-xlsx
814905,社会医療法人社団順江会 江東病院,136-0072,江東区,江東区大島６－８－５,03-3685-2166,2007-02-01,2025-02-01,byouin,2026-08-01,https://www.fukushi.metro.tokyo.lg.jp/documents/d/fukushi/20260801_seishin_byouin-xlsx-xlsx
814913,社会福祉法人あそか会 あそか病院,135-0002,江東区,江東区住吉１－１８－１,03-3632-0290,2015-09-01,2021-09-01,byouin,2026-08-01,https://www.fukushi.metro.tokyo.lg.jp/documents/d/fukushi/20260801_seishin_byouin-xlsx-xlsx
816736,医療法人財団寿康会 寿康会病院,136-0073,江東区,江東区北砂２－１－２２,03-3645-9151,2015-07-01,2021-07-01,byouin,2026-08-01,https://www.fukushi.metro.tokyo.lg.jp/documents/d/fukushi/20260801_seishin_byouin-xlsx-xlsx
826321,医療法人社団眞應会東京イースト２１クリニック,135-0016,江東区,江東区東陽６－３－２　東京イーストタワー２階２０２のＡ,03-5632-3821,2024-06-01,,byouin,2026-08-01,https://www.fukushi.metro.tokyo.lg.jp/documents/d/fukushi/20260801_seishin_byouin-xlsx-xlsx
826743,医療法人社団 浅川クリニック,135-0004,江東区,江東区森下３－２０－６,03-5600-0033,2007-01-01,2025-01-01,byouin,2026-08-01,https://www.fukushi.metro.tokyo.lg.jp/documents/d/fukushi/20260801_seishin_byouin-xlsx-xlsx
826776,医療法人社団 ひらの亀戸ひまわり診療所,136-0071,江東区,江東区亀戸７－１０－１　Ｚビル２階,03-5609-1823,2007-02-01,2025-02-01,byouin,2026-08-01,https://www.fukushi.metro.tokyo.lg.jp/documents/d/fukushi/20260801_seishin_byouin-xlsx-xlsx
827352,白河クリニック,135-0021,江東区,江東区白河１－２－１１,03-3630-5566,2007-01-01,2025-01-01,byouin,2026-08-01,https://www.fukushi.metro.tokyo.lg.jp/documents/d/fukushi/20260801_seishin_byouin-xlsx-xlsx
827451,医療法人社団耕和会 五和貴江東クリニック,136-0071,江東区,江東区亀戸６－４２－１３,03-3636-2665,2007-01-01,2025-01-01,byouin,2026-08-01,https://www.fukushi.metro.tokyo.lg.jp/documents/d/fukushi/20260801_seishin_byouin-xlsx-xlsx
827600,医療法人社団瞳心会 笠井クリニック,136-0072,江東区,江東区大島１－３３－１２　西大島和田ビル６階,03-3684-3721,2007-01-01,2025-01-01,byouin,2026-08-01,https://www.fukushi.metro.tokyo.lg.jp/documents/d/fukushi/20260801_seishin_byouin-xlsx-xlsx
827949,医療法人社団篠宮会 篠宮クリニック,135-0004,江東区,江東区森下１－５－１０　篠宮ビル２階,03-3631-6393,2008-01-01,2026-01-01,byouin,2026-08-01,https://www.fukushi.metro.tokyo.lg.jp/documents/d/fukushi/20260801_seishin_byouin-xlsx-xlsx
828103,医療法人社団透風会 竹内小児科医院,135-0011,江東区,江東区扇橋２－１－３　ＥＴ２１－２０２,03-5606-0303,2020-11-01,,byouin,2026-08-01,https://www.fukushi.metro.tokyo.lg.jp/documents/d/fukushi/20260801_seishin_byouin-xlsx-xlsx
828228,医療法人社団康悠会 やぎぬま内科神経内科クリニック,136-0071,江東区,江東区亀戸６－２－３　田辺ビル４階,03-3636-7606,2007-02-01,2025-02-01,byouin,2026-08-01,https://www.fukushi.metro.tokyo.lg.jp/documents/d/fukushi/20260801_seishin_byouin-xlsx-xlsx
828343,医療法人社団 天寿会 亀戸天寿クリニック,136-0071,江東区,江東区亀戸５－２０－２３－２０２,03-5628-6377,2007-01-01,2025-01-01,byouin,2026-08-01,https://www.fukushi.metro.tokyo.lg.jp/documents/d/fukushi/20260801_seishin_byouin-xlsx-xlsx
828350,医療法人社団 おくむら医院,136-0076,江東区,江東区南砂２－６－３　サンライズ東陽２階,03-5653-2228,2007-02-01,2025-02-01,byouin,2026-08-01,https://www.fukushi.metro.tokyo.lg.jp/documents/d/fukushi/20260801_seishin_byouin-xlsx-xlsx
828392,ウェルネス木場公園クリニック,135-0023,江東区,江東区平野３－２－１３　ウェルネス木場公園１階,03-5245-7136,2007-04-01,2025-04-01,byouin,2026-08-01,https://www.fukushi.metro.tokyo.lg.jp/documents/d/fukushi/20260801_seishin_byouin-xlsx-xlsx
828848,潮見クリニック,135-0052,江東区,江東区潮見２－７－１,03-5634-8171,2007-01-01,2025-01-01,byouin,2026-08-01,https://www.fukushi.metro.tokyo.lg.jp/documents/d/fukushi/20260801_seishin_byouin-xlsx-xlsx
829069,医療法人社団ユメイン 野崎クリニック,135-0048,江東区,江東区門前仲町２－１１－８,03-5621-5026,2007-01-01,2025-01-01,byouin,2026-08-01,https://www.fukushi.metro.tokyo.lg.jp/documents/d/fukushi/20260801_seishin_byouin-xlsx-xlsx
829309,木場メンタルクリニック,135-0042,江東区,江東区木場２－７－１５,03-5879-5205,2007-07-01,2025-07-01,byouin,2026-08-01,https://www.fukushi.metro.tokyo.lg.jp/documents/d/fukushi/20260801_seishin_byouin-xlsx-xlsx
830083,医療法人社団惟心会 りんかい豊洲クリニック,135-0061,江東区,江東区豊洲４－４－２６　ＮＹビル１階,03-5548-5560,2008-09-01,2020-09-01,byouin,2026-08-01,https://www.fukushi.metro.tokyo.lg.jp/documents/d/fukushi/20260801_seishin_byouin-xlsx-xlsx
831081,ひびきメンタルクリニック,136-0071,江東区,江東区亀戸６－５７－１９　丸宇本社ビル６階,03-5628-2201,2014-05-01,2026-05-01,byouin,2026-08-01,https://www.fukushi.metro.tokyo.lg.jp/documents/d/fukushi/20260801_seishin_byouin-xlsx-xlsx
831180,医療法人社団 弘寿会 ＭＩＺＥＮクリニック豊洲,135-8110,江東区,江東区豊洲３－２－２０　豊洲フロント１Ｆ,03-6225-0230,2022-04-01,,byouin,2026-08-01,https://www.fukushi.metro.tokyo.lg.jp/documents/d/fukushi/20260801_seishin_byouin-xlsx-xlsx
831214,六地蔵クリニック,136-0076,江東区,江東区南砂２－２８－７,03-5690-7651,2007-01-01,2025-01-01,byouin,2026-08-01,https://www.fukushi.metro.tokyo.lg.jp/documents/d/fukushi/20260801_seishin_byouin-xlsx-xlsx
831230,新谷医院,135-0004,江東区,江東区森下３－３－５,03-6240-2725,2016-10-01,2022-10-01,byouin,2026-08-01,https://www.fukushi.metro.tokyo.lg.jp/documents/d/fukushi/20260801_seishin_byouin-xlsx-xlsx
831289,医療法人社団恵心会 ハナクリニック,136-0072,江東区,江東区大島５－３６－８　宍戸第３ビル３階,03-5858-3711,2007-01-01,2025-01-01,byouin,2026-08-01,https://www.fukushi.metro.tokyo.lg.jp/documents/d/fukushi/20260801_seishin_byouin-xlsx-xlsx
831354,医療法人社団孔良会 こころクリニック門前仲町,135-0047,江東区,江東区富岡１－３－５　一光ビル１階,03-5875-8235,2014-05-01,2026-05-01,byouin,2026-08-01,https://www.fukushi.metro.tokyo.lg.jp/documents/d/fukushi/20260801_seishin_byouin-xlsx-xlsx
831628,東陽町こころのクリニック,135-0016,江東区,江東区東陽３－２７－１７　長谷川ビル６階,03-5633-6153,2008-12-01,2020-12-01,byouin,2026-08-01,https://www.fukushi.metro.tokyo.lg.jp/documents/d/fukushi/20260801_seishin_byouin-xlsx-xlsx
831644,医療法人財団南葛勤医協 江東診療所,136-0072,江東区,江東区大島１－３６－５　江東ビル２階・３階,03-3681-9509,2007-01-01,2025-01-01,byouin,2026-08-01,https://www.fukushi.metro.tokyo.lg.jp/documents/d/fukushi/20260801_seishin_byouin-xlsx-xlsx
831859,永田医院,135-0016,江東区,江東区東陽３－１８－４,03-3644-4559,2026-04-01,,byouin,2026-08-01,https://www.fukushi.metro.tokyo.lg.jp/documents/d/fukushi/20260801_seishin_byouin-xlsx-xlsx
831941,医療法人社団オリーブ 清澄ケアクリニック,135-0024,江東区,江東区清澄３－１０－１６　ハイツ鶴巻１０２,03-3642-6474,2018-07-01,2024-07-01,byouin,2026-08-01,https://www.fukushi.metro.tokyo.lg.jp/documents/d/fukushi/20260801_seishin_byouin-xlsx-xlsx
831974,メンタルオフィス亀戸,136-0071,江東区,江東区亀戸６－５８－１１　亀戸ＥＳビル３階,03-3636-2377,2014-05-01,2026-05-01,byouin,2026-08-01,https://www.fukushi.metro.tokyo.lg.jp/documents/d/fukushi/20260801_seishin_byouin-xlsx-xlsx
832063,豊洲メンタルクリニック,135-0061,江東区,江東区豊洲４－１－２　豊洲ＴＯＳＫビル４階４０４号室,03-5859-0080,2014-07-01,2026-07-01,byouin,2026-08-01,https://www.fukushi.metro.tokyo.lg.jp/documents/d/fukushi/20260801_seishin_byouin-xlsx-xlsx
832113,オクダ在宅クリニック,136-0073,江東区,江東区北砂７－６－５,03-6659-7501,2022-08-01,,byouin,2026-08-01,https://www.fukushi.metro.tokyo.lg.jp/documents/d/fukushi/20260801_seishin_byouin-xlsx-xlsx
832154,豊洲こころのクリニック,135-0061,江東区,江東区豊洲２－２－１　アーバンドック　ららぽーと豊洲３　４階,03-3520-8381,2020-05-01,2026-05-01,byouin,2026-08-01,https://www.fukushi.metro.tokyo.lg.jp/documents/d/fukushi/20260801_seishin_byouin-xlsx-xlsx
832352,医療法人社団片桐会 たけし在宅クリニック,135-0032,江東区,江東区福住１－１７－８　東亜門前仲町ビル５階,03-5639-9163,2012-07-01,2024-07-01,byouin,2026-08-01,https://www.fukushi.metro.tokyo.lg.jp/documents/d/fukushi/20260801_seishin_byouin-xlsx-xlsx
832360,医療法人社団順晃会 稲見内科医院,136-0072,江東区,江東区大島５－８－１,03-3637-1800,2010-05-01,2022-05-01,byouin,2026-08-01,https://www.fukushi.metro.tokyo.lg.jp/documents/d/fukushi/20260801_seishin_byouin-xlsx-xlsx
832378,医療法人社団 天寿会 亀戸中央通りクリニック,136-0071,江東区,江東区亀戸５－２０－２３　ホープハセガワ１０１号室,03-5628-6531,2022-09-01,,byouin,2026-08-01,https://www.fukushi.metro.tokyo.lg.jp/documents/d/fukushi/20260801_seishin_byouin-xlsx-xlsx
832493,クリニック東陽町,135-0016,江東区,江東区東陽２－４－２６,03-3615-5547,2007-01-01,2025-01-01,byouin,2026-08-01,https://www.fukushi.metro.tokyo.lg.jp/documents/d/fukushi/20260801_seishin_byouin-xlsx-xlsx
832543,ＹＳこころのクリニック,135-0033,江東区,江東区深川１－５－５　佐藤康行真我ビル６階,03-6458-8804,2017-06-01,,byouin,2026-08-01,https://www.fukushi.metro.tokyo.lg.jp/documents/d/fukushi/20260801_seishin_byouin-xlsx-xlsx
832642,東京下町クリニック,135-0002,江東区,江東区住吉２－１７－１２,03-6679-3919,2022-05-01,,byouin,2026-08-01,https://www.fukushi.metro.tokyo.lg.jp/documents/d/fukushi/20260801_seishin_byouin-xlsx-xlsx
832709,けいこ豊洲こどもクリニック,135-0061,江東区,江東区豊洲２－５－３　アーバンドッグ・パークシティ豊洲コートＣ棟１階,03-5547-4192,2020-06-01,2026-06-01,byouin,2026-08-01,https://www.fukushi.metro.tokyo.lg.jp/documents/d/fukushi/20260801_seishin_byouin-xlsx-xlsx
832782,園ペインクリニック,136-0071,江東区,江東区亀戸７－６４－３,03-5609-7113,2023-01-01,,byouin,2026-08-01,https://www.fukushi.metro.tokyo.lg.jp/documents/d/fukushi/20260801_seishin_byouin-xlsx-xlsx
832915,医療法人社団慧療会スマイルクリニック西大島,136-0072,江東区,江東区大島１－２９－４－１０１,03-3681-9747,2016-02-01,2022-02-01,byouin,2026-08-01,https://www.fukushi.metro.tokyo.lg.jp/documents/d/fukushi/20260801_seishin_byouin-xlsx-xlsx
832956,医療法人 心温会 江東こころのクリニック,135-0001,江東区,江東区毛利２－６－１　クアルト毛利ビル１階・２階,03-6284-0612,2018-04-01,2024-04-01,byouin,2026-08-01,https://www.fukushi.metro.tokyo.lg.jp/documents/d/fukushi/20260801_seishin_byouin-xlsx-xlsx
832964,門前仲町メンタルクリニック,135-0047,江東区,江東区富岡１－２５－５　メディカルビル門前仲町８階,03-3820-0770,2023-04-01,,byouin,2026-08-01,https://www.fukushi.metro.tokyo.lg.jp/documents/d/fukushi/20260801_seishin_byouin-xlsx-xlsx
833012,亀戸ホームクリニック,136-0071,江東区,江東区亀戸２－２８－３　アセッツ亀戸１階２階,03-5875-2834,2021-05-01,,byouin,2026-08-01,https://www.fukushi.metro.tokyo.lg.jp/documents/d/fukushi/20260801_seishin_byouin-xlsx-xlsx
833046,医療法人社団悠翔会くらしケアクリニック城東,136-0071,江東区,江東区亀戸６－２８－２　ドゥーエ亀戸１階,03-6802-9150,2023-07-01,,byouin,2026-08-01,https://www.fukushi.metro.tokyo.lg.jp/documents/d/fukushi/20260801_seishin_byouin-xlsx-xlsx
833095,医療法人社団Ｐｌｅｘｕｓ大江戸江東クリニック,135-0042,江東区,江東区木場６－４－１６　バウムプラッツ２０１号,03-6666-2253,2021-04-01,,byouin,2026-08-01,https://www.fukushi.metro.tokyo.lg.jp/documents/d/fukushi/20260801_seishin_byouin-xlsx-xlsx
833178,こはる在宅クリニック,136-0072,江東区,江東区大島１－３０－４　Ｌ－ＴＯＷＥＲ１階,03-3637-0586,2025-08-01,,byouin,2026-08-01,https://www.fukushi.metro.tokyo.lg.jp/documents/d/fukushi/20260801_seishin_byouin-xlsx-xlsx
833202,医療法人社団ＣＦＳクリニックフォア亀戸,131-0071,江東区,江東区亀戸６－５８－１３　亀戸Ｓ＆Ｓビル５階,03-4565-0134,2024-05-01,,byouin,2026-08-01,https://www.fukushi.metro.tokyo.lg.jp/documents/d/fukushi/20260801_seishin_byouin-xlsx-xlsx
833236,医療法人社団尚志会東京ツナクリニック,135-0002,江東区,江東区住吉２－１０－１２　本宮ビル２階,03-6284-0840,2023-03-01,,byouin,2026-08-01,https://www.fukushi.metro.tokyo.lg.jp/documents/d/fukushi/20260801_seishin_byouin-xlsx-xlsx
833244,東陽町はぐくみファミリークリニック,135-0016,江東区,江東区東陽４－１０－８　杉船ビル東陽町６階,03-6810-5522,2021-10-01,,byouin,2026-08-01,https://www.fukushi.metro.tokyo.lg.jp/documents/d/fukushi/20260801_seishin_byouin-xlsx-xlsx
833327,パークイーストクリニック清澄白河,135-0021,江東区,江東区白河１－６－２　清澄白河メディカルブリッジ３階,03-5875-8828,2024-05-01,,byouin,2026-08-01,https://www.fukushi.metro.tokyo.lg.jp/documents/d/fukushi/20260801_seishin_byouin-xlsx-xlsx
833632,医療法人財団三友会 深川ギャザリアクリニック,135-0042,江東区,江東区木場１－５－９　深川ギャザリアＬＥＧＡＲＥ棟４階,03-5653-3500,2017-10-01,2023-10-01,byouin,2026-08-01,https://www.fukushi.metro.tokyo.lg.jp/documents/d/fukushi/20260801_seishin_byouin-xlsx-xlsx
833640,社会福祉法人暁会あかね記念クリニック,136-0072,江東区,江東区大島７－３８－１５,03-5875-3208,2026-08-01,,byouin,2026-08-01,https://www.fukushi.metro.tokyo.lg.jp/documents/d/fukushi/20260801_seishin_byouin-xlsx-xlsx
833822,まどか左岸こころクリニック,135-0007,江東区,江東区新大橋２－７－４　Ｂｅｌｌｅｖｉａｇｅ　Ｍｏｒｉｓｈｉｔａ１０２,03-6659-9293,2026-01-01,,byouin,2026-08-01,https://www.fukushi.metro.tokyo.lg.jp/documents/d/fukushi/20260801_seishin_byouin-xlsx-xlsx
833954,クオッカ在宅クリニック,136-0071,江東区,江東区亀戸１－２－３　亀戸天ビル６０３号室,03-3637-2525,2026-06-01,,byouin,2026-08-01,https://www.fukushi.metro.tokyo.lg.jp/documents/d/fukushi/20260801_seishin_byouin-xlsx-xlsx
834028,医療法人社団ＳＧＮスガノ脳神経外科クリニック,135-0062,江東区,江東区東雲１－５－１９,03-5534-9141,2023-07-01,,byouin,2026-08-01,https://www.fukushi.metro.tokyo.lg.jp/documents/d/fukushi/20260801_seishin_byouin-xlsx-xlsx
870857,医療法人社団 藤﨑病院,136-0076,江東区,江東区南砂１－２５－１１,03-3648-2111,2007-01-01,2025-01-01,byouin,2026-08-01,https://www.fukushi.metro.tokyo.lg.jp/documents/d/fukushi/20260801_seishin_byouin-xlsx-xlsx
870899,順天堂大学医学部附属 順天堂東京江東高齢者医療センター,136-0075,江東区,江東区新砂３－３－２０,03-5632-3111,2007-02-01,2025-02-01,byouin,2026-08-01,https://www.fukushi.metro.tokyo.lg.jp/documents/d/fukushi/20260801_seishin_byouin-xlsx-xlsx
870923,公益財団法人がん研究会 有明病院,135-0063,江東区,江東区有明３－８－３１,03-3520-0111,2012-02-01,2024-02-01,byouin,2026-08-01,https://www.fukushi.metro.tokyo.lg.jp/documents/d/fukushi/20260801_seishin_byouin-xlsx-xlsx
870949,東京都立東部療育センター,136-0075,江東区,江東区新砂３－３－２５,03-5632-8070,2007-01-01,2025-01-01,byouin,2026-08-01,https://www.fukushi.metro.tokyo.lg.jp/documents/d/fukushi/20260801_seishin_byouin-xlsx-xlsx
870964,医療法人社団高裕会 深川立川病院,135-0011,江東区,江東区扇橋２－２－３,03-3645-2101,2007-02-01,2025-02-01,byouin,2026-08-01,https://www.fukushi.metro.tokyo.lg.jp/documents/d/fukushi/20260801_seishin_byouin-xlsx-xlsx
870972,医療法人青峰会 くじらホスピタル,135-0051,江東区,江東区枝川３－８－２５,03-5634-1123,2006-06-01,2024-06-01,byouin,2026-08-01,https://www.fukushi.metro.tokyo.lg.jp/documents/d/fukushi/20260801_seishin_byouin-xlsx-xlsx
870980,昭和大学江東豊洲病院,135-8577,江東区,江東区豊洲５－１－３８,03-6204-6000,2025-04-01,,byouin,2026-08-01,https://www.fukushi.metro.tokyo.lg.jp/documents/d/fukushi/20260801_seishin_byouin-xlsx-xlsx
913137,医療法人社団仁生堂大村病院,140-0014,品川区,品川区大井３－２７－１１,03-3773-0102,2024-08-01,,byouin,2026-08-01,https://www.fukushi.metro.tokyo.lg.jp/documents/d/fukushi/20260801_seishin_byouin-xlsx-xlsx
915413,昭和医科大学病院,142-8666,品川区,品川区旗の台１－５－８,03-3784-8000,2013-05-01,2025-05-01,byouin,2026-08-01,https://www.fukushi.metro.tokyo.lg.jp/documents/d/fukushi/20260801_seishin_byouin-xlsx-xlsx
915801,公益財団法人河野臨牀医学研究所附属第三北品川病院,140-0001,品川区,品川区北品川３－３－７,03-3474-1831,2021-01-01,,byouin,2026-08-01,https://www.fukushi.metro.tokyo.lg.jp/documents/d/fukushi/20260801_seishin_byouin-xlsx-xlsx
925628,藤井診療所,141-0022,品川区,品川区東五反田３－１５－１３,03-3445-8441,2007-01-01,2025-01-01,byouin,2026-08-01,https://www.fukushi.metro.tokyo.lg.jp/documents/d/fukushi/20260801_seishin_byouin-xlsx-xlsx
927806,医療法人財団城南福祉医療協会 三ッ木診療所,141-0033,品川区,品川区西品川２－１３－２０,03-3779-0031,2007-01-01,2025-01-01,byouin,2026-08-01,https://www.fukushi.metro.tokyo.lg.jp/documents/d/fukushi/20260801_seishin_byouin-xlsx-xlsx
927970,医療法人社団 東品川クリニック,140-0002,品川区,品川区東品川３－１８－３　神興ビル３階,03-3472-6684,2007-01-01,2025-01-01,byouin,2026-08-01,https://www.fukushi.metro.tokyo.lg.jp/documents/d/fukushi/20260801_seishin_byouin-xlsx-xlsx
928663,医療法人社団桐花会 川村内科クリニック,140-0003,品川区,品川区八潮５－８－４７－１０５,03-3799-1577,2008-01-01,2026-01-01,byouin,2026-08-01,https://www.fukushi.metro.tokyo.lg.jp/documents/d/fukushi/20260801_seishin_byouin-xlsx-xlsx
928887,白井クリニック,140-0014,品川区,品川区大井２－４－１,03-3771-7265,2007-01-01,2025-01-01,byouin,2026-08-01,https://www.fukushi.metro.tokyo.lg.jp/documents/d/fukushi/20260801_seishin_byouin-xlsx-xlsx
929034,医療法人社団恵泉会 荏原中延クリニック,142-0053,品川区,品川区中延２－１５－５,03-3784-7013,2007-01-01,2025-01-01,byouin,2026-08-01,https://www.fukushi.metro.tokyo.lg.jp/documents/d/fukushi/20260801_seishin_byouin-xlsx-xlsx
929208,医療法人社団二葉会 シティクリニック,141-0022,品川区,品川区東五反田２－２－１６　富久屋ビル３階,03-3440-2778,2006-12-01,2024-12-01,byouin,2026-08-01,https://www.fukushi.metro.tokyo.lg.jp/documents/d/fukushi/20260801_seishin_byouin-xlsx-xlsx
929406,医療法人社団公孫堂 安澤医院,140-0014,品川区,品川区大井５－１４－４,03-3772-5757,2021-02-01,,byouin,2026-08-01,https://www.fukushi.metro.tokyo.lg.jp/documents/d/fukushi/20260801_seishin_byouin-xlsx-xlsx
929596,田中クリニック,142-0064,品川区,品川区旗の台２－１－１６　ＫＧＭ　ＨＩＬＬＳ　２階,03-3786-8353,2007-01-01,2025-01-01,byouin,2026-08-01,https://www.fukushi.metro.tokyo.lg.jp/documents/d/fukushi/20260801_seishin_byouin-xlsx-xlsx
929687,松山クリニック,140-0015,品川区,品川区西大井６－１５－１２,03-3778-3815,2007-01-01,2025-01-01,byouin,2026-08-01,https://www.fukushi.metro.tokyo.lg.jp/documents/d/fukushi/20260801_seishin_byouin-xlsx-xlsx
929703,医療法人財団太光会柿島医院,140-0014,品川区,品川区大井３－２１－１０　パレスハーゼル１階,03-3775-5171,2008-01-01,2026-01-01,byouin,2026-08-01,https://www.fukushi.metro.tokyo.lg.jp/documents/d/fukushi/20260801_seishin_byouin-xlsx-xlsx
929927,医療法人社団聖純根会 村木医院,141-0022,品川区,品川区東五反田１－１０－３,03-3447-6292,2007-01-01,2025-01-01,byouin,2026-08-01,https://www.fukushi.metro.tokyo.lg.jp/documents/d/fukushi/20260801_seishin_byouin-xlsx-xlsx
930362,医療法人社団フジシロ会 伊藤内科,141-0001,品川区,品川区北品川５－８－１５　２階,03-3440-5616,2007-09-01,2025-09-01,byouin,2026-08-01,https://www.fukushi.metro.tokyo.lg.jp/documents/d/fukushi/20260801_seishin_byouin-xlsx-xlsx
931121,目黒心療クリニック,141-0021,品川区,品川区上大崎２－２４－１３　目黒西口マンション１号館３０４,03-3490-3040,2007-01-01,2025-01-01,byouin,2026-08-01,https://www.fukushi.metro.tokyo.lg.jp/documents/d/fukushi/20260801_seishin_byouin-xlsx-xlsx
931253,医療法人社団こだま会 こだまクリニック,142-0063,品川区,品川区荏原１－１４－１　シェヌー桐ヶ谷１階,03-5759-6766,2007-01-01,2025-01-01,byouin,2026-08-01,https://www.fukushi.metro.tokyo.lg.jp/documents/d/fukushi/20260801_seishin_byouin-xlsx-xlsx
931295,徳井記念五反田メンタルクリニック,141-0031,品川区,品川区西五反田２－１３－８　山崎ビル２階,03-3494-6691,2007-01-01,2025-01-01,byouin,2026-08-01,https://www.fukushi.metro.tokyo.lg.jp/documents/d/fukushi/20260801_seishin_byouin-xlsx-xlsx
931436,大井町メンタルクリニック,140-0011,品川区,品川区東大井５－１４－１１　セントポールビル３階,03-3450-2112,2007-01-01,2025-01-01,byouin,2026-08-01,https://www.fukushi.metro.tokyo.lg.jp/documents/d/fukushi/20260801_seishin_byouin-xlsx-xlsx
931519,武越内科クリニック,140-0013,品川区,品川区南大井６－２０－８　リードシー大森ビル２階,03-5471-0390,2025-12-01,,byouin,2026-08-01,https://www.fukushi.metro.tokyo.lg.jp/documents/d/fukushi/20260801_seishin_byouin-xlsx-xlsx
931634,昭和通り内科診療所,142-0054,品川区,品川区西中延２－１７－３　渡部ビル１階,03-3784-5821,2012-01-01,2024-01-01,byouin,2026-08-01,https://www.fukushi.metro.tokyo.lg.jp/documents/d/fukushi/20260801_seishin_byouin-xlsx-xlsx
931758,医療法人社団七福会 ホリィマームクリニック旗の台,142-0064,品川区,品川区旗の台２－１－２２　もとまる２号館３階,03-5749-5881,2008-01-01,2026-01-01,byouin,2026-08-01,https://www.fukushi.metro.tokyo.lg.jp/documents/d/fukushi/20260801_seishin_byouin-xlsx-xlsx
931949,医療法人社団ＮＩＨ なるき内科クリニック,142-0043,品川区,品川区二葉３－２６－６　ヴィラ西大井１０１,03-5702-2255,2008-01-01,2026-01-01,byouin,2026-08-01,https://www.fukushi.metro.tokyo.lg.jp/documents/d/fukushi/20260801_seishin_byouin-xlsx-xlsx
932137,医療法人社団孝徳会孝仁クリニック,140-0011,品川区,品川区東大井５－１４－１１－１Ｆ,03-3474-5566,2022-11-01,,byouin,2026-08-01,https://www.fukushi.metro.tokyo.lg.jp/documents/d/fukushi/20260801_seishin_byouin-xlsx-xlsx
932202,医療法人 Ａｖｅｃ Ｖｏｕｓ 東京いそべクリニック,140-0014,品川区,品川区大井１－４９－１２　ライオンズマンション大井２階２０２号,03-5742-2225,2006-04-01,2024-04-01,byouin,2026-08-01,https://www.fukushi.metro.tokyo.lg.jp/documents/d/fukushi/20260801_seishin_byouin-xlsx-xlsx
932343,もりしたクリニック,142-0063,品川区,品川区荏原３－７－５　和田ビル２階,03-5750-2832,2006-10-01,2024-10-01,byouin,2026-08-01,https://www.fukushi.metro.tokyo.lg.jp/documents/d/fukushi/20260801_seishin_byouin-xlsx-xlsx
932483,武蔵小山メンタルクリニック,142-0062,品川区,品川区小山３－２６－１　ヒルズムサコビル６階,03-3782-5955,2008-01-01,2026-01-01,byouin,2026-08-01,https://www.fukushi.metro.tokyo.lg.jp/documents/d/fukushi/20260801_seishin_byouin-xlsx-xlsx
932541,クリニック飯塚,141-0031,品川区,品川区西五反田８－１－１０　ヒキカタ五反田ビル５階,03-3495-8761,2007-01-01,2025-01-01,byouin,2026-08-01,https://www.fukushi.metro.tokyo.lg.jp/documents/d/fukushi/20260801_seishin_byouin-xlsx-xlsx
932970,医療法人社団城南はじめ会ひろ在宅クリニック,140-0013,品川区,品川区南大井６－１９－７　ＨＡＲＵビル４階,03-5753-5695,2020-02-01,,byouin,2026-08-01,https://www.fukushi.metro.tokyo.lg.jp/documents/d/fukushi/20260801_seishin_byouin-xlsx-xlsx
933069,東京こうクリニック,141-0021,品川区,品川区上大崎４－５－１８,03-3495-0506,2015-03-01,2021-03-01,byouin,2026-08-01,https://www.fukushi.metro.tokyo.lg.jp/documents/d/fukushi/20260801_seishin_byouin-xlsx-xlsx
933119,えとうメンタルクリニック目黒,141-0021,品川区,品川区上大崎２－１３－４５,03-6277-1338,2008-06-01,2026-06-01,byouin,2026-08-01,https://www.fukushi.metro.tokyo.lg.jp/documents/d/fukushi/20260801_seishin_byouin-xlsx-xlsx
933366,医療法人社団信俊会 心療内科アーツクリニック大崎,141-0032,品川区,品川区大崎１－６－４　大崎ニューシティ４号館２階,03-5745-0668,2007-02-01,2025-02-01,byouin,2026-08-01,https://www.fukushi.metro.tokyo.lg.jp/documents/d/fukushi/20260801_seishin_byouin-xlsx-xlsx
933507,旗の台メンタルクリニック,142-0064,品川区,品川区旗の台２－６－９　サンヴィアーレノーブル旗の台１階,03-5788-3080,2010-04-01,2022-04-01,byouin,2026-08-01,https://www.fukushi.metro.tokyo.lg.jp/documents/d/fukushi/20260801_seishin_byouin-xlsx-xlsx
933887,めぐろ駅東口メンタルクリニック,141-0021,品川区,品川区上大崎３－３－１　オバタビル５階,03-6277-2188,2009-07-01,2021-07-01,byouin,2026-08-01,https://www.fukushi.metro.tokyo.lg.jp/documents/d/fukushi/20260801_seishin_byouin-xlsx-xlsx
933937,医療法人社団桜愛会 サザンガーデンクリニック,141-0022,品川区,品川区東五反田２－１０－１－２０２,03-5791-3636,2019-10-01,2025-10-01,byouin,2026-08-01,https://www.fukushi.metro.tokyo.lg.jp/documents/d/fukushi/20260801_seishin_byouin-xlsx-xlsx
933952,医療法人社団南七星会 西小山脳神経外科・整形外科,142-0062,品川区,品川区小山６－４－１４　メディケア西小山２階,03-3783-0777,2012-10-01,2024-10-01,byouin,2026-08-01,https://www.fukushi.metro.tokyo.lg.jp/documents/d/fukushi/20260801_seishin_byouin-xlsx-xlsx
934018,医療法人社団友徳発心会 ひめのともみクリニック,141-0032,品川区,品川区大崎４－１－２　ウィン第２五反田ビル４階,03-5436-7351,2007-01-01,2025-01-01,byouin,2026-08-01,https://www.fukushi.metro.tokyo.lg.jp/documents/d/fukushi/20260801_seishin_byouin-xlsx-xlsx
934257,社会医療法人財団城南福祉医療協会 ゆたか診療所,142-0042,品川区,品川区豊町４－１８－２１,03-3781-4723,2007-02-01,2025-02-01,byouin,2026-08-01,https://www.fukushi.metro.tokyo.lg.jp/documents/d/fukushi/20260801_seishin_byouin-xlsx-xlsx
934455,吉原医院,142-0041,品川区,品川区戸越５－８－５,03-3781-4030,2007-02-01,2025-02-01,byouin,2026-08-01,https://www.fukushi.metro.tokyo.lg.jp/documents/d/fukushi/20260801_seishin_byouin-xlsx-xlsx
934851,医療法人社団悠翔会 悠翔会在宅クリニック品川,140-0014,品川区,品川区大井４－４－６　クリスタルビル３階,03-6429-8130,2013-12-01,2025-12-01,byouin,2026-08-01,https://www.fukushi.metro.tokyo.lg.jp/documents/d/fukushi/20260801_seishin_byouin-xlsx-xlsx
935361,医療法人社団樹維会 五反田駅前メンタルクリニック,141-0031,品川区,品川区西五反田１－５－２　トラヤビル９階,03-3495-5755,2015-06-01,2021-06-01,byouin,2026-08-01,https://www.fukushi.metro.tokyo.lg.jp/documents/d/fukushi/20260801_seishin_byouin-xlsx-xlsx
935635,医療法人社団双愛会ツインハート在宅クリニック品川,140-0014,品川区,品川区大井１－５５－６　牧ビル２０１号室,03-6424-4439,2018-07-01,2024-07-01,byouin,2026-08-01,https://www.fukushi.metro.tokyo.lg.jp/documents/d/fukushi/20260801_seishin_byouin-xlsx-xlsx
935676,医療法人社団FOREST もり脳神経外科クリニック,142-0053,品川区,品川区中延５－２－２　ザ・パークハウス品川荏原町２階,03-3788-1777,2018-03-01,2024-03-01,byouin,2026-08-01,https://www.fukushi.metro.tokyo.lg.jp/documents/d/fukushi/20260801_seishin_byouin-xlsx-xlsx
935767,医療法人社団六医会品川シーサイドセントラルクリニック,140-0002,品川区,品川区東品川４－１２－６　品川シーサイドキャナルタワー１階,03-3458-2121,2007-02-01,2025-02-01,byouin,2026-08-01,https://www.fukushi.metro.tokyo.lg.jp/documents/d/fukushi/20260801_seishin_byouin-xlsx-xlsx
935775,スリープ・サポートクリニック,140-0011,品川区,品川区東大井１－１８－８　ミランビーナ１１階,03-3471-3020,2018-10-01,2024-10-01,byouin,2026-08-01,https://www.fukushi.metro.tokyo.lg.jp/documents/d/fukushi/20260801_seishin_byouin-xlsx-xlsx
935833,医療法人社団藤樹会北品川藤クリニック,140-0001,品川区,品川区北品川１－２３－１８,03-6433-9957,2015-10-01,2021-10-01,byouin,2026-08-01,https://www.fukushi.metro.tokyo.lg.jp/documents/d/fukushi/20260801_seishin_byouin-xlsx-xlsx
935981,Ｊメンタル五反田駅前クリニック,141-0031,品川区,品川区西五反田２－５－２五反田東幸ビル７Ｆ,03-3491-7773,2011-11-01,2023-11-01,byouin,2026-08-01,https://www.fukushi.metro.tokyo.lg.jp/documents/d/fukushi/20260801_seishin_byouin-xlsx-xlsx
936088,マコトメンタルクリニック,141-0021,品川区,品川区上大崎２－１７－２　ＪＲ目黒グリーンビル７階,03-6420-3500,2008-06-01,2026-06-01,byouin,2026-08-01,https://www.fukushi.metro.tokyo.lg.jp/documents/d/fukushi/20260801_seishin_byouin-xlsx-xlsx
936138,五反田こころのクリニック,141-0022,品川区,品川区東五反田５－２８－９　五反田第三花谷ビル８階,03-6455-7638,2019-10-01,2025-10-01,byouin,2026-08-01,https://www.fukushi.metro.tokyo.lg.jp/documents/d/fukushi/20260801_seishin_byouin-xlsx-xlsx
936187,医療法人社団早雲会北条クリニックはたのだい,142-0064,品川区,品川区旗の台５－２－７　岩田ビル１階１０１号室,03-6426-9067,2019-12-01,2025-12-01,byouin,2026-08-01,https://www.fukushi.metro.tokyo.lg.jp/documents/d/fukushi/20260801_seishin_byouin-xlsx-xlsx
936229,そばにクリニック大井町,140-0014,品川区,品川区大井１－２２－５　八木ビル６階,03-3773-3082,2020-03-01,2026-03-01,byouin,2026-08-01,https://www.fukushi.metro.tokyo.lg.jp/documents/d/fukushi/20260801_seishin_byouin-xlsx-xlsx
936526,医療法人社団 弘寿会 南品川スマートクリニック,140-0004,品川区,品川区南品川３－６－３６－１０１,03-6810-3375,2022-07-01,,byouin,2026-08-01,https://www.fukushi.metro.tokyo.lg.jp/documents/d/fukushi/20260801_seishin_byouin-xlsx-xlsx
936542,北品川藤サテライトクリニック,140-0001,品川区,品川区北品川１－２４－２６,03-3471-9957,2021-05-01,,byouin,2026-08-01,https://www.fukushi.metro.tokyo.lg.jp/documents/d/fukushi/20260801_seishin_byouin-xlsx-xlsx
936633,ひなた在宅クリニック山王,140-0013,品川区,品川区南大井６－２４－６　ＤＡＩＴＯビル３階,03-6429-8671,2020-01-01,2026-01-01,byouin,2026-08-01,https://www.fukushi.metro.tokyo.lg.jp/documents/d/fukushi/20260801_seishin_byouin-xlsx-xlsx
936690,大森駅前メンタルクリニック,140-0013,品川区,品川区南大井６－２８－１２　ヒューリック大森ビル３階　Ａ区画,03-6410-8233,2022-02-01,,byouin,2026-08-01,https://www.fukushi.metro.tokyo.lg.jp/documents/d/fukushi/20260801_seishin_byouin-xlsx-xlsx
936740,ホームアレークリニック不動前,141-0031,品川区,品川区西五反田３－１５－８　Ｂｉｚ－Ｆｉｅｌｄ目黒９階,03-6420-0453,2025-07-01,,byouin,2026-08-01,https://www.fukushi.metro.tokyo.lg.jp/documents/d/fukushi/20260801_seishin_byouin-xlsx-xlsx
936799,のぞみクリニック,140-0001,品川区,品川区北品川２－９－１２　マーレ北品川１Ｆ,03-5769-0355,2018-09-01,2024-09-01,byouin,2026-08-01,https://www.fukushi.metro.tokyo.lg.jp/documents/d/fukushi/20260801_seishin_byouin-xlsx-xlsx
936872,医療法人社団至誠会横山外科内科,142-0043,品川区,品川区二葉２－３－４,03-3786-0061,2025-03-01,,byouin,2026-08-01,https://www.fukushi.metro.tokyo.lg.jp/documents/d/fukushi/20260801_seishin_byouin-xlsx-xlsx
936898,たけメンタルクリニック,141-0031,品川区,品川区西五反田２－１－１７　徳田ビル１階,03-6420-0867,2023-07-01,,byouin,2026-08-01,https://www.fukushi.metro.tokyo.lg.jp/documents/d/fukushi/20260801_seishin_byouin-xlsx-xlsx
936963,祐ホームクリニック大崎,141-0032,品川区,品川区大崎１－２０－１５　ビラ・アペックス大崎１階,050-3490-4580,2026-03-01,,byouin,2026-08-01,https://www.fukushi.metro.tokyo.lg.jp/documents/d/fukushi/20260801_seishin_byouin-xlsx-xlsx
937128,なみファミリークリニック,142-0064,品川区,品川区旗の台２－７－２　イオンタウン旗の台３０１,03-5751-7373,2023-06-01,,byouin,2026-08-01,https://www.fukushi.metro.tokyo.lg.jp/documents/d/fukushi/20260801_seishin_byouin-xlsx-xlsx
937185,まるごと在宅ケアクリニック,142-0041,品川区,品川区戸越５－４－３　アズ品川ビル５階,03-6426-8341,2020-09-01,,byouin,2026-08-01,https://www.fukushi.metro.tokyo.lg.jp/documents/d/fukushi/20260801_seishin_byouin-xlsx-xlsx
937193,医療法人社団成仁会目黒駅前さくらクリニック,141-0021,品川区,品川区上大崎２－１２－２　ミズホビル２階・３階,03-5422-8391,2023-08-01,,byouin,2026-08-01,https://www.fukushi.metro.tokyo.lg.jp/documents/d/fukushi/20260801_seishin_byouin-xlsx-xlsx
937284,こころのクリニックリエゾン目黒,141-0021,品川区,品川区上大崎２－１４－９　目黒東誠ビル８階,03-5422-9336,2023-06-01,,byouin,2026-08-01,https://www.fukushi.metro.tokyo.lg.jp/documents/d/fukushi/20260801_seishin_byouin-xlsx-xlsx
937318,医療法人社団彩心会ひつじの森メンタルクリニック,141-0022,品川区,品川区東五反田５－２７－３　第二野村ビル４階,03-3473-1029,2022-04-01,,byouin,2026-08-01,https://www.fukushi.metro.tokyo.lg.jp/documents/d/fukushi/20260801_seishin_byouin-xlsx-xlsx
937375,中延医院,142-0053,品川区,品川区中延２－８－１２,03-3787-6006,2006-08-01,2024-08-01,byouin,2026-08-01,https://www.fukushi.metro.tokyo.lg.jp/documents/d/fukushi/20260801_seishin_byouin-xlsx-xlsx
937417,むさこメンタルクリニック,142-0062,品川区,品川区小山３－１４－１　シティタワー武蔵小山２階,03-6426-1561,2024-06-01,,byouin,2026-08-01,https://www.fukushi.metro.tokyo.lg.jp/documents/d/fukushi/20260801_seishin_byouin-xlsx-xlsx
937466,永山メンタルクリニック五反田,141-0022,品川区,品川区東五反田１－１１－８　大阪屋ビル４階,03-3447-9988,2019-04-01,2025-04-01,byouin,2026-08-01,https://www.fukushi.metro.tokyo.lg.jp/documents/d/fukushi/20260801_seishin_byouin-xlsx-xlsx
937631,中延駅前メンタルクリニック品川,142-0053,品川区,品川区中延４－５－２０　中延ＫＩビル２０２,03-6426-1025,2024-12-01,,byouin,2026-08-01,https://www.fukushi.metro.tokyo.lg.jp/documents/d/fukushi/20260801_seishin_byouin-xlsx-xlsx
937649,ひらつか医院品川シーサイド,140-0002,品川区,品川区東品川３－２７－２２　河瀬ビル１階,050-1722-3856,2025-04-01,,byouin,2026-08-01,https://www.fukushi.metro.tokyo.lg.jp/documents/d/fukushi/20260801_seishin_byouin-xlsx-xlsx
937656,アウル五反田駅前心療内科,141-0022,品川区,品川区東五反田１－１４－９　ＦＳビル８階,03-5447-0300,2025-02-01,,byouin,2026-08-01,https://www.fukushi.metro.tokyo.lg.jp/documents/d/fukushi/20260801_seishin_byouin-xlsx-xlsx
937698,五反田ストレスケアクリニック,141-0022,品川区,品川区東五反田３－２０－１７　３階,03-5422-6435,2025-06-01,,byouin,2026-08-01,https://www.fukushi.metro.tokyo.lg.jp/documents/d/fukushi/20260801_seishin_byouin-xlsx-xlsx
937870,旗の台あまねクリニック,142-0064,品川区,品川区旗の台３－１３－５　マロニエビル２階,03-6426-2346,2025-11-01,,byouin,2026-08-01,https://www.fukushi.metro.tokyo.lg.jp/documents/d/fukushi/20260801_seishin_byouin-xlsx-xlsx
937912,スリープ＆ストレスクリニック,141-6003,品川区,品川区大崎２－１－１　ＴｈｉｎｋＰａｒｋＴｏｗｅｒ３階,03-5745-3080,2007-12-01,2025-12-01,byouin,2026-08-01,https://www.fukushi.metro.tokyo.lg.jp/documents/d/fukushi/20260801_seishin_byouin-xlsx-xlsx
937961,荏原町駅前メンタルクリニック,142-0053,品川区,品川区中延５－６－４,03-6426-1986,2026-01-01,,byouin,2026-08-01,https://www.fukushi.metro.tokyo.lg.jp/documents/d/fukushi/20260801_seishin_byouin-xlsx-xlsx
937987,中村医院,142-0053,品川区,品川区中延６－４－１７,03-3784-0128,2008-01-01,2026-01-01,byouin,2026-08-01,https://www.fukushi.metro.tokyo.lg.jp/documents/d/fukushi/20260801_seishin_byouin-xlsx-xlsx
970095,ＮＴＴ東日本関東病院,141-8625,品川区,品川区東五反田５－９－２２,03-3448-6181,2007-01-01,2025-01-01,byouin,2026-08-01,https://www.fukushi.metro.tokyo.lg.jp/documents/d/fukushi/20260801_seishin_byouin-xlsx-xlsx
970533,学校法人昭和医科大学 昭和医科大学病院附属東病院,142-0054,品川区,品川区西中延２－１４－１９,03-3784-8000,2007-02-01,2025-02-01,byouin,2026-08-01,https://www.fukushi.metro.tokyo.lg.jp/documents/d/fukushi/20260801_seishin_byouin-xlsx-xlsx
970541,医療法人社団旗の台病院旗の台病院,142-0064,品川区,品川区旗の台５－１７－１６,03-3781-1108,2007-01-01,2025-01-01,byouin,2026-08-01,https://www.fukushi.metro.tokyo.lg.jp/documents/d/fukushi/20260801_seishin_byouin-xlsx-xlsx
970590,東京品川病院,140-8522,品川区,品川区東大井６－３－２２,03-3764-0511,2007-01-01,2025-01-01,byouin,2026-08-01,https://www.fukushi.metro.tokyo.lg.jp/documents/d/fukushi/20260801_seishin_byouin-xlsx-xlsx
1032960,目黒駅前メンタルクリニック,141-0021,品川区,目黒区下目黒１－１－１４　コノトラビル４階,03-3490-8699,2007-01-01,2025-01-01,byouin,2026-08-01,https://www.fukushi.metro.tokyo.lg.jp/documents/d/fukushi/20260801_seishin_byouin-xlsx-xlsx
1033109,医療法人社団長寿丸けいクリニック,153-0064,品川区,目黒区下目黒１－３－２７　アセンド目黒７階,03-6456-2620,2023-11-01,,byouin,2026-08-01,https://www.fukushi.metro.tokyo.lg.jp/documents/d/fukushi/20260801_seishin_byouin-xlsx-xlsx
1015262,国家公務員共済組合連合会 東京共済病院,153-8934,目黒区,目黒区中目黒２－３－８,03-3712-3151,2007-11-01,2025-11-01,byouin,2026-08-01,https://www.fukushi.metro.tokyo.lg.jp/documents/d/fukushi/20260801_seishin_byouin-xlsx-xlsx
1015270,国家公務員共済組合連合会 三宿病院,153-0051,目黒区,目黒区上目黒５－３３－１２,03-3711-5771,2008-01-01,2026-01-01,byouin,2026-08-01,https://www.fukushi.metro.tokyo.lg.jp/documents/d/fukushi/20260801_seishin_byouin-xlsx-xlsx
1026061,医療法人社団明洋会 柴垣医院自由が丘,152-0035,目黒区,目黒区自由が丘１－１３－４　２階,03-3724-0066,2016-07-01,2022-07-01,byouin,2026-08-01,https://www.fukushi.metro.tokyo.lg.jp/documents/d/fukushi/20260801_seishin_byouin-xlsx-xlsx
1027127,医療法人社団洗松会 洗足心療内科クリニック,152-0012,目黒区,目黒区洗足２－２６－１５－１０５号,03-3785-7672,2007-01-01,2025-01-01,byouin,2026-08-01,https://www.fukushi.metro.tokyo.lg.jp/documents/d/fukushi/20260801_seishin_byouin-xlsx-xlsx
1027796,柿の木坂クリニック,152-0022,目黒区,目黒区柿の木坂２－８－１４,03-5726-3422,2007-01-01,2025-01-01,byouin,2026-08-01,https://www.fukushi.metro.tokyo.lg.jp/documents/d/fukushi/20260801_seishin_byouin-xlsx-xlsx
1027887,友成クリニック,153-0063,目黒区,目黒区目黒４－１０－１０,03-3715-1181,2007-02-01,2025-02-01,byouin,2026-08-01,https://www.fukushi.metro.tokyo.lg.jp/documents/d/fukushi/20260801_seishin_byouin-xlsx-xlsx
1027945,鷹番メンタルクリニック,152-0004,目黒区,目黒区鷹番３－１１－８　コート鷹番地下１階,03-5724-6963,2007-01-01,2025-01-01,byouin,2026-08-01,https://www.fukushi.metro.tokyo.lg.jp/documents/d/fukushi/20260801_seishin_byouin-xlsx-xlsx
1028091,あやクリニック,152-0004,目黒区,目黒区鷹番３－８－７　Ｏ・Ｎビル２階,03-3713-8639,2007-01-01,2025-01-01,byouin,2026-08-01,https://www.fukushi.metro.tokyo.lg.jp/documents/d/fukushi/20260801_seishin_byouin-xlsx-xlsx
1028109,学芸大学ファミリークリニック,152-0004,目黒区,目黒区鷹番３－１５－２３　アウ゛ァンＧＡＫＵＧＥＩビル２階,03-5768-3930,2007-01-01,2025-01-01,byouin,2026-08-01,https://www.fukushi.metro.tokyo.lg.jp/documents/d/fukushi/20260801_seishin_byouin-xlsx-xlsx
1028315,医療法人社団松原会 祐天寺ハートフルクリニック,153-0052,目黒区,目黒区祐天寺２－１５－１７　祐天寺サンタビル２階２０４号,03-5773-9773,2007-01-01,2025-01-01,byouin,2026-08-01,https://www.fukushi.metro.tokyo.lg.jp/documents/d/fukushi/20260801_seishin_byouin-xlsx-xlsx
1028372,医療法人社団恵絢会 学芸大駅前神経科クリニック,152-0004,目黒区,目黒区鷹番２－１９－１７　城南鷹番ビル３階,03-3794-0230,2007-01-01,2025-01-01,byouin,2026-08-01,https://www.fukushi.metro.tokyo.lg.jp/documents/d/fukushi/20260801_seishin_byouin-xlsx-xlsx
1028406,ひまわり井田クリニック,153-0063,目黒区,目黒区目黒３－１４－３,03-3791-7650,2007-03-01,2025-03-01,byouin,2026-08-01,https://www.fukushi.metro.tokyo.lg.jp/documents/d/fukushi/20260801_seishin_byouin-xlsx-xlsx
1028414,医療法人社団桂香会 中目黒メンタルクリニック,153-0051,目黒区,目黒区上目黒３－２－２－８階,03-5768-2688,2007-01-01,2025-01-01,byouin,2026-08-01,https://www.fukushi.metro.tokyo.lg.jp/documents/d/fukushi/20260801_seishin_byouin-xlsx-xlsx
1028554,木暮医院,152-0003,目黒区,目黒区碑文谷４－１８－１１,03-3715-5903,2007-01-01,2025-01-01,byouin,2026-08-01,https://www.fukushi.metro.tokyo.lg.jp/documents/d/fukushi/20260801_seishin_byouin-xlsx-xlsx
1028745,今井医院,152-0004,目黒区,目黒区鷹番３－１５－４,03-3712-3481,2007-01-01,2025-01-01,byouin,2026-08-01,https://www.fukushi.metro.tokyo.lg.jp/documents/d/fukushi/20260801_seishin_byouin-xlsx-xlsx
1029263,医療法人社団ファーストムーブメント 木村メディカルクリニック,153-0053,目黒区,目黒区五本木３－２５－１５－１階,03-5773-6880,2007-01-01,2025-01-01,byouin,2026-08-01,https://www.fukushi.metro.tokyo.lg.jp/documents/d/fukushi/20260801_seishin_byouin-xlsx-xlsx
1029453,たまきクリニック,152-0035,目黒区,目黒区自由が丘１－７－１４　ドゥーブルビル３階,03-5731-7216,2008-09-01,2020-09-01,byouin,2026-08-01,https://www.fukushi.metro.tokyo.lg.jp/documents/d/fukushi/20260801_seishin_byouin-xlsx-xlsx
1029818,こばやしクリニック,152-0011,目黒区,目黒区原町１－１１－１　コトブキビル１階,03-5722-0625,2007-01-01,2025-01-01,byouin,2026-08-01,https://www.fukushi.metro.tokyo.lg.jp/documents/d/fukushi/20260801_seishin_byouin-xlsx-xlsx
1030063,たくみクリニック,152-0004,目黒区,目黒区鷹番３－８－７　Ｏ・Ｎビル３階,03-6303-3388,2011-11-01,2023-11-01,byouin,2026-08-01,https://www.fukushi.metro.tokyo.lg.jp/documents/d/fukushi/20260801_seishin_byouin-xlsx-xlsx
1030170,吉田医院,152-0003,目黒区,目黒区碑文谷１－２８－１１,03-3712-3396,2008-06-01,2026-06-01,byouin,2026-08-01,https://www.fukushi.metro.tokyo.lg.jp/documents/d/fukushi/20260801_seishin_byouin-xlsx-xlsx
1030204,駒沢ケイクリニック,152-0021,目黒区,目黒区東が丘２－１３－８,03-5712-5581,2007-01-01,2025-01-01,byouin,2026-08-01,https://www.fukushi.metro.tokyo.lg.jp/documents/d/fukushi/20260801_seishin_byouin-xlsx-xlsx
1030220,学芸大学メンタルケアクリニック,152-0004,目黒区,目黒区鷹番３－６－１８　カザーナ学芸大学２階,03-6451-0460,2012-08-01,2024-08-01,byouin,2026-08-01,https://www.fukushi.metro.tokyo.lg.jp/documents/d/fukushi/20260801_seishin_byouin-xlsx-xlsx
1030287,医療法人社団一輝会 自由が丘ＭＣクリニック,152-0035,目黒区,目黒区自由が丘１－３－１７,03-3717-3514,2009-12-01,2021-12-01,byouin,2026-08-01,https://www.fukushi.metro.tokyo.lg.jp/documents/d/fukushi/20260801_seishin_byouin-xlsx-xlsx
1030535,都立大メンタルクリニック,152-0031,目黒区,目黒区中根２－１－１２　ボヌール都立大学参番館地下１階,03-5726-9870,2014-07-01,2026-07-01,byouin,2026-08-01,https://www.fukushi.metro.tokyo.lg.jp/documents/d/fukushi/20260801_seishin_byouin-xlsx-xlsx
1030766,医療法人社団ホームアレー ホームアレークリニック城南,152-0034,目黒区,目黒区緑が丘３－１－７　セトル緑が丘１階,03-5731-0151,2015-12-01,2021-12-01,byouin,2026-08-01,https://www.fukushi.metro.tokyo.lg.jp/documents/d/fukushi/20260801_seishin_byouin-xlsx-xlsx
1030832,医療法人社団心翠会 自由が丘ファミリークリニック,152-0034,目黒区,目黒区緑が丘２－１８－１６　地下１階,03-5726-8364,2016-05-01,2022-05-01,byouin,2026-08-01,https://www.fukushi.metro.tokyo.lg.jp/documents/d/fukushi/20260801_seishin_byouin-xlsx-xlsx
1031061,祐天寺松本クリニック,153-0052,目黒区,目黒区祐天寺２－１７－１１,03-3710-0071,2007-01-01,2025-01-01,byouin,2026-08-01,https://www.fukushi.metro.tokyo.lg.jp/documents/d/fukushi/20260801_seishin_byouin-xlsx-xlsx
1031210,林試の森クリニック,153-0064,目黒区,目黒区下目黒５－３４－１６,03-3712-7871,2018-04-01,2024-04-01,byouin,2026-08-01,https://www.fukushi.metro.tokyo.lg.jp/documents/d/fukushi/20260801_seishin_byouin-xlsx-xlsx
1031269,医療法人社団博淳会 楢林神経内科クリニック,153-0061,目黒区,目黒区中目黒５－１２－１０,03-3712-0693,2014-08-01,2020-08-01,byouin,2026-08-01,https://www.fukushi.metro.tokyo.lg.jp/documents/d/fukushi/20260801_seishin_byouin-xlsx-xlsx
1031418,医療法人社団貴秋会ちあきクリニック,152-0035,目黒区,目黒区自由が丘２－８－３０,03-5726-8715,2012-10-01,2024-10-01,byouin,2026-08-01,https://www.fukushi.metro.tokyo.lg.jp/documents/d/fukushi/20260801_seishin_byouin-xlsx-xlsx
1031475,医療法人社団 大観会 宝山クリニック,153-0052,目黒区,目黒区祐天寺１－１８－９　ヒルトップ武島Ⅱ　１階,03-6451-0126,2017-05-01,2023-05-01,byouin,2026-08-01,https://www.fukushi.metro.tokyo.lg.jp/documents/d/fukushi/20260801_seishin_byouin-xlsx-xlsx
1031715,自由が丘 すずらんメンタルクリニック,152-0035,目黒区,目黒区自由が丘１－７－１３　クレオビル３０１,03-6421-1608,2020-09-01,,byouin,2026-08-01,https://www.fukushi.metro.tokyo.lg.jp/documents/d/fukushi/20260801_seishin_byouin-xlsx-xlsx
1031731,医療法人社団よるり会目黒ケイホームクリニック,153-0061,目黒区,目黒区中目黒４－５－１　エースビル２階,03-5722-5500,2023-09-01,,byouin,2026-08-01,https://www.fukushi.metro.tokyo.lg.jp/documents/d/fukushi/20260801_seishin_byouin-xlsx-xlsx
1031772,中目黒山口クリニック,153-0061,目黒区,目黒区中目黒１－５－１２　ＡＴＲＩＯ１階,03-6303-2680,2021-03-01,,byouin,2026-08-01,https://www.fukushi.metro.tokyo.lg.jp/documents/d/fukushi/20260801_seishin_byouin-xlsx-xlsx
1031814,あおば心療クリニック,153-0051,目黒区,目黒区上目黒２－１７－５,03-3713-2387,2007-01-01,2025-01-01,byouin,2026-08-01,https://www.fukushi.metro.tokyo.lg.jp/documents/d/fukushi/20260801_seishin_byouin-xlsx-xlsx
1031848,にっとのクリニック,152-0011,目黒区,目黒区原町２－１４－１７,03-5704-4092,2022-06-01,,byouin,2026-08-01,https://www.fukushi.metro.tokyo.lg.jp/documents/d/fukushi/20260801_seishin_byouin-xlsx-xlsx
1031871,医療法人社団 メディカルクリニック柿の木坂,152-0022,目黒区,目黒区柿の木坂１－１５－１５,03-5731-1599,2012-11-01,2024-11-01,byouin,2026-08-01,https://www.fukushi.metro.tokyo.lg.jp/documents/d/fukushi/20260801_seishin_byouin-xlsx-xlsx
1031921,さかいメンタルクリニック,152-0004,目黒区,目黒区鷹番３－１８－２０　塚原ビル２階,03-6412-8861,2021-07-01,,byouin,2026-08-01,https://www.fukushi.metro.tokyo.lg.jp/documents/d/fukushi/20260801_seishin_byouin-xlsx-xlsx
1032077,なかめぐろ脳神経外科・内科 頭痛クリニック,153-0051,目黒区,目黒区上目黒３－６－１８　ＷＩＮＤ　ＮＡＫＡＭＥＧＵＲＯ　ＢＬＤＧ．３階,080-4051-1994,2022-04-01,,byouin,2026-08-01,https://www.fukushi.metro.tokyo.lg.jp/documents/d/fukushi/20260801_seishin_byouin-xlsx-xlsx
1032085,ほしの内科 脳神経外科クリニック,153-0063,目黒区,目黒区目黒１－５－１９　目黒第一ビル２０６号室,03-3490-4114,2022-06-01,,byouin,2026-08-01,https://www.fukushi.metro.tokyo.lg.jp/documents/d/fukushi/20260801_seishin_byouin-xlsx-xlsx
1032176,まさこ心のクリニック自由が丘,152-0035,目黒区,目黒区自由が丘２－１６－１９－２０２,03-6421-4116,2022-08-01,,byouin,2026-08-01,https://www.fukushi.metro.tokyo.lg.jp/documents/d/fukushi/20260801_seishin_byouin-xlsx-xlsx
1032242,曽野医院,152-0034,目黒区,目黒区緑が丘１－２２－３,03-3723-2886,2026-08-01,,byouin,2026-08-01,https://www.fukushi.metro.tokyo.lg.jp/documents/d/fukushi/20260801_seishin_byouin-xlsx-xlsx
1032283,吉井クリニック,153-0044,目黒区,目黒区大橋２－２２－４　増本ビル２階,03-3469-2502,2007-04-01,2025-04-01,byouin,2026-08-01,https://www.fukushi.metro.tokyo.lg.jp/documents/d/fukushi/20260801_seishin_byouin-xlsx-xlsx
1032382,医療法人社団慶里会都立大石森脳神経外科,152-0023,目黒区,目黒区八雲１－５－５　ホワイトフロント１階,03-3725-0177,2026-05-01,,byouin,2026-08-01,https://www.fukushi.metro.tokyo.lg.jp/documents/d/fukushi/20260801_seishin_byouin-xlsx-xlsx
1032481,Ｓｕｎさん心クリニック,153-0051,目黒区,目黒区上目黒３－１－１４　メイツ中目黒３階３０５号室,03-5773-5571,2010-10-01,2022-10-01,byouin,2026-08-01,https://www.fukushi.metro.tokyo.lg.jp/documents/d/fukushi/20260801_seishin_byouin-xlsx-xlsx
1032689,ロコクリニック中目黒,153-0042,目黒区,目黒区青葉台１－２３－４,03-5722-6565,2018-05-01,2024-05-01,byouin,2026-08-01,https://www.fukushi.metro.tokyo.lg.jp/documents/d/fukushi/20260801_seishin_byouin-xlsx-xlsx
1032747,けやき脳神経リハビリクリニック,153-0064,目黒区,目黒区下目黒２－１４－１３　下目黒ＨＡＰＰＹビル１－３階,03-5747-9280,2024-11-01,,byouin,2026-08-01,https://www.fukushi.metro.tokyo.lg.jp/documents/d/fukushi/20260801_seishin_byouin-xlsx-xlsx
1032770,中目黒こころのクリニック,153-0051,目黒区,目黒区上目黒３－１１－５　井関ビル地下１階,03-5734-1475,2025-04-01,,byouin,2026-08-01,https://www.fukushi.metro.tokyo.lg.jp/documents/d/fukushi/20260801_seishin_byouin-xlsx-xlsx
1032846,医療法人社団双愛会ツインハート在宅クリニック自由が丘,152-0035,目黒区,目黒区自由が丘１－２－７　国際パレス自由が丘１０４号室,03-6424-4454,2020-06-01,2026-06-01,byouin,2026-08-01,https://www.fukushi.metro.tokyo.lg.jp/documents/d/fukushi/20260801_seishin_byouin-xlsx-xlsx
1032887,いしさか脳神経外科クリニック,152-0022,目黒区,目黒区柿の木坂２－３０－１３　ＭｅｄｉｃＧａｒｄｅｎ柿の木坂Ｅａｓｔ１－Ａ,03-3718-0315,2025-12-01,,byouin,2026-08-01,https://www.fukushi.metro.tokyo.lg.jp/documents/d/fukushi/20260801_seishin_byouin-xlsx-xlsx
1033067,おうちの診療所 目黒,152-0004,目黒区,目黒区鷹番２－１４－７　カーサ鷹番１階,03-5726-3383,2020-09-01,,byouin,2026-08-01,https://www.fukushi.metro.tokyo.lg.jp/documents/d/fukushi/20260801_seishin_byouin-xlsx-xlsx
1070044,総合病院厚生中央病院,153-0062,目黒区,目黒区三田１－１１－７,03-3713-2141,2007-02-01,2025-02-01,byouin,2026-08-01,https://www.fukushi.metro.tokyo.lg.jp/documents/d/fukushi/20260801_seishin_byouin-xlsx-xlsx
1070689,医療法人社団爽玄会 碑文谷病院,152-0013,目黒区,目黒区南２－９－７,03-3723-1515,2018-04-01,2024-04-01,byouin,2026-08-01,https://www.fukushi.metro.tokyo.lg.jp/documents/d/fukushi/20260801_seishin_byouin-xlsx-xlsx
1070713,東邦大学医療センター大橋病院,153-0044,目黒区,目黒区大橋２－２２－３６,03-3468-1251,2007-01-01,2025-01-01,byouin,2026-08-01,https://www.fukushi.metro.tokyo.lg.jp/documents/d/fukushi/20260801_seishin_byouin-xlsx-xlsx
1070721,医療法人社団爽玄会なかねの森病院,152-0031,目黒区,目黒区中根２－７－２０,03-6421-3724,2024-10-01,,byouin,2026-08-01,https://www.fukushi.metro.tokyo.lg.jp/documents/d/fukushi/20260801_seishin_byouin-xlsx-xlsx
8615288,独立行政法人国立病院機構 東京医療センター,152-0021,目黒区,目黒区東が丘２－５－１,03-3411-0111,2007-01-01,2025-01-01,byouin,2026-08-01,https://www.fukushi.metro.tokyo.lg.jp/documents/d/fukushi/20260801_seishin_byouin-xlsx-xlsx
1113356,東邦大学医療センター大森病院,143-0015,大田区,大田区大森西６－１１－１,03-3762-4151,2007-02-01,2025-02-01,byouin,2026-08-01,https://www.fukushi.metro.tokyo.lg.jp/documents/d/fukushi/20260801_seishin_byouin-xlsx-xlsx
1115427,東京労災病院,143-0013,大田区,大田区大森南４－１３－２１,03-3742-7301,2007-01-01,2025-01-01,byouin,2026-08-01,https://www.fukushi.metro.tokyo.lg.jp/documents/d/fukushi/20260801_seishin_byouin-xlsx-xlsx
1115435,日本赤十字社東京都支部 大森赤十字病院,143-0024,大田区,大田区中央４－３０－１,03-3775-3111,2007-02-01,2025-02-01,byouin,2026-08-01,https://www.fukushi.metro.tokyo.lg.jp/documents/d/fukushi/20260801_seishin_byouin-xlsx-xlsx
1115443,独立行政法人地域医療機能推進機構東京蒲田医療センター,144-0035,大田区,大田区南蒲田２－１９－２,03-3738-8221,2021-02-01,,byouin,2026-08-01,https://www.fukushi.metro.tokyo.lg.jp/documents/d/fukushi/20260801_seishin_byouin-xlsx-xlsx
1118165,医療法人財団蔦の木会 南晴病院,144-0035,大田区,大田区南蒲田１－５－１５,03-3734-0805,2007-01-01,2025-01-01,byouin,2026-08-01,https://www.fukushi.metro.tokyo.lg.jp/documents/d/fukushi/20260801_seishin_byouin-xlsx-xlsx
1119692,大田病院,143-0012,大田区,大田区大森東４－４－１４,03-3762-8421,2007-01-01,2025-01-01,byouin,2026-08-01,https://www.fukushi.metro.tokyo.lg.jp/documents/d/fukushi/20260801_seishin_byouin-xlsx-xlsx
1128289,東京都立北療育医療センター城南分園,145-0065,大田区,大田区東雪谷４－５－１０,03-3727-0521,2007-01-01,2025-01-01,byouin,2026-08-01,https://www.fukushi.metro.tokyo.lg.jp/documents/d/fukushi/20260801_seishin_byouin-xlsx-xlsx
1130756,田園調布クリニック,145-0071,大田区,大田区田園調布３－５－７,03-3722-0801,2007-01-01,2025-01-01,byouin,2026-08-01,https://www.fukushi.metro.tokyo.lg.jp/documents/d/fukushi/20260801_seishin_byouin-xlsx-xlsx
1131614,福岡診療所,144-0045,大田区,大田区南六郷２－２５－１１,03-3733-2131,2007-02-01,2025-02-01,byouin,2026-08-01,https://www.fukushi.metro.tokyo.lg.jp/documents/d/fukushi/20260801_seishin_byouin-xlsx-xlsx
1132349,医療法人社団英信会 宮下外科,144-0051,大田区,大田区西蒲田６－２３－８,03-3732-1122,2014-06-01,2026-06-01,byouin,2026-08-01,https://www.fukushi.metro.tokyo.lg.jp/documents/d/fukushi/20260801_seishin_byouin-xlsx-xlsx
1134790,医療法人社団慈真会 柳澤医院,145-0062,大田区,大田区北千束３－２８－６,03-3729-3638,2007-09-01,2025-09-01,byouin,2026-08-01,https://www.fukushi.metro.tokyo.lg.jp/documents/d/fukushi/20260801_seishin_byouin-xlsx-xlsx
1134832,藤村クリニック,144-0035,大田区,大田区南蒲田１－１－２３－２０３,03-3733-1345,2007-01-01,2025-01-01,byouin,2026-08-01,https://www.fukushi.metro.tokyo.lg.jp/documents/d/fukushi/20260801_seishin_byouin-xlsx-xlsx
1134865,医療法人社団こころの会 タカハシクリニック,144-0052,大田区,大田区蒲田４－２９－１１,03-5703-1321,2007-01-01,2025-01-01,byouin,2026-08-01,https://www.fukushi.metro.tokyo.lg.jp/documents/d/fukushi/20260801_seishin_byouin-xlsx-xlsx
1134949,医療法人社団 すずきクリニック,143-0025,大田区,大田区南馬込２－２５－３,03-3773-7311,2007-01-01,2025-01-01,byouin,2026-08-01,https://www.fukushi.metro.tokyo.lg.jp/documents/d/fukushi/20260801_seishin_byouin-xlsx-xlsx
1135086,医療法人社団鹿苑会 山王クリニック,143-0023,大田区,大田区山王２－５－３　伊川ビル２０３号,03-5742-1700,2007-01-01,2025-01-01,byouin,2026-08-01,https://www.fukushi.metro.tokyo.lg.jp/documents/d/fukushi/20260801_seishin_byouin-xlsx-xlsx
1135169,東蒲田診療所,144-0031,大田区,大田区東蒲田２－３－３,03-3739-1915,2008-01-01,2026-01-01,byouin,2026-08-01,https://www.fukushi.metro.tokyo.lg.jp/documents/d/fukushi/20260801_seishin_byouin-xlsx-xlsx
1135227,宮下クリニック,143-0014,大田区,大田区大森中３－３５－９,03-5764-1003,2007-01-01,2025-01-01,byouin,2026-08-01,https://www.fukushi.metro.tokyo.lg.jp/documents/d/fukushi/20260801_seishin_byouin-xlsx-xlsx
1135318,医療法人社団壮友会 山口医院,145-0063,大田区,大田区南千束２－１７－２,03-3729-9153,2009-02-01,2021-02-01,byouin,2026-08-01,https://www.fukushi.metro.tokyo.lg.jp/documents/d/fukushi/20260801_seishin_byouin-xlsx-xlsx
1135524,医療法人社団快彩会 きはら整形外科,146-0092,大田区,大田区下丸子３－１３－７,03-5482-0398,2008-01-01,2026-01-01,byouin,2026-08-01,https://www.fukushi.metro.tokyo.lg.jp/documents/d/fukushi/20260801_seishin_byouin-xlsx-xlsx
1135664,横川医院,144-0034,大田区,大田区西糀谷４－９－２４,03-3741-5567,2025-05-01,,byouin,2026-08-01,https://www.fukushi.metro.tokyo.lg.jp/documents/d/fukushi/20260801_seishin_byouin-xlsx-xlsx
1135755,ナグモ医院,144-0034,大田区,大田区西糀谷４－２１－１６,03-3742-0556,2008-01-01,2026-01-01,byouin,2026-08-01,https://www.fukushi.metro.tokyo.lg.jp/documents/d/fukushi/20260801_seishin_byouin-xlsx-xlsx
1135987,医療法人社団仁和会双泉クリニックいけがみ,146-0082,大田区,大田区池上７－１０－５　１階,03-3751-3235,2024-04-01,,byouin,2026-08-01,https://www.fukushi.metro.tokyo.lg.jp/documents/d/fukushi/20260801_seishin_byouin-xlsx-xlsx
1136233,医療法人社団オーシーエフシー会 大川こども＆内科クリニック,146-0095,大田区,大田区多摩川１－６－１６,03-3758-0920,2019-04-01,2025-04-01,byouin,2026-08-01,https://www.fukushi.metro.tokyo.lg.jp/documents/d/fukushi/20260801_seishin_byouin-xlsx-xlsx
1136548,医療法人財団城南福祉医療協会 大田病院附属大森中診療所,143-0014,大田区,大田区大森中１－２２－２,03-6404-2301,2007-01-01,2025-01-01,byouin,2026-08-01,https://www.fukushi.metro.tokyo.lg.jp/documents/d/fukushi/20260801_seishin_byouin-xlsx-xlsx
1137645,医療法人社団丸平会 城南タカ診療所,143-0015,大田区,大田区大森西７－７－１６　城南医療ビル１階,03-5753-2350,2007-02-01,2025-02-01,byouin,2026-08-01,https://www.fukushi.metro.tokyo.lg.jp/documents/d/fukushi/20260801_seishin_byouin-xlsx-xlsx
1137710,医療法人社団泰信会 秋田医院,144-0051,大田区,大田区西蒲田６－１０－８,03-3733-0555,2007-01-01,2025-01-01,byouin,2026-08-01,https://www.fukushi.metro.tokyo.lg.jp/documents/d/fukushi/20260801_seishin_byouin-xlsx-xlsx
1137884,医療法人社団弘親会 名和医院,143-0011,大田区,大田区大森本町２－２５－２８,03-3761-6257,2007-02-01,2025-02-01,byouin,2026-08-01,https://www.fukushi.metro.tokyo.lg.jp/documents/d/fukushi/20260801_seishin_byouin-xlsx-xlsx
1138106,医療法人社団伍光会 田園調布醫院,145-0076,大田区,大田区田園調布南２２－１０　光機舎ビル１階,03-5732-1955,2006-09-01,2024-09-01,byouin,2026-08-01,https://www.fukushi.metro.tokyo.lg.jp/documents/d/fukushi/20260801_seishin_byouin-xlsx-xlsx
1138114,医療法人社団医聖心和会ファミリークリニック馬込,143-0027,大田区,大田区中馬込２－２６－１５　山奈屋ビル１階,03-3773-9168,2024-12-01,,byouin,2026-08-01,https://www.fukushi.metro.tokyo.lg.jp/documents/d/fukushi/20260801_seishin_byouin-xlsx-xlsx
1138288,医療法人財団蔦の木会 南晴メンタルクリニック,144-0052,大田区,大田区蒲田５－４０－３　月村ビル３階,03-6231-9500,2007-01-01,2025-01-01,byouin,2026-08-01,https://www.fukushi.metro.tokyo.lg.jp/documents/d/fukushi/20260801_seishin_byouin-xlsx-xlsx
1138726,医療法人社団涓泉会山王リハビリ・クリニック,145-0065,大田区,大田区東雪谷３－４－２,03-5754-2672,2023-06-01,,byouin,2026-08-01,https://www.fukushi.metro.tokyo.lg.jp/documents/d/fukushi/20260801_seishin_byouin-xlsx-xlsx
1138825,染川医院,146-0085,大田区,大田区久が原５－１１－１０,03-3751-7254,2010-04-01,2022-04-01,byouin,2026-08-01,https://www.fukushi.metro.tokyo.lg.jp/documents/d/fukushi/20260801_seishin_byouin-xlsx-xlsx
1139054,医療法人社団平郁会 矢口みどりクリニック,146-0093,大田区,大田区矢口２－２１－３,03-6808-7503,2011-05-01,2023-05-01,byouin,2026-08-01,https://www.fukushi.metro.tokyo.lg.jp/documents/d/fukushi/20260801_seishin_byouin-xlsx-xlsx
1139120,医療法人社団環会 今井医院,145-0073,大田区,大田区北嶺町３０－１３,03-6421-8081,2008-01-01,2026-01-01,byouin,2026-08-01,https://www.fukushi.metro.tokyo.lg.jp/documents/d/fukushi/20260801_seishin_byouin-xlsx-xlsx
1139260,清木クリニック,143-0024,大田区,大田区中央６－２５－１５,03-5747-2288,2009-06-01,2021-06-01,byouin,2026-08-01,https://www.fukushi.metro.tokyo.lg.jp/documents/d/fukushi/20260801_seishin_byouin-xlsx-xlsx
1139286,医療法人社団リズム 難波メディカルクリニック,146-0092,大田区,大田区下丸子２－１３－４　東京サーハウス共同棟１階,03-5741-3717,2022-05-01,,byouin,2026-08-01,https://www.fukushi.metro.tokyo.lg.jp/documents/d/fukushi/20260801_seishin_byouin-xlsx-xlsx
1139898,いなだクリニック,144-0051,大田区,大田区西蒲田７－４６－９　月村ビル４０１,03-6715-8552,2011-10-01,2023-10-01,byouin,2026-08-01,https://www.fukushi.metro.tokyo.lg.jp/documents/d/fukushi/20260801_seishin_byouin-xlsx-xlsx
1170950,医療法人社団松和会 池上総合病院,146-0082,大田区,大田区池上６－１－１９,03-3752-3151,2008-01-01,2026-01-01,byouin,2026-08-01,https://www.fukushi.metro.tokyo.lg.jp/documents/d/fukushi/20260801_seishin_byouin-xlsx-xlsx
1170992,医療法人社団京浜会 京浜病院,143-0013,大田区,大田区大森南１－１４－１３,03-3741-6721,2007-01-01,2025-01-01,byouin,2026-08-01,https://www.fukushi.metro.tokyo.lg.jp/documents/d/fukushi/20260801_seishin_byouin-xlsx-xlsx
1171099,東急株式会社 東急病院,145-0062,大田区,大田区北千束３－２７－２,03-3718-3331,2007-02-01,2025-02-01,byouin,2026-08-01,https://www.fukushi.metro.tokyo.lg.jp/documents/d/fukushi/20260801_seishin_byouin-xlsx-xlsx
5620067,内科・心療内科 クリニック花,144-0034,大田区,大田区西糀谷４－１３－１０,03-5737-7770,2012-05-01,2024-05-01,byouin,2026-08-01,https://www.fukushi.metro.tokyo.lg.jp/documents/d/fukushi/20260801_seishin_byouin-xlsx-xlsx
5620075,医療法人社団南七星会 宇佐美脳神経外科,145-0073,大田区,大田区北嶺町５－１８,03-3748-1110,2007-01-01,2025-01-01,byouin,2026-08-01,https://www.fukushi.metro.tokyo.lg.jp/documents/d/fukushi/20260801_seishin_byouin-xlsx-xlsx
5620109,医療法人社団青王会 クリニックＤｏ田園調布,145-0071,大田区,大田区田園調布３－４０－４　１階,03-3721-9980,2008-04-01,2026-04-01,byouin,2026-08-01,https://www.fukushi.metro.tokyo.lg.jp/documents/d/fukushi/20260801_seishin_byouin-xlsx-xlsx
5620125,医療法人社団 常泉クリニック,144-0052,大田区,大田区蒲田５－４０－３　ＴＴ蒲田駅前ビル５階,03-5711-6521,2007-01-01,2025-01-01,byouin,2026-08-01,https://www.fukushi.metro.tokyo.lg.jp/documents/d/fukushi/20260801_seishin_byouin-xlsx-xlsx
5620133,医療法人社団ＮＹＡ かとうホームケアクリニック,146-0092,大田区,大田区下丸子２－６－２３－１０１,03-3757-2162,2020-10-01,,byouin,2026-08-01,https://www.fukushi.metro.tokyo.lg.jp/documents/d/fukushi/20260801_seishin_byouin-xlsx-xlsx
5620232,梅屋敷森田クリニック,144-0052,大田区,大田区蒲田２－７－１　第五山田ビル１階,03-5714-0788,2012-11-01,2024-11-01,byouin,2026-08-01,https://www.fukushi.metro.tokyo.lg.jp/documents/d/fukushi/20260801_seishin_byouin-xlsx-xlsx
5620257,医療法人社団永高会 蒲田クリニック,144-0052,大田区,大田区蒲田５－４０－７　大塚ビル４０１,03-3737-6221,2007-07-01,2025-07-01,byouin,2026-08-01,https://www.fukushi.metro.tokyo.lg.jp/documents/d/fukushi/20260801_seishin_byouin-xlsx-xlsx
5620315,山王眼と心のクリニック,143-0023,大田区,大田区山王３－２７－６　大森ラルタビル１階,03-5718-6161,2013-07-01,2025-07-01,byouin,2026-08-01,https://www.fukushi.metro.tokyo.lg.jp/documents/d/fukushi/20260801_seishin_byouin-xlsx-xlsx
5620398,医療法人社団栄誉会 本田英比古クリニック,143-0023,大田区,大田区山王３－１７－１１,03-5718-0077,2015-05-01,2021-05-01,byouin,2026-08-01,https://www.fukushi.metro.tokyo.lg.jp/documents/d/fukushi/20260801_seishin_byouin-xlsx-xlsx
5620406,小原りぼんクリニック,146-0085,大田区,大田区久が原２－１７－１８,03-6410-6110,2019-04-01,2025-04-01,byouin,2026-08-01,https://www.fukushi.metro.tokyo.lg.jp/documents/d/fukushi/20260801_seishin_byouin-xlsx-xlsx
5620885,しながわ在宅クリニック,143-0021,大田区,大田区北馬込２－９－７,03-3774-3230,2015-03-01,2021-03-01,byouin,2026-08-01,https://www.fukushi.metro.tokyo.lg.jp/documents/d/fukushi/20260801_seishin_byouin-xlsx-xlsx
5620935,鈴木内科医院,143-0023,大田区,大田区山王３－２９－１,03-3772-1853,2007-02-01,2025-02-01,byouin,2026-08-01,https://www.fukushi.metro.tokyo.lg.jp/documents/d/fukushi/20260801_seishin_byouin-xlsx-xlsx
5621230,医療法人社団明善会 大森榎本クリニック,143-0016,大田区,大田区大森北１－１３－６,03-5753-3361,2016-04-01,2022-04-01,byouin,2026-08-01,https://www.fukushi.metro.tokyo.lg.jp/documents/d/fukushi/20260801_seishin_byouin-xlsx-xlsx
5621354,医療法人社団嘉正園田会東京メモリークリニック蒲田,144-0053,大田区,大田区蒲田本町２－４－２　アクシード蒲田本町１階,03-6715-7873,2019-07-01,2025-07-01,byouin,2026-08-01,https://www.fukushi.metro.tokyo.lg.jp/documents/d/fukushi/20260801_seishin_byouin-xlsx-xlsx
5621362,川原クリニック,145-0062,大田区,大田区北千束１－５２－２　水口ビルディング２階,03-6240-7255,2007-01-01,2025-01-01,byouin,2026-08-01,https://www.fukushi.metro.tokyo.lg.jp/documents/d/fukushi/20260801_seishin_byouin-xlsx-xlsx
5621396,医療法人社団双愛会ツインハート在宅クリニック蒲田,144-0035,大田区,大田区南蒲田２－４－１９　ＡＮＴビル４階,03-5480-1810,2016-06-01,2022-06-01,byouin,2026-08-01,https://www.fukushi.metro.tokyo.lg.jp/documents/d/fukushi/20260801_seishin_byouin-xlsx-xlsx
5621701,脳外科 西馬込クリニック,143-0026,大田区,大田区西馬込２－２－５　フラワーハイムＩ１０２,03-6303-7070,2018-02-01,2024-02-01,byouin,2026-08-01,https://www.fukushi.metro.tokyo.lg.jp/documents/d/fukushi/20260801_seishin_byouin-xlsx-xlsx
5621925,医療法人社団誠知会 みらいメディカルクリニック西六郷,144-0056,大田区,大田区西六郷１－１８－１１　グランドソレイユ１階,03-6715-9388,2021-11-01,,byouin,2026-08-01,https://www.fukushi.metro.tokyo.lg.jp/documents/d/fukushi/20260801_seishin_byouin-xlsx-xlsx
5621982,医療法人社団ＡＲＣＷＥＬＬ 旗の台ライフクリニック,145-0064,大田区,大田区上池台１－１２－５　長原ビル５階,03-6451-7277,2018-02-01,2024-02-01,byouin,2026-08-01,https://www.fukushi.metro.tokyo.lg.jp/documents/d/fukushi/20260801_seishin_byouin-xlsx-xlsx
5622055,医療法人東横会 たわらクリニック蒲田,144-0052,大田区,大田区蒲田５－１１－７栄月ビル４Ｆ,03-6715-7260,2018-06-01,2024-06-01,byouin,2026-08-01,https://www.fukushi.metro.tokyo.lg.jp/documents/d/fukushi/20260801_seishin_byouin-xlsx-xlsx
5622303,医療法人社団碧心会 大森こころクリニック,143-0023,大田区,大田区山王２－１－６　キャビックビル３０１,03-3777-3322,2015-04-01,2021-04-01,byouin,2026-08-01,https://www.fukushi.metro.tokyo.lg.jp/documents/d/fukushi/20260801_seishin_byouin-xlsx-xlsx
5622337,さぽーとぴあ診療所,143-0024,大田区,大田区中央４－３０－１１,03-6429-8404,2019-06-01,2025-06-01,byouin,2026-08-01,https://www.fukushi.metro.tokyo.lg.jp/documents/d/fukushi/20260801_seishin_byouin-xlsx-xlsx
5622345,みうら健内科クリニック,144-0046,大田区,大田区東六郷１－２６－１３　ベルマール１階,03-3736-4136,2019-05-01,2025-05-01,byouin,2026-08-01,https://www.fukushi.metro.tokyo.lg.jp/documents/d/fukushi/20260801_seishin_byouin-xlsx-xlsx
5622386,なごみクリニック,144-0051,大田区,大田区西蒲田７－１－３　ステラビル西蒲田８Ｆ,03-6424-5770,2019-05-01,2025-05-01,byouin,2026-08-01,https://www.fukushi.metro.tokyo.lg.jp/documents/d/fukushi/20260801_seishin_byouin-xlsx-xlsx
5622527,池上さいとう内科クリニック,146-0082,大田区,大田区池上８－２３－１５,03-3757-3110,2019-11-01,2025-11-01,byouin,2026-08-01,https://www.fukushi.metro.tokyo.lg.jp/documents/d/fukushi/20260801_seishin_byouin-xlsx-xlsx
5622568,大矢クリニック,143-0015,大田区,大田区大森西４－１６－１３,03-3767-1801,2021-04-01,,byouin,2026-08-01,https://www.fukushi.metro.tokyo.lg.jp/documents/d/fukushi/20260801_seishin_byouin-xlsx-xlsx
5622659,あらい内科・脳神経クリニック,144-0033,大田区,大田区東糀谷１－１４－１５　ハネサム１６ビル　１階,03-5736-1091,2020-05-01,2026-05-01,byouin,2026-08-01,https://www.fukushi.metro.tokyo.lg.jp/documents/d/fukushi/20260801_seishin_byouin-xlsx-xlsx
5622956,医療法人社団光流会 池上メディカルクリニック,146-0082,大田区,大田区池上７－６－５　ボニータビル４階,050-1304-4035,2021-12-01,,byouin,2026-08-01,https://www.fukushi.metro.tokyo.lg.jp/documents/d/fukushi/20260801_seishin_byouin-xlsx-xlsx
5622972,大森在宅かえるクリニック,143-0023,大田区,大田区山王２－３０－６,03-6417-1540,2023-05-01,,byouin,2026-08-01,https://www.fukushi.metro.tokyo.lg.jp/documents/d/fukushi/20260801_seishin_byouin-xlsx-xlsx
5622980,森のクリニック,144-0051,大田区,大田区西蒲田７－１－３　ステラビル西蒲田４F,03-6715-7375,2021-05-01,,byouin,2026-08-01,https://www.fukushi.metro.tokyo.lg.jp/documents/d/fukushi/20260801_seishin_byouin-xlsx-xlsx
5623061,医療法人社団眞恵会いけがみ在宅クリニック,146-0082,大田区,大田区池上６－９－６　フォルテ池上１０１号１０２号,03-3755-1661,2025-03-01,,byouin,2026-08-01,https://www.fukushi.metro.tokyo.lg.jp/documents/d/fukushi/20260801_seishin_byouin-xlsx-xlsx
5623137,医療法人エルア会 マオメディカルクリニック,143-0023,大田区,大田区山王２－１－５　大森駅ビル５Ｆ,03-6459-6823,2019-04-01,2025-04-01,byouin,2026-08-01,https://www.fukushi.metro.tokyo.lg.jp/documents/d/fukushi/20260801_seishin_byouin-xlsx-xlsx
5623152,医療法人社団至髙会 たかせクリニック,146-0093,大田区,大田区矢口１－５－１　ＫＩＰビル５階,03-5732-2525,2008-05-01,2026-05-01,byouin,2026-08-01,https://www.fukushi.metro.tokyo.lg.jp/documents/d/fukushi/20260801_seishin_byouin-xlsx-xlsx
5623186,医療法人社団洋誠会 かわいクリニック,144-0051,大田区,大田区西蒲田７－３７－１０　グリーンプレイス蒲田３階,03-5710-8021,2017-06-01,,byouin,2026-08-01,https://www.fukushi.metro.tokyo.lg.jp/documents/d/fukushi/20260801_seishin_byouin-xlsx-xlsx
5623251,医療法人社団千尋会そらいろクリニック,144-0035,大田区,大田区南蒲田１－１－１７　川口ビル６階,03-6424-5923,2023-09-01,,byouin,2026-08-01,https://www.fukushi.metro.tokyo.lg.jp/documents/d/fukushi/20260801_seishin_byouin-xlsx-xlsx
5623475,おおもり訪問クリニック,143-0023,大田区,大田区山王３－２７－６　大森ラルタビル４階,03-5743-2246,2011-06-01,2017-06-01,byouin,2026-08-01,https://www.fukushi.metro.tokyo.lg.jp/documents/d/fukushi/20260801_seishin_byouin-xlsx-xlsx
5623566,社会医療法人財団仁医会大森牧田クリニック,143-0016,大田区,大田区大森北１－３１－８,03-3298-3150,2021-02-01,,byouin,2026-08-01,https://www.fukushi.metro.tokyo.lg.jp/documents/d/fukushi/20260801_seishin_byouin-xlsx-xlsx
5623715,矢口渡脳神経クリニック,146-0095,大田区,大田区多摩川１－２０－４,03-3757-7575,2024-01-01,,byouin,2026-08-01,https://www.fukushi.metro.tokyo.lg.jp/documents/d/fukushi/20260801_seishin_byouin-xlsx-xlsx
5623814,池上おひさまクリニック,146-0082,大田区,大田区池上６－２－１５　グランデ池上２階,03-5755-3679,2024-01-01,,byouin,2026-08-01,https://www.fukushi.metro.tokyo.lg.jp/documents/d/fukushi/20260801_seishin_byouin-xlsx-xlsx
5623921,おだやか診療所,145-0064,大田区,大田区上池台５－１０－７,03-6451-7692,2018-11-01,2024-11-01,byouin,2026-08-01,https://www.fukushi.metro.tokyo.lg.jp/documents/d/fukushi/20260801_seishin_byouin-xlsx-xlsx
5623939,池上駅前メンタルクリニック,146-0082,大田区,大田区池上６－８－５　第二小木ビル２０２号,03-6303-5518,2024-05-01,,byouin,2026-08-01,https://www.fukushi.metro.tokyo.lg.jp/documents/d/fukushi/20260801_seishin_byouin-xlsx-xlsx
5623996,医療法人社団ＡＲＣＷＥＬＬ蒲田ライフクリニック,144-0052,大田区,大田区蒲田５－２４－４　Ｎｏ．蒲田２階,03-5703-0277,2022-10-01,,byouin,2026-08-01,https://www.fukushi.metro.tokyo.lg.jp/documents/d/fukushi/20260801_seishin_byouin-xlsx-xlsx
5624051,三光クリニック蒲田駅前院,144-0051,大田区,大田区西蒲田８－１－５　東急西蒲田ビル２０２,03-6424-5368,2024-07-01,,byouin,2026-08-01,https://www.fukushi.metro.tokyo.lg.jp/documents/d/fukushi/20260801_seishin_byouin-xlsx-xlsx
5624085,永山クリニック,145-0071,大田区,大田区田園調布１－３３－９,03-3722-5222,2018-02-01,2024-02-01,byouin,2026-08-01,https://www.fukushi.metro.tokyo.lg.jp/documents/d/fukushi/20260801_seishin_byouin-xlsx-xlsx
5624135,かまたメンタルクリニック,144-0052,大田区,大田区蒲田５－４３－１０　第二日比野ビル４階,03-5714-7828,2007-01-01,2025-01-01,byouin,2026-08-01,https://www.fukushi.metro.tokyo.lg.jp/documents/d/fukushi/20260801_seishin_byouin-xlsx-xlsx
5624267,蒲田きずな在宅クリニック,144-0052,大田区,大田区蒲田４－３７－５　ハネサム２２　２階,03-6424-7700,2025-12-01,,byouin,2026-08-01,https://www.fukushi.metro.tokyo.lg.jp/documents/d/fukushi/20260801_seishin_byouin-xlsx-xlsx
5624325,ＡＲＩメンタルクリニック,144-0052,大田区,大田区蒲田５－２８－１８　京急醍醐共同開発ビル２階,03-6715-8974,2025-05-01,,byouin,2026-08-01,https://www.fukushi.metro.tokyo.lg.jp/documents/d/fukushi/20260801_seishin_byouin-xlsx-xlsx
5624333,桜こみちメディカルクリニック,144-0034,大田区,大田区西糀谷３－９－１０　ＤＹＮＡ　ＲＥＳＩＤＥＮＣＥ　ＯＧＷ１階,03-6423-7077,2025-05-01,,byouin,2026-08-01,https://www.fukushi.metro.tokyo.lg.jp/documents/d/fukushi/20260801_seishin_byouin-xlsx-xlsx
5624341,といろのこころクリニック,146-0095,大田区,大田区多摩川１－２０－４　矢口渡ビルディング２階Ａ,03-3750-1016,2025-05-01,,byouin,2026-08-01,https://www.fukushi.metro.tokyo.lg.jp/documents/d/fukushi/20260801_seishin_byouin-xlsx-xlsx
5624358,医療法人社団秀輝会メカマクリニック本院,146-0092,大田区,大田区下丸子３－２３－３　１階及び２階,03-3759-8888,2026-05-01,,byouin,2026-08-01,https://www.fukushi.metro.tokyo.lg.jp/documents/d/fukushi/20260801_seishin_byouin-xlsx-xlsx
5624432,医療法人社団七仁会田園調布ステーションクリニック,145-0071,大田区,大田区田園調布２－４２－１８,03-6715-6212,2025-09-01,,byouin,2026-08-01,https://www.fukushi.metro.tokyo.lg.jp/documents/d/fukushi/20260801_seishin_byouin-xlsx-xlsx
5624499,医療法人社団灯翠会羽田診療所,144-0035,大田区,大田区南蒲田１－１－２１　佐々木ビル５階,050-1720-8678,2024-07-01,,byouin,2026-08-01,https://www.fukushi.metro.tokyo.lg.jp/documents/d/fukushi/20260801_seishin_byouin-xlsx-xlsx
5624507,ほりべファミリー内科,146-0092,大田区,大田区下丸子３－９－１０　ＢｅａｃｈⅡ１階,03-3757-3715,2026-01-01,,byouin,2026-08-01,https://www.fukushi.metro.tokyo.lg.jp/documents/d/fukushi/20260801_seishin_byouin-xlsx-xlsx
5624515,医療法人社団ｐｌｕｓＷ大岡山メンタルクリニック,145-0062,大田区,大田区北千束１－４８－２　柴田ビル３階,03-5731-3833,2014-07-01,2026-07-01,byouin,2026-08-01,https://www.fukushi.metro.tokyo.lg.jp/documents/d/fukushi/20260801_seishin_byouin-xlsx-xlsx
5624523,医療法人社団陽花会テレーズ脳神経・頭痛クリニック,145-0073,大田区,大田区北嶺町３７－２９　ＦＬＯＷ　ＰＬＡＣＥ　ＴＯＫＹＯ　２階　区画２,03-3720-8800,2018-01-01,2024-01-01,byouin,2026-08-01,https://www.fukushi.metro.tokyo.lg.jp/documents/d/fukushi/20260801_seishin_byouin-xlsx-xlsx
5624564,六郷土手駅前こころとからだの痛みクリニック,144-0055,大田区,大田区仲六郷４－２８－１　１階,03-6424-7839,2026-01-01,,byouin,2026-08-01,https://www.fukushi.metro.tokyo.lg.jp/documents/d/fukushi/20260801_seishin_byouin-xlsx-xlsx
5624754,武蔵新田こころクリニック,146-0093,大田区,大田区矢口１－１７－３　壽ビル２階,03-6715-2255,2026-07-01,,byouin,2026-08-01,https://www.fukushi.metro.tokyo.lg.jp/documents/d/fukushi/20260801_seishin_byouin-xlsx-xlsx
5624770,いしいメンタルクリニック大森,143-0016,大田区,大田区大森北１－２９－４,03-3768-7132,2007-01-01,2025-01-01,byouin,2026-08-01,https://www.fukushi.metro.tokyo.lg.jp/documents/d/fukushi/20260801_seishin_byouin-xlsx-xlsx
5670005,医療法人社団森と海東京 東京蒲田病院,144-0051,大田区,大田区西蒲田７－１０－１,03-3733-0525,2007-01-01,2025-01-01,byouin,2026-08-01,https://www.fukushi.metro.tokyo.lg.jp/documents/d/fukushi/20260801_seishin_byouin-xlsx-xlsx
5670013,社会医療法人財団仁医会牧田リハビリテーション病院,144-0051,大田区,大田区西蒲田４－２２－１,03-5748-5020,2013-05-01,2025-05-01,byouin,2026-08-01,https://www.fukushi.metro.tokyo.lg.jp/documents/d/fukushi/20260801_seishin_byouin-xlsx-xlsx
5670021,社会医療法人財団仁医会牧田総合病院,144-0051,大田区,大田区西蒲田８－２０－１,03-6428-7500,2008-01-01,2026-01-01,byouin,2026-08-01,https://www.fukushi.metro.tokyo.lg.jp/documents/d/fukushi/20260801_seishin_byouin-xlsx-xlsx
5670039,地方独立行政法人 東京都立病院機構 東京都立荏原病院,145-0065,大田区,大田区東雪谷４－５－１０,03-5734-8000,2007-03-01,2025-03-01,byouin,2026-08-01,https://www.fukushi.metro.tokyo.lg.jp/documents/d/fukushi/20260801_seishin_byouin-xlsx-xlsx
5670062,医療法人社団七仁会田園調布中央病院,145-0071,大田区,大田区田園調布１－５４－９,03-3721-7121,2025-06-01,,byouin,2026-08-01,https://www.fukushi.metro.tokyo.lg.jp/documents/d/fukushi/20260801_seishin_byouin-xlsx-xlsx
1212919,一般財団法人平和協会 駒沢病院,154-0012,世田谷区,世田谷区駒沢２－２－１５,03-3424-2515,2007-01-01,2025-01-01,byouin,2026-08-01,https://www.fukushi.metro.tokyo.lg.jp/documents/d/fukushi/20260801_seishin_byouin-xlsx-xlsx
1213032,社会福祉法人東京有隣会 有隣病院,156-0055,世田谷区,世田谷区船橋２－１５－３８,03-3482-3611,2007-01-01,2025-01-01,byouin,2026-08-01,https://www.fukushi.metro.tokyo.lg.jp/documents/d/fukushi/20260801_seishin_byouin-xlsx-xlsx
1213065,一般社団法人至誠会第二病院,157-8550,世田谷区,世田谷区上祖師谷５－１９－１,03-3300-0366,2008-01-01,2026-01-01,byouin,2026-08-01,https://www.fukushi.metro.tokyo.lg.jp/documents/d/fukushi/20260801_seishin_byouin-xlsx-xlsx
1215292,公益財団法人日産厚生会 玉川病院,158-0095,世田谷区,世田谷区瀬田４－８－１,03-3700-1151,2015-10-01,2021-10-01,byouin,2026-08-01,https://www.fukushi.metro.tokyo.lg.jp/documents/d/fukushi/20260801_seishin_byouin-xlsx-xlsx
1215334,公立学校共済組合 関東中央病院,158-8531,世田谷区,世田谷区上用賀６－２５－１,03-3429-1171,2007-09-01,2025-09-01,byouin,2026-08-01,https://www.fukushi.metro.tokyo.lg.jp/documents/d/fukushi/20260801_seishin_byouin-xlsx-xlsx
1215342,昭和医科大学烏山病院,157-0061,世田谷区,世田谷区北烏山６－１１－１１,03-3300-5231,2007-01-01,2025-01-01,byouin,2026-08-01,https://www.fukushi.metro.tokyo.lg.jp/documents/d/fukushi/20260801_seishin_byouin-xlsx-xlsx
1216886,社会福祉法人康和会 久我山病院,157-0061,世田谷区,世田谷区北烏山２－１４－２０,03-3309-1111,2007-11-01,2025-11-01,byouin,2026-08-01,https://www.fukushi.metro.tokyo.lg.jp/documents/d/fukushi/20260801_seishin_byouin-xlsx-xlsx
1220441,医療法人社団柏水会 三軒茶屋診療所,154-0024,世田谷区,世田谷区三軒茶屋２－１９－１６,03-3421-7481,2007-01-01,2025-01-01,byouin,2026-08-01,https://www.fukushi.metro.tokyo.lg.jp/documents/d/fukushi/20260801_seishin_byouin-xlsx-xlsx
1234475,桜クリニック,156-0053,世田谷区,世田谷区桜３－９－１２,03-3425-8744,2007-01-01,2025-01-01,byouin,2026-08-01,https://www.fukushi.metro.tokyo.lg.jp/documents/d/fukushi/20260801_seishin_byouin-xlsx-xlsx
1234814,山本神経科クリニック,156-0042,世田谷区,世田谷区羽根木１－２－２,03-5376-3366,2007-01-01,2025-01-01,byouin,2026-08-01,https://www.fukushi.metro.tokyo.lg.jp/documents/d/fukushi/20260801_seishin_byouin-xlsx-xlsx
1235050,亀井内科・神経内科クリニック,158-0083,世田谷区,世田谷区奥沢４－１５－７,03-3726-1108,2007-03-01,2025-03-01,byouin,2026-08-01,https://www.fukushi.metro.tokyo.lg.jp/documents/d/fukushi/20260801_seishin_byouin-xlsx-xlsx
1235340,成城墨岡クリニック,157-0066,世田谷区,世田谷区成城２－２２－９,03-3749-1122,2007-01-01,2025-01-01,byouin,2026-08-01,https://www.fukushi.metro.tokyo.lg.jp/documents/d/fukushi/20260801_seishin_byouin-xlsx-xlsx
1237270,上町クリニック,154-0017,世田谷区,世田谷区世田谷３－１２－１５,03-5450-1511,2007-01-01,2025-01-01,byouin,2026-08-01,https://www.fukushi.metro.tokyo.lg.jp/documents/d/fukushi/20260801_seishin_byouin-xlsx-xlsx
1237569,医療法人社団良優会 駒沢腎クリニック,154-0012,世田谷区,世田谷区駒沢１－１９－８　アーバネスト駒沢３０１,03-3411-7377,2007-01-01,2025-01-01,byouin,2026-08-01,https://www.fukushi.metro.tokyo.lg.jp/documents/d/fukushi/20260801_seishin_byouin-xlsx-xlsx
1238047,医療法人社団伸健会 鈴木内科循環器科,154-0024,世田谷区,世田谷区三軒茶屋１－３９－５－２０２,03-3412-0072,2007-01-01,2025-01-01,byouin,2026-08-01,https://www.fukushi.metro.tokyo.lg.jp/documents/d/fukushi/20260801_seishin_byouin-xlsx-xlsx
1238278,医療法人社団白寿会 和田クリニック,158-0082,世田谷区,世田谷区等々力４－７－１６,03-3705-1003,2021-01-01,,byouin,2026-08-01,https://www.fukushi.metro.tokyo.lg.jp/documents/d/fukushi/20260801_seishin_byouin-xlsx-xlsx
1238336,大坪医院,156-0043,世田谷区,世田谷区松原５－５８－１１,03-3328-2285,2016-08-01,2022-08-01,byouin,2026-08-01,https://www.fukushi.metro.tokyo.lg.jp/documents/d/fukushi/20260801_seishin_byouin-xlsx-xlsx
1238419,玉川田園調布クリニック,158-0085,世田谷区,世田谷区玉川田園調布２－１２－１０,03-3721-5917,2007-01-01,2025-01-01,byouin,2026-08-01,https://www.fukushi.metro.tokyo.lg.jp/documents/d/fukushi/20260801_seishin_byouin-xlsx-xlsx
1238492,医療法人社団親樹会 恵泉クリニック,157-0065,世田谷区,世田谷区上祖師谷１－３５－１５　シオン烏山地下１階,03-3326-5408,2007-02-01,2025-02-01,byouin,2026-08-01,https://www.fukushi.metro.tokyo.lg.jp/documents/d/fukushi/20260801_seishin_byouin-xlsx-xlsx
1238625,医療法人社団洗松会 三軒茶屋神経科心療内科クリニック,154-0004,世田谷区,世田谷区太子堂４－２７－１１　ウィンベルフクモト２階,03-3795-7744,2007-01-01,2025-01-01,byouin,2026-08-01,https://www.fukushi.metro.tokyo.lg.jp/documents/d/fukushi/20260801_seishin_byouin-xlsx-xlsx
1239201,医療法人社団夜想会 用賀メンタルクリニック,158-0097,世田谷区,世田谷区用賀４－９－７－３階,03-5716-5121,2007-01-01,2025-01-01,byouin,2026-08-01,https://www.fukushi.metro.tokyo.lg.jp/documents/d/fukushi/20260801_seishin_byouin-xlsx-xlsx
1239409,医療法人社団慶有会 祖師谷内科クリニック,157-0072,世田谷区,世田谷区祖師谷１－１１－７　１階,03-5490-9200,2007-02-01,2025-02-01,byouin,2026-08-01,https://www.fukushi.metro.tokyo.lg.jp/documents/d/fukushi/20260801_seishin_byouin-xlsx-xlsx
1270586,世田谷北部病院,157-0062,世田谷区,世田谷区南烏山２－９－１７,03-3308-5221,2007-02-01,2025-02-01,byouin,2026-08-01,https://www.fukushi.metro.tokyo.lg.jp/documents/d/fukushi/20260801_seishin_byouin-xlsx-xlsx
1270636,おくさわ脳卒中リハビリテーション病院,158-0083,世田谷区,世田谷区奥沢３－３３－１３,03-3720-2151,2007-12-01,2025-12-01,byouin,2026-08-01,https://www.fukushi.metro.tokyo.lg.jp/documents/d/fukushi/20260801_seishin_byouin-xlsx-xlsx
1270644,奥沢病院,158-0083,世田谷区,世田谷区奥沢２－１１－１１,03-5701-7788,2017-08-01,2023-08-01,byouin,2026-08-01,https://www.fukushi.metro.tokyo.lg.jp/documents/d/fukushi/20260801_seishin_byouin-xlsx-xlsx
5520317,吉本診療所,158-0083,世田谷区,世田谷区奥沢８－１４－１,03-3701-5315,2008-08-01,2020-08-01,byouin,2026-08-01,https://www.fukushi.metro.tokyo.lg.jp/documents/d/fukushi/20260801_seishin_byouin-xlsx-xlsx
5520432,医療法人社団明世会 成城内科,157-0066,世田谷区,世田谷区成城６－２２－３,03-5490-9111,2007-01-01,2025-01-01,byouin,2026-08-01,https://www.fukushi.metro.tokyo.lg.jp/documents/d/fukushi/20260801_seishin_byouin-xlsx-xlsx
5520713,くるみクリニック,156-0041,世田谷区,世田谷区大原２－２３－５,03-3327-7462,2007-01-01,2025-01-01,byouin,2026-08-01,https://www.fukushi.metro.tokyo.lg.jp/documents/d/fukushi/20260801_seishin_byouin-xlsx-xlsx
5520978,天下堂医院,157-0062,世田谷区,世田谷区南烏山１－１１－１５,03-3302-1751,2007-02-01,2025-02-01,byouin,2026-08-01,https://www.fukushi.metro.tokyo.lg.jp/documents/d/fukushi/20260801_seishin_byouin-xlsx-xlsx
5521315,亀井クリニック,154-0005,世田谷区,世田谷区三宿１－８－１９　１階２階地下１階,03-3413-7077,2007-01-01,2025-01-01,byouin,2026-08-01,https://www.fukushi.metro.tokyo.lg.jp/documents/d/fukushi/20260801_seishin_byouin-xlsx-xlsx
5521448,こころのクリニック自由が丘診療所,158-0083,世田谷区,世田谷区奥沢５－４１－１３　サウスウィング自由が丘３階,03-3721-3336,2007-01-01,2025-01-01,byouin,2026-08-01,https://www.fukushi.metro.tokyo.lg.jp/documents/d/fukushi/20260801_seishin_byouin-xlsx-xlsx
5521513,桜新町メンタルクリニック,154-0015,世田谷区,世田谷区桜新町１－１５－１９－２０２,03-3420-2066,2007-01-01,2025-01-01,byouin,2026-08-01,https://www.fukushi.metro.tokyo.lg.jp/documents/d/fukushi/20260801_seishin_byouin-xlsx-xlsx
5521547,宮沢クリニック,157-0066,世田谷区,世田谷区成城６－１６－６－１階,03-3482-1101,2007-04-01,2025-04-01,byouin,2026-08-01,https://www.fukushi.metro.tokyo.lg.jp/documents/d/fukushi/20260801_seishin_byouin-xlsx-xlsx
5521992,近藤内科クリニック,154-0011,世田谷区,世田谷区上馬２－２８－１６,03-3411-1310,2026-07-01,,byouin,2026-08-01,https://www.fukushi.metro.tokyo.lg.jp/documents/d/fukushi/20260801_seishin_byouin-xlsx-xlsx
5522214,医療法人社団プラタナス桜新町アーバンクリニック,154-0014,世田谷区,世田谷区新町３－２１－１　さくらウェルガーデン２階,03-3429-1192,2008-06-01,2026-06-01,byouin,2026-08-01,https://www.fukushi.metro.tokyo.lg.jp/documents/d/fukushi/20260801_seishin_byouin-xlsx-xlsx
5522453,医療法人社団プラタナス 松原アーバンクリニック,156-0043,世田谷区,世田谷区松原５－３４－６　１階,03-5355-3388,2023-12-01,,byouin,2026-08-01,https://www.fukushi.metro.tokyo.lg.jp/documents/d/fukushi/20260801_seishin_byouin-xlsx-xlsx
5522503,経堂メンタルクリニック,156-0051,世田谷区,世田谷区宮坂２－１９－１　経堂ブルームＢＬＤＧ３階,03-5477-7003,2007-01-01,2025-01-01,byouin,2026-08-01,https://www.fukushi.metro.tokyo.lg.jp/documents/d/fukushi/20260801_seishin_byouin-xlsx-xlsx
5522602,医療法人社団温心会いずみクリニック,158-0097,世田谷区,世田谷区用賀４－５－２０　アドバンス高荒５階,03-6411-7707,2025-01-01,,byouin,2026-08-01,https://www.fukushi.metro.tokyo.lg.jp/documents/d/fukushi/20260801_seishin_byouin-xlsx-xlsx
5522610,尾山台すくすくクリニック,158-0082,世田谷区,世田谷区等々力２－１－１３　ヤクワビル２階,03-5758-3836,2006-05-01,2024-05-01,byouin,2026-08-01,https://www.fukushi.metro.tokyo.lg.jp/documents/d/fukushi/20260801_seishin_byouin-xlsx-xlsx
5522651,田鹿医院,156-0055,世田谷区,世田谷区船橋１－３０－３　エグゼ千歳船橋１－Ｃ,03-3425-2778,2006-12-01,2024-12-01,byouin,2026-08-01,https://www.fukushi.metro.tokyo.lg.jp/documents/d/fukushi/20260801_seishin_byouin-xlsx-xlsx
5522750,医療法人社団愛和会馬事公苑クリニック,158-0098,世田谷区,世田谷区上用賀１－２２－２３　グランクレール馬事公苑１階,03-5717-7313,2026-01-01,,byouin,2026-08-01,https://www.fukushi.metro.tokyo.lg.jp/documents/d/fukushi/20260801_seishin_byouin-xlsx-xlsx
5522792,医療法人社団新穂会 上用賀世田谷通りクリニック,158-0098,世田谷区,世田谷区上用賀６－３１－１５,03-3420-2959,2021-03-01,,byouin,2026-08-01,https://www.fukushi.metro.tokyo.lg.jp/documents/d/fukushi/20260801_seishin_byouin-xlsx-xlsx
5523154,菱沼メンタルクリニック,157-0062,世田谷区,世田谷区南烏山５－１５－１０　ＮＴ千歳烏山４階,03-3307-6525,2006-12-01,2024-12-01,byouin,2026-08-01,https://www.fukushi.metro.tokyo.lg.jp/documents/d/fukushi/20260801_seishin_byouin-xlsx-xlsx
5523857,世田谷メンタルクリニック,156-0051,世田谷区,世田谷区宮坂２－２６－５　ケンポドービル２階,03-3426-6811,2008-04-01,2026-04-01,byouin,2026-08-01,https://www.fukushi.metro.tokyo.lg.jp/documents/d/fukushi/20260801_seishin_byouin-xlsx-xlsx
5523949,医療法人社団ファミリーメンタルサポート用賀 ファミリーメンタルクリニックまつたに,158-0097,世田谷区,世田谷区用賀４－４－８　第二福島ビル５階,03-5491-4140,2007-02-01,2025-02-01,byouin,2026-08-01,https://www.fukushi.metro.tokyo.lg.jp/documents/d/fukushi/20260801_seishin_byouin-xlsx-xlsx
5524012,クリニック川畑,156-0051,世田谷区,世田谷区宮坂３－１３－６－２０１,03-5477-6915,2007-02-01,2025-02-01,byouin,2026-08-01,https://www.fukushi.metro.tokyo.lg.jp/documents/d/fukushi/20260801_seishin_byouin-xlsx-xlsx
5524483,医療法人社団慧愛会 清泉メディカルクリニック,155-0032,世田谷区,世田谷区代沢２－３６－３０　池ノ上廣井ビル３階,03-5433-4041,2007-06-01,2025-06-01,byouin,2026-08-01,https://www.fukushi.metro.tokyo.lg.jp/documents/d/fukushi/20260801_seishin_byouin-xlsx-xlsx
5524806,メンタルクリニック やまびこ,154-0015,世田谷区,世田谷区桜新町２－９－６　ＢＬＯＳＳＯＭ桜新町１階,03-5426-0408,2010-03-01,2022-03-01,byouin,2026-08-01,https://www.fukushi.metro.tokyo.lg.jp/documents/d/fukushi/20260801_seishin_byouin-xlsx-xlsx
5525084,佐藤診療所,158-0097,世田谷区,世田谷区用賀２－３５－４,03-5491-7745,2012-09-01,2024-09-01,byouin,2026-08-01,https://www.fukushi.metro.tokyo.lg.jp/documents/d/fukushi/20260801_seishin_byouin-xlsx-xlsx
5525118,クリニックおくでら,156-0052,世田谷区,世田谷区経堂２－１８－１　経堂ＫＨＳビル４階,03-5799-4388,2008-08-01,2020-08-01,byouin,2026-08-01,https://www.fukushi.metro.tokyo.lg.jp/documents/d/fukushi/20260801_seishin_byouin-xlsx-xlsx
5525183,三軒茶屋駅前メンタルクリニック,154-0024,世田谷区,世田谷区三軒茶屋１－３７－８　ワコーレ三軒茶屋６４ビル５階Ａ,03-6804-0126,2011-01-01,2023-01-01,byouin,2026-08-01,https://www.fukushi.metro.tokyo.lg.jp/documents/d/fukushi/20260801_seishin_byouin-xlsx-xlsx
5525340,医療法人社団健身会 さくら中央クリニック,154-0014,世田谷区,世田谷区新町２－６－６,03-6413-9290,2014-08-01,2020-08-01,byouin,2026-08-01,https://www.fukushi.metro.tokyo.lg.jp/documents/d/fukushi/20260801_seishin_byouin-xlsx-xlsx
5525423,東京都立中部総合精神保健福祉センター,156-0057,世田谷区,世田谷区上北沢２－１－７,03-3302-7575,2007-01-01,2025-01-01,byouin,2026-08-01,https://www.fukushi.metro.tokyo.lg.jp/documents/d/fukushi/20260801_seishin_byouin-xlsx-xlsx
5525696,成城神経科,157-0066,世田谷区,世田谷区成城２－３５－１１　成城ホームズ４０２,03-3417-3888,2007-06-01,2025-06-01,byouin,2026-08-01,https://www.fukushi.metro.tokyo.lg.jp/documents/d/fukushi/20260801_seishin_byouin-xlsx-xlsx
5525936,医療法人社団 青い鳥会 上田クリニック,158-0083,世田谷区,世田谷区奥沢７－１９－９　富士ビル１Ｆ,03-6809-7031,2018-07-01,2024-07-01,byouin,2026-08-01,https://www.fukushi.metro.tokyo.lg.jp/documents/d/fukushi/20260801_seishin_byouin-xlsx-xlsx
5525985,加藤医院,155-0031,世田谷区,世田谷区北沢２－２２－１１,03-3412-1401,2007-01-01,2025-01-01,byouin,2026-08-01,https://www.fukushi.metro.tokyo.lg.jp/documents/d/fukushi/20260801_seishin_byouin-xlsx-xlsx
5526132,上野毛脳神経外科クリニック,158-0093,世田谷区,世田谷区上野毛３－１４－１４－１Ｆ,03-5758-1150,2018-09-01,2024-09-01,byouin,2026-08-01,https://www.fukushi.metro.tokyo.lg.jp/documents/d/fukushi/20260801_seishin_byouin-xlsx-xlsx
5526165,駒沢メンタルクリニック,154-0012,世田谷区,世田谷区駒沢２－３１－１,03-3414-8198,2007-01-01,2025-01-01,byouin,2026-08-01,https://www.fukushi.metro.tokyo.lg.jp/documents/d/fukushi/20260801_seishin_byouin-xlsx-xlsx
5526223,医療法人社団聖ベネディクト会 一生堂クリニック,157-0065,世田谷区,世田谷区上祖師谷５－１８－１０　１階,03-3326-6602,2010-09-01,2022-09-01,byouin,2026-08-01,https://www.fukushi.metro.tokyo.lg.jp/documents/d/fukushi/20260801_seishin_byouin-xlsx-xlsx
5526264,自由が丘心療内科,158-0083,世田谷区,世田谷区奥沢５－２３－１８　メディス自由が丘３階,03-6459-5110,2012-12-01,2024-12-01,byouin,2026-08-01,https://www.fukushi.metro.tokyo.lg.jp/documents/d/fukushi/20260801_seishin_byouin-xlsx-xlsx
5526413,沢田はしもと内科,157-0072,世田谷区,世田谷区祖師谷３－３７－５,03-5429-8848,2021-05-01,,byouin,2026-08-01,https://www.fukushi.metro.tokyo.lg.jp/documents/d/fukushi/20260801_seishin_byouin-xlsx-xlsx
5526421,医療法人社団創福会 ふくろうクリニック等々力,158-0082,世田谷区,世田谷区等々力３－５－２　ヒューリック等々力ビル３階,03-5758-3270,2013-08-01,2025-08-01,byouin,2026-08-01,https://www.fukushi.metro.tokyo.lg.jp/documents/d/fukushi/20260801_seishin_byouin-xlsx-xlsx
5526439,医療法人社団如心会 等々力脳神経外科,158-0082,世田谷区,世田谷区等々力４－９－３　プランドール尾山台１０１号室,03-6432-2332,2007-01-01,2025-01-01,byouin,2026-08-01,https://www.fukushi.metro.tokyo.lg.jp/documents/d/fukushi/20260801_seishin_byouin-xlsx-xlsx
5526470,医療法人社団大悟会 三軒茶屋なかむらメンタルクリニック,154-0004,世田谷区,世田谷区太子堂２－７－３　橋和屋東京４階,03-6450-8996,2010-06-01,2022-06-01,byouin,2026-08-01,https://www.fukushi.metro.tokyo.lg.jp/documents/d/fukushi/20260801_seishin_byouin-xlsx-xlsx
5526496,医療法人社団ホームアレー ホームアレークリニック,154-0002,世田谷区,世田谷区下馬６－１７－１２　セトル学芸大１階,03-6859-2800,2015-12-01,2021-12-01,byouin,2026-08-01,https://www.fukushi.metro.tokyo.lg.jp/documents/d/fukushi/20260801_seishin_byouin-xlsx-xlsx
5526553,みよし内科クリニック,156-0044,世田谷区,世田谷区赤堤３－１９－２２,03-3328-5348,2007-01-01,2025-01-01,byouin,2026-08-01,https://www.fukushi.metro.tokyo.lg.jp/documents/d/fukushi/20260801_seishin_byouin-xlsx-xlsx
5526694,パークサイド脳神経外科クリニック,154-0004,世田谷区,世田谷区太子堂１－３－３９　カスタリア三宿Ｂ１Ｆ,03-3414-3300,2018-05-01,2024-05-01,byouin,2026-08-01,https://www.fukushi.metro.tokyo.lg.jp/documents/d/fukushi/20260801_seishin_byouin-xlsx-xlsx
5526702,下北沢心療内科クリニック,155-0031,世田谷区,世田谷区北沢２－１０－１５　下北沢ハイタウン４階,03-5465-5238,2007-02-01,2025-02-01,byouin,2026-08-01,https://www.fukushi.metro.tokyo.lg.jp/documents/d/fukushi/20260801_seishin_byouin-xlsx-xlsx
5526827,医療法人社団プラタナス 用賀アーバンクリニック,158-0097,世田谷区,世田谷区用賀２－４１－１７　用賀２丁目ビル１階及び２階,03-5717-6331,2007-01-01,2025-01-01,byouin,2026-08-01,https://www.fukushi.metro.tokyo.lg.jp/documents/d/fukushi/20260801_seishin_byouin-xlsx-xlsx
5527072,吉川内科医院,156-0043,世田谷区,世田谷区松原３－２８－８,03-3323-0661,2007-01-01,2025-01-01,byouin,2026-08-01,https://www.fukushi.metro.tokyo.lg.jp/documents/d/fukushi/20260801_seishin_byouin-xlsx-xlsx
5527197,医療法人昭星会 二子玉川心のクリニック,158-0094,世田谷区,世田谷区玉川３－６－１２　第７明友ビル７階,03-3707-2507,2007-02-01,2025-02-01,byouin,2026-08-01,https://www.fukushi.metro.tokyo.lg.jp/documents/d/fukushi/20260801_seishin_byouin-xlsx-xlsx
5527254,多賀谷医院,156-0053,世田谷区,世田谷区桜３－２６－１５,03-3420-7020,2007-01-01,2025-01-01,byouin,2026-08-01,https://www.fukushi.metro.tokyo.lg.jp/documents/d/fukushi/20260801_seishin_byouin-xlsx-xlsx
5527270,世田谷子どもクリニック,154-0017,世田谷区,世田谷区世田谷３－６－１４　プロティオン豪徳寺１０１,03-5799-1582,2007-01-01,2025-01-01,byouin,2026-08-01,https://www.fukushi.metro.tokyo.lg.jp/documents/d/fukushi/20260801_seishin_byouin-xlsx-xlsx
5527312,千歳烏山メンタルクリニック,157-0062,世田谷区,世田谷区南烏山６－４－２９　南烏山アスピィレーションビル４階,03-3308-8708,2014-10-01,2020-10-01,byouin,2026-08-01,https://www.fukushi.metro.tokyo.lg.jp/documents/d/fukushi/20260801_seishin_byouin-xlsx-xlsx
5527320,北岡クリニック,154-0024,世田谷区,世田谷区三軒茶屋１－３７－１０　ドルフ三茶２階,03-3410-0721,2015-06-01,2021-06-01,byouin,2026-08-01,https://www.fukushi.metro.tokyo.lg.jp/documents/d/fukushi/20260801_seishin_byouin-xlsx-xlsx
5527403,医療法人社団清悠会 クリニックおぐら,154-0023,世田谷区,世田谷区若林３－１６－１１,03-5430-2245,2007-01-01,2025-01-01,byouin,2026-08-01,https://www.fukushi.metro.tokyo.lg.jp/documents/d/fukushi/20260801_seishin_byouin-xlsx-xlsx
5527601,医療法人社団シンセリティ いなみ小児科,154-0002,世田谷区,世田谷区下馬３－１０－７,03-3421-4885,2013-07-01,2025-07-01,byouin,2026-08-01,https://www.fukushi.metro.tokyo.lg.jp/documents/d/fukushi/20260801_seishin_byouin-xlsx-xlsx
5527726,医療法人社団 正真会 世田谷脳神経外科クリニック,156-0055,世田谷区,世田谷区船橋５－３３－１５,03-3306-0550,2018-07-01,2024-07-01,byouin,2026-08-01,https://www.fukushi.metro.tokyo.lg.jp/documents/d/fukushi/20260801_seishin_byouin-xlsx-xlsx
5527809,明大前メンタルクリニック,156-0043,世田谷区,世田谷区松原２－４５－１０　レインボー明大前２階,03-6265-8661,2015-11-01,2021-11-01,byouin,2026-08-01,https://www.fukushi.metro.tokyo.lg.jp/documents/d/fukushi/20260801_seishin_byouin-xlsx-xlsx
5527825,こころのホームクリニック世田谷,157-0061,世田谷区,世田谷区北烏山３－５－９　日栄ビル２０１号室,03-6909-1218,2013-05-01,2025-05-01,byouin,2026-08-01,https://www.fukushi.metro.tokyo.lg.jp/documents/d/fukushi/20260801_seishin_byouin-xlsx-xlsx
5527924,医療法人南陽会 たむらメンタルクリニック,157-0062,世田谷区,世田谷区南烏山５－１６－１　第２三沢ビル２階,03-5313-0677,2015-11-01,2021-11-01,byouin,2026-08-01,https://www.fukushi.metro.tokyo.lg.jp/documents/d/fukushi/20260801_seishin_byouin-xlsx-xlsx
5528088,喜多見メンタルクリニック,157-0067,世田谷区,世田谷区喜多見８－１９－１４　ツーエムビル３階,03-6411-0056,2016-07-01,2022-07-01,byouin,2026-08-01,https://www.fukushi.metro.tokyo.lg.jp/documents/d/fukushi/20260801_seishin_byouin-xlsx-xlsx
5528187,石束クリニック,157-0067,世田谷区,世田谷区喜多見８－１８－２　コーポ真木４階,03-6411-8739,2016-08-01,2022-08-01,byouin,2026-08-01,https://www.fukushi.metro.tokyo.lg.jp/documents/d/fukushi/20260801_seishin_byouin-xlsx-xlsx
5528518,あいわクリニック,154-0012,世田谷区,世田谷区駒沢２－１１－５　ニューバリュー駒沢ビル６階,03-6413-8246,2017-04-01,2023-04-01,byouin,2026-08-01,https://www.fukushi.metro.tokyo.lg.jp/documents/d/fukushi/20260801_seishin_byouin-xlsx-xlsx
5528641,さとう内科･脳神経クリニック,158-0083,世田谷区,世田谷区奥沢２－４－１０　１階,03-5726-9995,2014-06-01,2026-06-01,byouin,2026-08-01,https://www.fukushi.metro.tokyo.lg.jp/documents/d/fukushi/20260801_seishin_byouin-xlsx-xlsx
5528658,医療法人社団英誠会 駒沢公園内科クリニック,154-0012,世田谷区,世田谷区駒沢４－１－１　ノア駒沢１階,03-5779-6603,2014-09-01,2020-09-01,byouin,2026-08-01,https://www.fukushi.metro.tokyo.lg.jp/documents/d/fukushi/20260801_seishin_byouin-xlsx-xlsx
5528856,下北沢メンタルケアクリニック,155-0031,世田谷区,世田谷区北沢２－２３－１０　ＷｅｓｔＦｒｏｎｔ３階,03-5432-7071,2007-01-01,2025-01-01,byouin,2026-08-01,https://www.fukushi.metro.tokyo.lg.jp/documents/d/fukushi/20260801_seishin_byouin-xlsx-xlsx
5528955,恩田メディカルプラザ,154-0024,世田谷区,世田谷区三軒茶屋２－１１－２０　サンタワーズＤ棟５階,03-5726-9327,2015-03-01,2021-03-01,byouin,2026-08-01,https://www.fukushi.metro.tokyo.lg.jp/documents/d/fukushi/20260801_seishin_byouin-xlsx-xlsx
5528963,うすだ内科クリニック,156-0043,世田谷区,世田谷区松原２－２９－１ ブランテラス松原２０１,03-3323-7707,2019-10-01,2025-10-01,byouin,2026-08-01,https://www.fukushi.metro.tokyo.lg.jp/documents/d/fukushi/20260801_seishin_byouin-xlsx-xlsx
5529128,かどた内科クリニック,155-0032,世田谷区,世田谷区代沢５－１８－１　代沢カラバッシュ２階,03-6413-8333,2022-06-01,,byouin,2026-08-01,https://www.fukushi.metro.tokyo.lg.jp/documents/d/fukushi/20260801_seishin_byouin-xlsx-xlsx
5529318,地域ケアこころの診療所,157-0073,世田谷区,世田谷区砧８－５－１８砧シンヨービル２０２,03-5727-8346,2018-10-01,2024-10-01,byouin,2026-08-01,https://www.fukushi.metro.tokyo.lg.jp/documents/d/fukushi/20260801_seishin_byouin-xlsx-xlsx
5529417,医療法人社団ARCWELL駒澤ライフクリニック,154-0012,世田谷区,世田谷区駒沢２－１２－３大幸ビル３階,03-6805-2200,2019-03-01,2025-03-01,byouin,2026-08-01,https://www.fukushi.metro.tokyo.lg.jp/documents/d/fukushi/20260801_seishin_byouin-xlsx-xlsx
5529581,アット・ホームクリニック,154-0012,世田谷区,世田谷区駒沢２－３４－２,03-6413-8917,2026-01-01,,byouin,2026-08-01,https://www.fukushi.metro.tokyo.lg.jp/documents/d/fukushi/20260801_seishin_byouin-xlsx-xlsx
5529615,せたがや上町脳神経クリニック,154-0017,世田谷区,世田谷区世田谷２－４－２　ＳＡＣＲＡ　ＴＥＲＲＡＣＥ４階、５階,03-5477-2020,2019-07-01,2025-07-01,byouin,2026-08-01,https://www.fukushi.metro.tokyo.lg.jp/documents/d/fukushi/20260801_seishin_byouin-xlsx-xlsx
5529714,医療法人社団のびた みくりキッズクリニック,158-0093,世田谷区,世田谷区上野毛２－２２－１４　Ｂ棟,03-3701-1010,2016-04-01,2022-04-01,byouin,2026-08-01,https://www.fukushi.metro.tokyo.lg.jp/documents/d/fukushi/20260801_seishin_byouin-xlsx-xlsx
5529748,子どもと家族のメンタルクリニックやまねこ,157-0062,世田谷区,世田谷区南烏山４－１８－８,03-6279-5722,2019-07-01,2025-07-01,byouin,2026-08-01,https://www.fukushi.metro.tokyo.lg.jp/documents/d/fukushi/20260801_seishin_byouin-xlsx-xlsx
5529870,北星会クリニック,158-0094,世田谷区,世田谷区玉川３－６－１　ＡＭビルＡ棟６０１号室,03-3707-7771,2019-09-01,2025-09-01,byouin,2026-08-01,https://www.fukushi.metro.tokyo.lg.jp/documents/d/fukushi/20260801_seishin_byouin-xlsx-xlsx
5530076,こころの診療所 三軒茶屋,154-0024,世田谷区,世田谷区三軒茶屋１－３８－８　ステーションプラザロイヤル３０１号,03-6805-5510,2020-05-01,2026-05-01,byouin,2026-08-01,https://www.fukushi.metro.tokyo.lg.jp/documents/d/fukushi/20260801_seishin_byouin-xlsx-xlsx
5530183,おむすび小児科クリニック,156-0055,世田谷区,世田谷区船橋４－１７－１－１,03-5787-7075,2020-06-01,2026-06-01,byouin,2026-08-01,https://www.fukushi.metro.tokyo.lg.jp/documents/d/fukushi/20260801_seishin_byouin-xlsx-xlsx
5530233,医療法人社団ＡＲＣＷＥＬＬ 祖師谷ライフクリニック,157-0072,世田谷区,世田谷区祖師谷４－２５－２０　ぺルラ祖師谷Ｂ１　Ａ号室,03-6805-2063,2020-08-01,,byouin,2026-08-01,https://www.fukushi.metro.tokyo.lg.jp/documents/d/fukushi/20260801_seishin_byouin-xlsx-xlsx
5530399,アグリホームクリニックせたがや,158-0095,世田谷区,世田谷区瀬田５－３－７,03-5797-9336,2021-03-01,,byouin,2026-08-01,https://www.fukushi.metro.tokyo.lg.jp/documents/d/fukushi/20260801_seishin_byouin-xlsx-xlsx
5530480,医療法人社団マイスター アペックスメディカル・デンタルクリニック,158-0094,世田谷区,世田谷区玉川３－６－１　第６明友ビル１階,03-5797-2730,2016-06-01,2022-06-01,byouin,2026-08-01,https://www.fukushi.metro.tokyo.lg.jp/documents/d/fukushi/20260801_seishin_byouin-xlsx-xlsx
5530563,ふくろうクリニック自由が丘,158-0083,世田谷区,世田谷区奥沢６－２０－２３　フォーラム自由が丘　１階２階,03-3701-3351,2021-06-01,,byouin,2026-08-01,https://www.fukushi.metro.tokyo.lg.jp/documents/d/fukushi/20260801_seishin_byouin-xlsx-xlsx
5530597,医療法人社団明風会 こころとからだの訪問クリニック,155-0031,世田谷区,世田谷区北沢２－１－１－１０３,03-6407-0984,2019-07-01,2025-07-01,byouin,2026-08-01,https://www.fukushi.metro.tokyo.lg.jp/documents/d/fukushi/20260801_seishin_byouin-xlsx-xlsx
5530605,医療法人財団はるたか会あおぞら診療所せたがや,154-0001,世田谷区,世田谷区池尻２－３１－２４　信田ビル４階,03-6407-0101,2018-05-01,2024-05-01,byouin,2026-08-01,https://www.fukushi.metro.tokyo.lg.jp/documents/d/fukushi/20260801_seishin_byouin-xlsx-xlsx
5530621,医療法人社団圭仁会 はしもとクリニック経堂,156-0051,世田谷区,世田谷区宮坂１－２７－６,03-5656-6798,2016-04-01,2022-04-01,byouin,2026-08-01,https://www.fukushi.metro.tokyo.lg.jp/documents/d/fukushi/20260801_seishin_byouin-xlsx-xlsx
5530704,尾山台心療クリニック,158-0086,世田谷区,世田谷区尾山台３－３４－５,03-6809-7669,2011-07-01,2023-07-01,byouin,2026-08-01,https://www.fukushi.metro.tokyo.lg.jp/documents/d/fukushi/20260801_seishin_byouin-xlsx-xlsx
5530720,みどりの森メンタルクリニック成城,157-0066,世田谷区,世田谷区成城６－８－６　サラブライト成城ビル４階,03-6277-9922,2021-07-01,,byouin,2026-08-01,https://www.fukushi.metro.tokyo.lg.jp/documents/d/fukushi/20260801_seishin_byouin-xlsx-xlsx
5530753,メンタルクリニック下北沢,155-0033,世田谷区,世田谷区代田６－３－１　ＫＡＷＡＮＯ　ＳＨＩＭＯＫＩＴＡ　ＮＯＲＴＨ　３Ｆ,03-6407-0202,2021-10-01,,byouin,2026-08-01,https://www.fukushi.metro.tokyo.lg.jp/documents/d/fukushi/20260801_seishin_byouin-xlsx-xlsx
5530795,木内整形外科,156-0043,世田谷区,世田谷区松原１－３３－１０,03-5301-0360,2019-06-01,2025-06-01,byouin,2026-08-01,https://www.fukushi.metro.tokyo.lg.jp/documents/d/fukushi/20260801_seishin_byouin-xlsx-xlsx
5531058,経堂駅前こころのクリニック,156-0052,世田谷区,世田谷区経堂２－１４－１０　２階,03-5477-5560,2022-05-01,,byouin,2026-08-01,https://www.fukushi.metro.tokyo.lg.jp/documents/d/fukushi/20260801_seishin_byouin-xlsx-xlsx
5531090,下北沢こころのクリニック,155-0031,世田谷区,世田谷区北沢２－６－１１　生井沢ビル２階,03-6407-1807,2016-03-01,2022-03-01,byouin,2026-08-01,https://www.fukushi.metro.tokyo.lg.jp/documents/d/fukushi/20260801_seishin_byouin-xlsx-xlsx
5531108,世田谷用賀クリニック,158-0097,世田谷区,世田谷区用賀４－３－９　ＭＯＲＩＹＡ　ＴＨＲＥＥ　２階,03-3708-2500,2022-05-01,,byouin,2026-08-01,https://www.fukushi.metro.tokyo.lg.jp/documents/d/fukushi/20260801_seishin_byouin-xlsx-xlsx
5531132,深沢不動なかむら脳神経外科内科,158-0081,世田谷区,世田谷区深沢４－３４－７　１Ｆ,03-3705-1371,2022-09-01,,byouin,2026-08-01,https://www.fukushi.metro.tokyo.lg.jp/documents/d/fukushi/20260801_seishin_byouin-xlsx-xlsx
5531447,自由が丘高木クリニック,158-0083,世田谷区,世田谷区奥沢５－２７－５　魚菜エステート５０６,03-5726-3771,2007-01-01,2025-01-01,byouin,2026-08-01,https://www.fukushi.metro.tokyo.lg.jp/documents/d/fukushi/20260801_seishin_byouin-xlsx-xlsx
5531470,成城脳神経クリニック,157-0073,世田谷区,世田谷区砧８－１１－９　成城クリニックモール１階・２階,03-3749-8877,2023-01-01,,byouin,2026-08-01,https://www.fukushi.metro.tokyo.lg.jp/documents/d/fukushi/20260801_seishin_byouin-xlsx-xlsx
5531512,尾山台ファミリークリニック,158-0082,世田谷区,世田谷区等々力２－１８－１１　ラ・ポール尾山台２階,03-5760-6270,2026-08-01,,byouin,2026-08-01,https://www.fukushi.metro.tokyo.lg.jp/documents/d/fukushi/20260801_seishin_byouin-xlsx-xlsx
5531553,千歳船橋メンタルクリニック,156-0055,世田谷区,世田谷区船橋１－１１－１　４階,03-3420-1122,2023-01-01,,byouin,2026-08-01,https://www.fukushi.metro.tokyo.lg.jp/documents/d/fukushi/20260801_seishin_byouin-xlsx-xlsx
5531637,横井こどもクリニック,157-0073,世田谷区,世田谷区砧６－３２－３,03-5494-8615,2007-02-01,2025-02-01,byouin,2026-08-01,https://www.fukushi.metro.tokyo.lg.jp/documents/d/fukushi/20260801_seishin_byouin-xlsx-xlsx
5531652,ＲＩＣメンタルクリニック三軒茶屋,154-0024,世田谷区,世田谷区三軒茶屋２－１１－２３　サンタワーズＢ棟５階,03-5431-0258,2020-02-01,,byouin,2026-08-01,https://www.fukushi.metro.tokyo.lg.jp/documents/d/fukushi/20260801_seishin_byouin-xlsx-xlsx
5531850,医療法人社団三薫会三軒茶屋駅前おなかクリニック,154-0024,世田谷区,世田谷区三軒茶屋１－３７－２　三茶ビル４０２,03-3421-7149,2024-04-01,,byouin,2026-08-01,https://www.fukushi.metro.tokyo.lg.jp/documents/d/fukushi/20260801_seishin_byouin-xlsx-xlsx
5531959,医療法人社団育心会さくらキッズくりにっく,154-0015,世田谷区,世田谷区桜新町２－１０－４　ミケアビル２階Ｃ区画,03-5451-0016,2019-04-01,2025-04-01,byouin,2026-08-01,https://www.fukushi.metro.tokyo.lg.jp/documents/d/fukushi/20260801_seishin_byouin-xlsx-xlsx
5531991,医療法人社団応心ホームクリニック東京,158-0094,世田谷区,世田谷区玉川３－２９－２　リバーサイドメゾン４０４,03-6805-6986,2025-12-01,,byouin,2026-08-01,https://www.fukushi.metro.tokyo.lg.jp/documents/d/fukushi/20260801_seishin_byouin-xlsx-xlsx
5532056,医療法人社団のびたやおやコドモくりにっく,158-0081,世田谷区,世田谷区深沢３－９－１６,03-6432-2030,2024-01-01,,byouin,2026-08-01,https://www.fukushi.metro.tokyo.lg.jp/documents/d/fukushi/20260801_seishin_byouin-xlsx-xlsx
5532080,祖師ヶ谷大蔵メンタルクリニック,157-0072,世田谷区,世田谷区祖師谷３－３３－９　志澤ビル２０１,03-6411-3331,2024-01-01,,byouin,2026-08-01,https://www.fukushi.metro.tokyo.lg.jp/documents/d/fukushi/20260801_seishin_byouin-xlsx-xlsx
5532171,ＧＰクリニック自由が丘,158-0083,世田谷区,世田谷区奥沢５－２８－１０　大明ビル７階,03-6432-1223,2020-03-01,2026-03-01,byouin,2026-08-01,https://www.fukushi.metro.tokyo.lg.jp/documents/d/fukushi/20260801_seishin_byouin-xlsx-xlsx
5532254,用賀こころのクリニック,158-0097,世田谷区,世田谷区用賀４－５－２２　第三小林ビル２階,03-6411-7568,2024-05-01,,byouin,2026-08-01,https://www.fukushi.metro.tokyo.lg.jp/documents/d/fukushi/20260801_seishin_byouin-xlsx-xlsx
5532312,医療法人社団弘寿会ＭＩＺＥＮクリニック池尻大橋,154-0001,世田谷区,世田谷区池尻２－３３－１４　リオグランデ２階,03-6450-9993,2025-10-01,,byouin,2026-08-01,https://www.fukushi.metro.tokyo.lg.jp/documents/d/fukushi/20260801_seishin_byouin-xlsx-xlsx
5532361,ＯｐｕｓＯｎｅＣｌｉｎｉｃ,158-0097,世田谷区,世田谷区用賀４－５－２３　Ｂ１,03-5797-9590,2024-12-01,,byouin,2026-08-01,https://www.fukushi.metro.tokyo.lg.jp/documents/d/fukushi/20260801_seishin_byouin-xlsx-xlsx
5532387,上町さくらこころのクリニック,154-0017,世田谷区,世田谷区世田谷２－３－６　オオゼキビル４階,03-6413-1255,2024-05-01,,byouin,2026-08-01,https://www.fukushi.metro.tokyo.lg.jp/documents/d/fukushi/20260801_seishin_byouin-xlsx-xlsx
5532437,成城町診療所,157-0066,世田谷区,世田谷区成城６－７－５　オフィキーナ成城５階,03-6826-0610,2019-01-01,2025-01-01,byouin,2026-08-01,https://www.fukushi.metro.tokyo.lg.jp/documents/d/fukushi/20260801_seishin_byouin-xlsx-xlsx
5532551,ＭＯ寺クリニック尾山台,158-0082,世田谷区,世田谷区等々力２－３－１８　２階,03-3701-8000,2024-08-01,,byouin,2026-08-01,https://www.fukushi.metro.tokyo.lg.jp/documents/d/fukushi/20260801_seishin_byouin-xlsx-xlsx
5532569,世田谷公園前クリニック,154-0002,世田谷区,世田谷区下馬１－４０－１４　メイプルハイツ１階,03-5787-6110,2018-11-01,2024-11-01,byouin,2026-08-01,https://www.fukushi.metro.tokyo.lg.jp/documents/d/fukushi/20260801_seishin_byouin-xlsx-xlsx
5532601,シモキタよあけ心療内科,155-0031,世田谷区,世田谷区北沢２－１２－１４　６階Ａ,03-6450-8682,2024-09-01,,byouin,2026-08-01,https://www.fukushi.metro.tokyo.lg.jp/documents/d/fukushi/20260801_seishin_byouin-xlsx-xlsx
5532619,医療法人社団のびたあのねコドモくりにっく,158-0096,世田谷区,世田谷区玉川台２－１２－３,03-3700-7100,2024-10-01,,byouin,2026-08-01,https://www.fukushi.metro.tokyo.lg.jp/documents/d/fukushi/20260801_seishin_byouin-xlsx-xlsx
5532635,メンタルウェルビーイングクリニック用賀,158-0097,世田谷区,世田谷区用賀４－９－１２ Ａ　ＳＴＡＧＥ用賀２階,03-6447-9175,2024-09-01,,byouin,2026-08-01,https://www.fukushi.metro.tokyo.lg.jp/documents/d/fukushi/20260801_seishin_byouin-xlsx-xlsx
5532775,グレースホームケアクリニック,158-0083,世田谷区,世田谷区奥沢５－３４－１,03-6425-8858,2024-04-01,,byouin,2026-08-01,https://www.fukushi.metro.tokyo.lg.jp/documents/d/fukushi/20260801_seishin_byouin-xlsx-xlsx
5532841,一般社団法人新玄会ミライメディカルクリニック,154-0004,世田谷区,世田谷区太子堂２－１２－２　Ｔ－ｏｎｅ世田谷ビル５階,03-4500-1291,2026-04-01,,byouin,2026-08-01,https://www.fukushi.metro.tokyo.lg.jp/documents/d/fukushi/20260801_seishin_byouin-xlsx-xlsx
5532858,医療法人社団双愛会ツインハート在宅クリニック二子玉川,158-0094,世田谷区,世田谷区玉川３－３６－１６　ブリンク山田１０３号室,03-5744-3361,2025-01-01,,byouin,2026-08-01,https://www.fukushi.metro.tokyo.lg.jp/documents/d/fukushi/20260801_seishin_byouin-xlsx-xlsx
5532932,医療法人社団益友会 どんぐり発達クリニック,154-0011,世田谷区,世田谷区上馬３－１８－１１　エルフレア駒沢１階,03-5314-3288,2014-05-01,2026-05-01,byouin,2026-08-01,https://www.fukushi.metro.tokyo.lg.jp/documents/d/fukushi/20260801_seishin_byouin-xlsx-xlsx
5533047,自由が丘ぶどうの木こどもクリニック,158-0083,世田谷区,世田谷区奥沢６－３１－１　２階Ｅ区画,03-3703-1212,2025-05-01,,byouin,2026-08-01,https://www.fukushi.metro.tokyo.lg.jp/documents/d/fukushi/20260801_seishin_byouin-xlsx-xlsx
5533104,かぞくの杜クリニック烏山,157-0062,世田谷区,世田谷区南烏山４－１４－５　世田谷テラス１階,未定,2025-05-01,,byouin,2026-08-01,https://www.fukushi.metro.tokyo.lg.jp/documents/d/fukushi/20260801_seishin_byouin-xlsx-xlsx
5533138,自由が丘みなみクリニック,158-0083,世田谷区,世田谷区奥沢６－３１－１　フィルパーク自由が丘３Ｆ号室,03-6321-4452,2025-01-01,,byouin,2026-08-01,https://www.fukushi.metro.tokyo.lg.jp/documents/d/fukushi/20260801_seishin_byouin-xlsx-xlsx
5533351,桜上水駅前内科,156-0045,世田谷区,世田谷区桜上水５－２４－９　桜上水ビル３階,03-5357-8388,2026-05-01,,byouin,2026-08-01,https://www.fukushi.metro.tokyo.lg.jp/documents/d/fukushi/20260801_seishin_byouin-xlsx-xlsx
5533385,ホームアレークリニック梅ヶ丘,155-0033,世田谷区,世田谷区代田３－５２－１　サザンパレス代田１階,03-5787-6388,2025-10-01,,byouin,2026-08-01,https://www.fukushi.metro.tokyo.lg.jp/documents/d/fukushi/20260801_seishin_byouin-xlsx-xlsx
5533435,椿クリニック千歳船橋,156-0055,世田谷区,世田谷区船橋３－１－８　アルカステルＨ－１,03-6743-7692,2025-10-01,,byouin,2026-08-01,https://www.fukushi.metro.tokyo.lg.jp/documents/d/fukushi/20260801_seishin_byouin-xlsx-xlsx
5533484,林診療所,156-0045,世田谷区,世田谷区桜上水４－１８－１９　森本ビル２階,03-5316-5520,2015-07-01,2021-07-01,byouin,2026-08-01,https://www.fukushi.metro.tokyo.lg.jp/documents/d/fukushi/20260801_seishin_byouin-xlsx-xlsx
5533542,痛みと美容のクリニック世田谷,154-0012,世田谷区,世田谷区駒沢２－１４－１　第２フォンタナ駒沢１０８号室,070-9386-0013,2026-01-01,,byouin,2026-08-01,https://www.fukushi.metro.tokyo.lg.jp/documents/d/fukushi/20260801_seishin_byouin-xlsx-xlsx
5533617,医療法人櫻縁会世田谷内科・糖尿病総合クリニック,158-0083,世田谷区,世田谷区奥沢２－１４－３　パークガーデン１階,03-6421-1887,2021-05-01,,byouin,2026-08-01,https://www.fukushi.metro.tokyo.lg.jp/documents/d/fukushi/20260801_seishin_byouin-xlsx-xlsx
5533641,つばめメンタルクリニック千歳船橋,156-0054,世田谷区,世田谷区桜丘２－２７－１４　セレンディピティ医療センター４階,03-5477-5570,2026-02-01,,byouin,2026-08-01,https://www.fukushi.metro.tokyo.lg.jp/documents/d/fukushi/20260801_seishin_byouin-xlsx-xlsx
5533740,ひかり神経クリニック,157-0073,世田谷区,世田谷区砧４－６－３　砧４丁目メゾネット１０１,03-6411-0980,2026-08-01,,byouin,2026-08-01,https://www.fukushi.metro.tokyo.lg.jp/documents/d/fukushi/20260801_seishin_byouin-xlsx-xlsx
5533815,成城メンタルクリニック,157-0066,世田谷区,世田谷区成城６－１４－２　ミワビル２階,03-5429-7622,2007-01-01,2025-01-01,byouin,2026-08-01,https://www.fukushi.metro.tokyo.lg.jp/documents/d/fukushi/20260801_seishin_byouin-xlsx-xlsx
5533856,ちょうふ在宅クリニック八幡山,156-0056,世田谷区,世田谷区八幡山１－２２－４,03-6379-8027,2026-08-01,,byouin,2026-08-01,https://www.fukushi.metro.tokyo.lg.jp/documents/d/fukushi/20260801_seishin_byouin-xlsx-xlsx
5533872,自由が丘メンタルクリニック,158-0083,世田谷区,世田谷区奥沢５－２７－１５　３階,03-3718-2762,2007-01-01,2025-01-01,byouin,2026-08-01,https://www.fukushi.metro.tokyo.lg.jp/documents/d/fukushi/20260801_seishin_byouin-xlsx-xlsx
5533898,太子堂診療所,154-0004,世田谷区,世田谷区太子堂４－２６－１２　３階３０１号室,03-5432-9211,2024-09-01,,byouin,2026-08-01,https://www.fukushi.metro.tokyo.lg.jp/documents/d/fukushi/20260801_seishin_byouin-xlsx-xlsx
5533963,ラサクリニック明大前,156-0043,世田谷区,世田谷区松原１－３９－１７　レインボー松原４０３,03-6265-8341,2026-07-01,,byouin,2026-08-01,https://www.fukushi.metro.tokyo.lg.jp/documents/d/fukushi/20260801_seishin_byouin-xlsx-xlsx
5570007,地方独立行政法人 東京都立病院機構 東京都立松沢病院,156-0057,世田谷区,世田谷区上北沢２－１－１,03-3303-7211,2007-02-01,2025-02-01,byouin,2026-08-01,https://www.fukushi.metro.tokyo.lg.jp/documents/d/fukushi/20260801_seishin_byouin-xlsx-xlsx
5570056,世田谷桜丘病院,156-0054,世田谷区,世田谷区桜丘４－２５－８,03-3425-1817,2025-08-01,,byouin,2026-08-01,https://www.fukushi.metro.tokyo.lg.jp/documents/d/fukushi/20260801_seishin_byouin-xlsx-xlsx
5570072,医療法人平成博愛会 世田谷記念病院,158-0092,世田谷区,世田谷区野毛２－３０－１０,03-3703-5100,2017-04-01,2023-04-01,byouin,2026-08-01,https://www.fukushi.metro.tokyo.lg.jp/documents/d/fukushi/20260801_seishin_byouin-xlsx-xlsx
5570080,医療法人社団輝生会 成城リハビリテーション病院,157-0072,世田谷区,世田谷区祖師谷３－８－７　ガーデン成城ビル,03-5429-2292,2009-10-01,2021-10-01,byouin,2026-08-01,https://www.fukushi.metro.tokyo.lg.jp/documents/d/fukushi/20260801_seishin_byouin-xlsx-xlsx
8615312,国立研究開発法人 国立成育医療研究センター,157-0074,世田谷区,世田谷区大蔵２－１０－１,03-3416-0181,2007-02-01,2025-02-01,byouin,2026-08-01,https://www.fukushi.metro.tokyo.lg.jp/documents/d/fukushi/20260801_seishin_byouin-xlsx-xlsx
9570565,自衛隊中央病院,154-8532,世田谷区,世田谷区池尻１－２－２４,03-3411-0151,2007-01-01,2025-01-01,byouin,2026-08-01,https://www.fukushi.metro.tokyo.lg.jp/documents/d/fukushi/20260801_seishin_byouin-xlsx-xlsx
1315233,日本赤十字社医療センター,150-0012,渋谷区,渋谷区広尾４－１－２２,03-3400-1311,2007-02-01,2025-02-01,byouin,2026-08-01,https://www.fukushi.metro.tokyo.lg.jp/documents/d/fukushi/20260801_seishin_byouin-xlsx-xlsx
1325786,医療法人宝生会 ＰＬ病院東京診療所,150-0047,渋谷区,渋谷区神山町１７－８,03-3469-1161,2007-02-01,2025-02-01,byouin,2026-08-01,https://www.fukushi.metro.tokyo.lg.jp/documents/d/fukushi/20260801_seishin_byouin-xlsx-xlsx
1326057,花クリニック,151-0053,渋谷区,渋谷区代々木１－３８－１１,03-3375-1161,2007-01-01,2025-01-01,byouin,2026-08-01,https://www.fukushi.metro.tokyo.lg.jp/documents/d/fukushi/20260801_seishin_byouin-xlsx-xlsx
1327923,こどもの城小児保健クリニック,150-0001,渋谷区,渋谷区神宮前５－５３－１,03-3797-5667,2007-02-01,2025-02-01,byouin,2026-08-01,https://www.fukushi.metro.tokyo.lg.jp/documents/d/fukushi/20260801_seishin_byouin-xlsx-xlsx
1329010,あらいかずえクリニック,150-0002,渋谷区,渋谷区渋谷１－１０－３－１１０２,03-3797-6677,2007-01-01,2025-01-01,byouin,2026-08-01,https://www.fukushi.metro.tokyo.lg.jp/documents/d/fukushi/20260801_seishin_byouin-xlsx-xlsx
1329333,イワタクリニック,150-0002,渋谷区,渋谷区渋谷１－１－１０　ニューハイツ青山２０１,03-3486-7872,2007-01-01,2025-01-01,byouin,2026-08-01,https://www.fukushi.metro.tokyo.lg.jp/documents/d/fukushi/20260801_seishin_byouin-xlsx-xlsx
1329358,代々木公園診療所,151-0063,渋谷区,渋谷区富ヶ谷１－９－５　ＦＴビル２階－３階,03-3466-8928,2007-02-01,2025-02-01,byouin,2026-08-01,https://www.fukushi.metro.tokyo.lg.jp/documents/d/fukushi/20260801_seishin_byouin-xlsx-xlsx
1329754,篠原クリニック,151-0073,渋谷区,渋谷区笹塚３－５８－１８,03-3377-6633,2007-01-01,2025-01-01,byouin,2026-08-01,https://www.fukushi.metro.tokyo.lg.jp/documents/d/fukushi/20260801_seishin_byouin-xlsx-xlsx
1330687,林クリニック,151-0053,渋谷区,渋谷区代々木２－１０－８　ケイアイ新宿ビル８階,03-3370-5100,2007-02-01,2025-02-01,byouin,2026-08-01,https://www.fukushi.metro.tokyo.lg.jp/documents/d/fukushi/20260801_seishin_byouin-xlsx-xlsx
1331065,高橋メンタルクリニック,151-0073,渋谷区,渋谷区笹塚２－１９－２　ＴＳＫ笹塚ビル７階,03-3378-0777,2007-01-01,2025-01-01,byouin,2026-08-01,https://www.fukushi.metro.tokyo.lg.jp/documents/d/fukushi/20260801_seishin_byouin-xlsx-xlsx
1331446,原宿メンタルクリニック,150-0001,渋谷区,渋谷区神宮前４－２８－８,03-5770-5470,2007-09-01,2025-09-01,byouin,2026-08-01,https://www.fukushi.metro.tokyo.lg.jp/documents/d/fukushi/20260801_seishin_byouin-xlsx-xlsx
1331479,岡本クリニック,151-0073,渋谷区,渋谷区笹塚１－５６－５－９０Ａ,03-3377-3164,2007-02-01,2025-02-01,byouin,2026-08-01,https://www.fukushi.metro.tokyo.lg.jp/documents/d/fukushi/20260801_seishin_byouin-xlsx-xlsx
1331594,クリニック玲タケダ,151-0071,渋谷区,渋谷区本町１－５２－２　Ｋビル３階,03-3377-9809,2007-02-01,2025-02-01,byouin,2026-08-01,https://www.fukushi.metro.tokyo.lg.jp/documents/d/fukushi/20260801_seishin_byouin-xlsx-xlsx
1332048,医療法人社団碧生会 水町エム・アールクリニック,151-0051,渋谷区,渋谷区千駄ヶ谷１－１－１６,03-3404-1030,2008-01-01,2026-01-01,byouin,2026-08-01,https://www.fukushi.metro.tokyo.lg.jp/documents/d/fukushi/20260801_seishin_byouin-xlsx-xlsx
1332535,医療法人社団新風会 エビス心療内科,150-0021,渋谷区,渋谷区恵比寿西１－１－２－５階,03-5456-0556,2007-01-01,2025-01-01,byouin,2026-08-01,https://www.fukushi.metro.tokyo.lg.jp/documents/d/fukushi/20260801_seishin_byouin-xlsx-xlsx
1332691,田尻医院,151-0053,渋谷区,渋谷区代々木１－５３－４　田尻ビル６階,03-3370-3827,2008-02-01,2026-02-01,byouin,2026-08-01,https://www.fukushi.metro.tokyo.lg.jp/documents/d/fukushi/20260801_seishin_byouin-xlsx-xlsx
1333202,ノムラクリニック,150-0022,渋谷区,渋谷区恵比寿南１－１８－３,03-3719-5358,2007-01-01,2025-01-01,byouin,2026-08-01,https://www.fukushi.metro.tokyo.lg.jp/documents/d/fukushi/20260801_seishin_byouin-xlsx-xlsx
1333483,医療法人社団奏有会 文化村通りクリニック,150-0043,渋谷区,渋谷区道玄坂２－２５－１０　小田原屋ビル４階,03-5459-4070,2007-01-01,2025-01-01,byouin,2026-08-01,https://www.fukushi.metro.tokyo.lg.jp/documents/d/fukushi/20260801_seishin_byouin-xlsx-xlsx
1333731,ヒラハタクリニック,150-0002,渋谷区,渋谷区渋谷１－２４－６　マトリクス・ツービル９階,03-3400-3288,2008-04-01,2026-04-01,byouin,2026-08-01,https://www.fukushi.metro.tokyo.lg.jp/documents/d/fukushi/20260801_seishin_byouin-xlsx-xlsx
1334135,渋谷もりやクリニック,150-0043,渋谷区,渋谷区道玄坂１－１８－５－２階,03-3780-8005,2006-11-01,2024-11-01,byouin,2026-08-01,https://www.fukushi.metro.tokyo.lg.jp/documents/d/fukushi/20260801_seishin_byouin-xlsx-xlsx
1334549,はたがやメンタルクリニック,151-0072,渋谷区,渋谷区幡ヶ谷３－２－８　提箸ビル,03-3320-8690,2007-10-01,2025-10-01,byouin,2026-08-01,https://www.fukushi.metro.tokyo.lg.jp/documents/d/fukushi/20260801_seishin_byouin-xlsx-xlsx
1334622,医療法人社団ピクシス ノリ・メディカルクリニック笹塚南,151-0073,渋谷区,渋谷区笹塚１－３０－３　ビラージュ笹塚Ⅲ６階,03-5452-0241,2014-05-01,2026-05-01,byouin,2026-08-01,https://www.fukushi.metro.tokyo.lg.jp/documents/d/fukushi/20260801_seishin_byouin-xlsx-xlsx
1334630,セリエ新宿クリニック,151-0053,渋谷区,渋谷区代々木２－７－４－６階,03-5350-8387,2007-02-01,2025-02-01,byouin,2026-08-01,https://www.fukushi.metro.tokyo.lg.jp/documents/d/fukushi/20260801_seishin_byouin-xlsx-xlsx
1334705,渋谷こころのクリニック,151-0063,渋谷区,渋谷区富ヶ谷１－１３－９　フォンテ西原宿４Ａ,03-5454-1849,2007-02-01,2025-02-01,byouin,2026-08-01,https://www.fukushi.metro.tokyo.lg.jp/documents/d/fukushi/20260801_seishin_byouin-xlsx-xlsx
1335140,幡ヶ谷駅前クリニック,151-0072,渋谷区,渋谷区幡ヶ谷２－８－１０－１０４,03-6304-2771,2009-04-01,2021-04-01,byouin,2026-08-01,https://www.fukushi.metro.tokyo.lg.jp/documents/d/fukushi/20260801_seishin_byouin-xlsx-xlsx
1335157,代々木上原メンタルクリニック,151-0066,渋谷区,渋谷区西原３－１７－１１　ＩＲビル３階,03-3460-5100,2009-04-01,2021-04-01,byouin,2026-08-01,https://www.fukushi.metro.tokyo.lg.jp/documents/d/fukushi/20260801_seishin_byouin-xlsx-xlsx
1335249,医療法人社団ＫＡＲＩＹＡ まいんずたわーメンタルクリニック,151-0053,渋谷区,渋谷区代々木２－１－１,03-5302-5288,2007-02-01,2025-02-01,byouin,2026-08-01,https://www.fukushi.metro.tokyo.lg.jp/documents/d/fukushi/20260801_seishin_byouin-xlsx-xlsx
1335256,代官山メンタルクリニック,150-0034,渋谷区,渋谷区代官山町２０－９　ＨＢＬＤ代官山２階,03-5456-4335,2009-12-01,2021-12-01,byouin,2026-08-01,https://www.fukushi.metro.tokyo.lg.jp/documents/d/fukushi/20260801_seishin_byouin-xlsx-xlsx
1335348,オーキッド代官山クリニック,150-0033,渋谷区,渋谷区猿楽町２４－７　代官山プラザ３０３,03-6427-8736,2009-09-01,2021-09-01,byouin,2026-08-01,https://www.fukushi.metro.tokyo.lg.jp/documents/d/fukushi/20260801_seishin_byouin-xlsx-xlsx
1335371,笹塚井上クリニック,151-0073,渋谷区,渋谷区笹塚１－１５－４　ＡＩＫＩビル１階２階,03-3466-3348,2007-01-01,2025-01-01,byouin,2026-08-01,https://www.fukushi.metro.tokyo.lg.jp/documents/d/fukushi/20260801_seishin_byouin-xlsx-xlsx
1335751,橋本クリニック,150-0002,渋谷区,渋谷区渋谷１－８－８　新栄宮益ビル３階,03-5464-2155,2011-04-01,2023-04-01,byouin,2026-08-01,https://www.fukushi.metro.tokyo.lg.jp/documents/d/fukushi/20260801_seishin_byouin-xlsx-xlsx
1335793,緑岡クリニック,150-0002,渋谷区,渋谷区渋谷４－３－５　緑岡ハウス１階,03-3407-3908,2011-06-01,2017-06-01,byouin,2026-08-01,https://www.fukushi.metro.tokyo.lg.jp/documents/d/fukushi/20260801_seishin_byouin-xlsx-xlsx
1335868,医療法人社団渋美会ひかりクリニック東京,151-0053,渋谷区,渋谷区代々木２－１６－１　宮坂甲斐路ビル１階,03-6300-9561,2023-11-01,,byouin,2026-08-01,https://www.fukushi.metro.tokyo.lg.jp/documents/d/fukushi/20260801_seishin_byouin-xlsx-xlsx
1336106,医療法人社団メンタルブレイン 表参道こころのクリニック,150-0001,渋谷区,渋谷区神宮前６－１３－７　グランドオム３階,03-5778-9960,2006-08-01,2024-08-01,byouin,2026-08-01,https://www.fukushi.metro.tokyo.lg.jp/documents/d/fukushi/20260801_seishin_byouin-xlsx-xlsx
1336155,楓の森メンタルクリニック,150-0022,渋谷区,渋谷区恵比寿南２－１３－９　１階,03-6451-0226,2012-10-01,2024-10-01,byouin,2026-08-01,https://www.fukushi.metro.tokyo.lg.jp/documents/d/fukushi/20260801_seishin_byouin-xlsx-xlsx
1336171,渋谷心療内科ゆうメンタルクリニック渋谷院,150-0043,渋谷区,渋谷区道玄坂１－３－１　６階,03-5459-8885,2012-05-01,2024-05-01,byouin,2026-08-01,https://www.fukushi.metro.tokyo.lg.jp/documents/d/fukushi/20260801_seishin_byouin-xlsx-xlsx
1336510,望星新宿南口クリニック,151-0053,渋谷区,渋谷区代々木２－９－２　久保ビル３階,03-3376-0191,2013-07-01,2025-07-01,byouin,2026-08-01,https://www.fukushi.metro.tokyo.lg.jp/documents/d/fukushi/20260801_seishin_byouin-xlsx-xlsx
1336726,恵比寿山の診療所,150-0021,渋谷区,渋谷区恵比寿西１－１０－６,03-6427-0690,2010-10-01,2022-10-01,byouin,2026-08-01,https://www.fukushi.metro.tokyo.lg.jp/documents/d/fukushi/20260801_seishin_byouin-xlsx-xlsx
1336932,都庁前クリニック,151-0053,渋谷区,渋谷区代々木２－１２－４　西原ビル４階,03-6276-1831,2007-01-01,2025-01-01,byouin,2026-08-01,https://www.fukushi.metro.tokyo.lg.jp/documents/d/fukushi/20260801_seishin_byouin-xlsx-xlsx
1337112,渋谷メンタルクリニック,150-0043,渋谷区,渋谷区道玄坂２－２５－５　島田ビル４階Ｃ,03-3496-2020,2016-01-01,2022-01-01,byouin,2026-08-01,https://www.fukushi.metro.tokyo.lg.jp/documents/d/fukushi/20260801_seishin_byouin-xlsx-xlsx
1337245,医療法人社団加友会ＪＯＹクリニック,151-0053,渋谷区,渋谷区代々木２－２３－１　１１１５,03-6416-1934,2025-04-01,,byouin,2026-08-01,https://www.fukushi.metro.tokyo.lg.jp/documents/d/fukushi/20260801_seishin_byouin-xlsx-xlsx
1337518,Ｍｅｄｉｃａｌ Ｓｗｉｔｃｈ ｉｎ ｃｌｉｎｉｃ,150-0002,渋谷区,渋谷区渋谷１－９－５　高橋ビル３階,03-5778-3600,2013-05-01,2025-05-01,byouin,2026-08-01,https://www.fukushi.metro.tokyo.lg.jp/documents/d/fukushi/20260801_seishin_byouin-xlsx-xlsx
1337633,医療法人社団博悠会 代々木八幡クリニック,151-0063,渋谷区,渋谷区富ヶ谷１－５１－４　代々木八幡猪山ビル,03-3465-2662,2007-01-01,2025-01-01,byouin,2026-08-01,https://www.fukushi.metro.tokyo.lg.jp/documents/d/fukushi/20260801_seishin_byouin-xlsx-xlsx
1337641,はたがや南口心療内科,151-0072,渋谷区,渋谷区幡ヶ谷１－３２－１９　ドルチェ京王Ⅱ２階,03-3468-1050,2017-06-01,,byouin,2026-08-01,https://www.fukushi.metro.tokyo.lg.jp/documents/d/fukushi/20260801_seishin_byouin-xlsx-xlsx
1337971,医療法人社団透心会新宿渋谷メンタルクリニック,151-0061,渋谷区,渋谷区初台１－７－７　Ｃｏｕｒｔ初台１階１０１号,03-6383-3414,2017-04-01,2023-04-01,byouin,2026-08-01,https://www.fukushi.metro.tokyo.lg.jp/documents/d/fukushi/20260801_seishin_byouin-xlsx-xlsx
1338102,医療法人社団絹和会睡眠総合ケアクリニック代々木,151-0053,渋谷区,渋谷区代々木５－１０－１０　ＳＹビル,03-6300-5401,2007-01-01,2025-01-01,byouin,2026-08-01,https://www.fukushi.metro.tokyo.lg.jp/documents/d/fukushi/20260801_seishin_byouin-xlsx-xlsx
1338490,参宮橋こころのクリニック,151-0053,渋谷区,渋谷区代々木４－１１－８,03-6873-7288,2019-08-01,2025-08-01,byouin,2026-08-01,https://www.fukushi.metro.tokyo.lg.jp/documents/d/fukushi/20260801_seishin_byouin-xlsx-xlsx
1338540,道玄坂 ふじたクリニック,150-0043,渋谷区,渋谷区道玄坂１－１０－１９,03-5489-5100,2019-10-01,2025-10-01,byouin,2026-08-01,https://www.fukushi.metro.tokyo.lg.jp/documents/d/fukushi/20260801_seishin_byouin-xlsx-xlsx
1338649,新宿・代々木こころのラボクリニック,151-0051,渋谷区,渋谷区千駄ヶ谷５－２７－５　リンクスクエア新宿　新宿・代々木メディカルモール３階３０２号室,03-5357-7385,2020-01-01,2026-01-01,byouin,2026-08-01,https://www.fukushi.metro.tokyo.lg.jp/documents/d/fukushi/20260801_seishin_byouin-xlsx-xlsx
1338656,医療法人慶聰会 矢澤クリニック渋谷,151-0065,渋谷区,渋谷区上原１－３３－１１　ＴＯＰＣＯＵＲＴ４　２階,03-5738-7282,2018-11-01,2024-11-01,byouin,2026-08-01,https://www.fukushi.metro.tokyo.lg.jp/documents/d/fukushi/20260801_seishin_byouin-xlsx-xlsx
1338698,ホープクリニック,151-0066,渋谷区,渋谷区西原３－２０－７　３階,03-3460-6348,2020-03-01,2026-03-01,byouin,2026-08-01,https://www.fukushi.metro.tokyo.lg.jp/documents/d/fukushi/20260801_seishin_byouin-xlsx-xlsx
1338755,広尾メンタルクリニック,150-0012,渋谷区,渋谷区広尾５－１４－２　広尾Ｋ　Ｋビル３階,03-6277-3133,2020-04-01,2026-04-01,byouin,2026-08-01,https://www.fukushi.metro.tokyo.lg.jp/documents/d/fukushi/20260801_seishin_byouin-xlsx-xlsx
1338805,こころの漢方クリニック,150-0021,渋谷区,渋谷区恵比寿西１－１０－１４　バルビゾン８８　４Ｆ,03-6416-1077,2020-10-01,,byouin,2026-08-01,https://www.fukushi.metro.tokyo.lg.jp/documents/d/fukushi/20260801_seishin_byouin-xlsx-xlsx
1338912,代官山やまびこクリニック,151-0033,渋谷区,渋谷区猿楽町２－３　コーポ天城　３０２号,03-3464-8025,2020-07-01,2026-07-01,byouin,2026-08-01,https://www.fukushi.metro.tokyo.lg.jp/documents/d/fukushi/20260801_seishin_byouin-xlsx-xlsx
1339191,医療法人社団ＩＴＯ 代々木メンタルクリニック,151-0051,渋谷区,渋谷区千駄ヶ谷４－２６－１１　３階,03-6455-4173,2014-12-01,2020-12-01,byouin,2026-08-01,https://www.fukushi.metro.tokyo.lg.jp/documents/d/fukushi/20260801_seishin_byouin-xlsx-xlsx
1339258,しぶここクリニック,150-0002,渋谷区,渋谷区渋谷１－６－３－４０２,03-6427-5375,2021-04-01,,byouin,2026-08-01,https://www.fukushi.metro.tokyo.lg.jp/documents/d/fukushi/20260801_seishin_byouin-xlsx-xlsx
1339340,北参道こころの診療所,151-0051,渋谷区,渋谷区千駄ヶ谷３－３２－２　北参道ウィングビル２階,"03-
6434-
7571",2021-04-01,,byouin,2026-08-01,https://www.fukushi.metro.tokyo.lg.jp/documents/d/fukushi/20260801_seishin_byouin-xlsx-xlsx
1339399,渋谷並木橋メンタルクリニック,150-0002,渋谷区,渋谷区渋谷３－１１－７　第２ミネギシビル４階,03-3409-5533,2021-04-01,,byouin,2026-08-01,https://www.fukushi.metro.tokyo.lg.jp/documents/d/fukushi/20260801_seishin_byouin-xlsx-xlsx
1339423,東京はなクリニック,150-0013,渋谷区,渋谷区恵比寿１－９－７　ＩＴＯＸビル６階,03-5798-3458,2007-01-01,2025-01-01,byouin,2026-08-01,https://www.fukushi.metro.tokyo.lg.jp/documents/d/fukushi/20260801_seishin_byouin-xlsx-xlsx
1339480,恵比寿脳神経外科・内科クリニック,150-0022,渋谷区,渋谷区恵比寿南１－４－１５恵比寿銀座クロスビル３階,03-3712-1188,2019-08-01,2025-08-01,byouin,2026-08-01,https://www.fukushi.metro.tokyo.lg.jp/documents/d/fukushi/20260801_seishin_byouin-xlsx-xlsx
1339662,１st STEP こころのクリニック,151-0001,渋谷区,渋谷区神宮前３－４２－１１　ローザビアンカ２０５号室,03-6384-2515,2018-05-01,2024-05-01,byouin,2026-08-01,https://www.fukushi.metro.tokyo.lg.jp/documents/d/fukushi/20260801_seishin_byouin-xlsx-xlsx
1339803,ウェルネストクリニック,150-0043,渋谷区,渋谷区道玄坂２－３－２　大外ビル３階,03-6732-6002,2021-10-01,,byouin,2026-08-01,https://www.fukushi.metro.tokyo.lg.jp/documents/d/fukushi/20260801_seishin_byouin-xlsx-xlsx
1339886,フローラメンタルクリニック渋谷院,150-0002,渋谷区,渋谷区渋谷１－１３－５　大協渋谷ビル１０階,03-3486-0018,2022-04-01,,byouin,2026-08-01,https://www.fukushi.metro.tokyo.lg.jp/documents/d/fukushi/20260801_seishin_byouin-xlsx-xlsx
1339969,青山心療内科クリニック８,150-0001,渋谷区,渋谷区神宮前１－２１－２　ハウスオブクゼ１０１,03-5786-0053,2010-05-01,2022-05-01,byouin,2026-08-01,https://www.fukushi.metro.tokyo.lg.jp/documents/d/fukushi/20260801_seishin_byouin-xlsx-xlsx
1370071,東日本旅客鉄道株式会社 ＪＲ東京総合病院,151-8523,渋谷区,渋谷区代々木２－１－３,03-3320-2210,2007-01-01,2025-01-01,byouin,2026-08-01,https://www.fukushi.metro.tokyo.lg.jp/documents/d/fukushi/20260801_seishin_byouin-xlsx-xlsx
1370105,医療法人財団東京勤労者医療会 代々木病院,151-0051,渋谷区,渋谷区千駄ヶ谷１－３０－７,03-3404-7661,2007-01-01,2025-01-01,byouin,2026-08-01,https://www.fukushi.metro.tokyo.lg.jp/documents/d/fukushi/20260801_seishin_byouin-xlsx-xlsx
1370162,医療法人社団輝生会 初台リハビリテーション病院,151-0071,渋谷区,渋谷区本町３－５３－３,03-5365-8500,2008-04-01,2026-04-01,byouin,2026-08-01,https://www.fukushi.metro.tokyo.lg.jp/documents/d/fukushi/20260801_seishin_byouin-xlsx-xlsx
6020028,医療法人社団ＤＥＮ みいクリニック代々木,151-0051,渋谷区,渋谷区千駄ヶ谷５－２１－１４　バリューＨＲビル２階,03-6276-5385,2017-02-01,2023-02-01,byouin,2026-08-01,https://www.fukushi.metro.tokyo.lg.jp/documents/d/fukushi/20260801_seishin_byouin-xlsx-xlsx
6020051,恵比寿メディカルクリニック,150-0013,渋谷区,渋谷区恵比寿１－７－１１　吉原ビル７階,03-5848-3558,2007-07-01,2025-07-01,byouin,2026-08-01,https://www.fukushi.metro.tokyo.lg.jp/documents/d/fukushi/20260801_seishin_byouin-xlsx-xlsx
6020069,青山渋谷メディカルクリニック,150-0002,渋谷区,渋谷区渋谷１－１９－８　岡田ビル２階,03-5464-5467,2007-01-01,2025-01-01,byouin,2026-08-01,https://www.fukushi.metro.tokyo.lg.jp/documents/d/fukushi/20260801_seishin_byouin-xlsx-xlsx
6020176,医療法人社団和会 渋谷コアクリニック,150-0002,渋谷区,渋谷区渋谷１－９－８　朝日生命宮益坂ビル１階,03-3498-2111,2015-06-01,2021-06-01,byouin,2026-08-01,https://www.fukushi.metro.tokyo.lg.jp/documents/d/fukushi/20260801_seishin_byouin-xlsx-xlsx
6020655,渋谷３６５メンタルクリニック,150-0002,渋谷区,渋谷区渋谷２－１－１１　郁文堂青山通りビル８階,03-6452-6700,2023-04-01,,byouin,2026-08-01,https://www.fukushi.metro.tokyo.lg.jp/documents/d/fukushi/20260801_seishin_byouin-xlsx-xlsx
6020887,澁谷川診療所,150-0001,渋谷区,渋谷区神宮前２－１９－３　ヤマトビルヂング　２階,03-6845-0299,2023-11-01,,byouin,2026-08-01,https://www.fukushi.metro.tokyo.lg.jp/documents/d/fukushi/20260801_seishin_byouin-xlsx-xlsx
6020929,ＭＯＫＯ在宅クリニック,151-0053,渋谷区,渋谷区代々木２－２７－８　代々木レジデンス５０２,03-3378-0088,2026-01-01,,byouin,2026-08-01,https://www.fukushi.metro.tokyo.lg.jp/documents/d/fukushi/20260801_seishin_byouin-xlsx-xlsx
6021232,渋谷神山町診療所,150-0047,渋谷区,渋谷区神山町１１－１０ ２階,03-5790-9876,2021-04-01,,byouin,2026-08-01,https://www.fukushi.metro.tokyo.lg.jp/documents/d/fukushi/20260801_seishin_byouin-xlsx-xlsx
6021398,雨のち晴れクリニック,151-0053,渋谷区,渋谷区代々木３－１４－８　エフ・ロード代々木１０１号,03-6300-0074,2024-12-01,,byouin,2026-08-01,https://www.fukushi.metro.tokyo.lg.jp/documents/d/fukushi/20260801_seishin_byouin-xlsx-xlsx
6021521,一般社団法人誠創会あさがおクリニック,151-0073,渋谷区,渋谷区本町１－２－４　初台ＡＩビル５階,03-6820-1263,2023-07-01,,byouin,2026-08-01,https://www.fukushi.metro.tokyo.lg.jp/documents/d/fukushi/20260801_seishin_byouin-xlsx-xlsx
6021547,心の杜・新宿クリニック,151-0053,渋谷区,渋谷区代々木２－１２－１　記録映画社ビル３階,03-5848-7712,2007-04-01,2025-04-01,byouin,2026-08-01,https://www.fukushi.metro.tokyo.lg.jp/documents/d/fukushi/20260801_seishin_byouin-xlsx-xlsx
6021646,アクアライズクリニック,150-0002,渋谷区,渋谷区渋谷１－７－５　２０８,03-6419-7892,2024-12-01,,byouin,2026-08-01,https://www.fukushi.metro.tokyo.lg.jp/documents/d/fukushi/20260801_seishin_byouin-xlsx-xlsx
6021687,ＢＬＩＳＳ Ｃｌｉｎｉｃ,150-0001,渋谷区,渋谷区神宮前３－１８－３３,03-5843-0758,2025-02-01,,byouin,2026-08-01,https://www.fukushi.metro.tokyo.lg.jp/documents/d/fukushi/20260801_seishin_byouin-xlsx-xlsx
6021760,代々木駅前脳神経内科・内科クリニック,151-0053,渋谷区,渋谷区代々木１－３５－１　プレンジ代々木ビル３階,03-6258-2761,2025-05-01,,byouin,2026-08-01,https://www.fukushi.metro.tokyo.lg.jp/documents/d/fukushi/20260801_seishin_byouin-xlsx-xlsx
6021794,恵比寿駅前メンタルクリニック,150-0022,渋谷区,渋谷区恵比寿南１－３－７　隅越ビル３階,03-6412-7013,2025-04-01,,byouin,2026-08-01,https://www.fukushi.metro.tokyo.lg.jp/documents/d/fukushi/20260801_seishin_byouin-xlsx-xlsx
6021893,北参道メディカルクリニック,151-0051,渋谷区,渋谷区千駄ヶ谷３－１３－２２　２０６,03-6434-7945,2025-07-01,,byouin,2026-08-01,https://www.fukushi.metro.tokyo.lg.jp/documents/d/fukushi/20260801_seishin_byouin-xlsx-xlsx
6021927,医療法人社団燈心会ライトメンタルクリニック渋谷本院,150-0044,渋谷区,渋谷区円山町７－５　ＧＰ　Ｄｏｇｅｎｚａｋａ４階,03-6455-2960,2025-09-01,,byouin,2026-08-01,https://www.fukushi.metro.tokyo.lg.jp/documents/d/fukushi/20260801_seishin_byouin-xlsx-xlsx
6022016,渋谷からだと心のクリニック内科・内視鏡内科・婦人科・心療内科・精神科,150-0002,渋谷区,渋谷区渋谷２－１０－１３　東京建物青山通りビル５階,03-5464-5515,2007-01-01,2025-01-01,byouin,2026-08-01,https://www.fukushi.metro.tokyo.lg.jp/documents/d/fukushi/20260801_seishin_byouin-xlsx-xlsx
6022024,医療法人社団邦秀会 代々木の森診療所,151-0053,渋谷区,渋谷区代々木２－５－４　榊原記念ビルディング８階,03-3320-0731,2007-01-01,2025-01-01,byouin,2026-08-01,https://www.fukushi.metro.tokyo.lg.jp/documents/d/fukushi/20260801_seishin_byouin-xlsx-xlsx
6022040,渋谷駅前心療内科ハロクリニック,150-0002,渋谷区,渋谷区渋谷３－７－１　髙山ランド第１２ビル３階,03-6824-4732,2024-05-01,,byouin,2026-08-01,https://www.fukushi.metro.tokyo.lg.jp/documents/d/fukushi/20260801_seishin_byouin-xlsx-xlsx
6022214,まゆこころのクリニック,151-0066,渋谷区,渋谷区西原１－３５－１　幡ヶ谷医療ビル３階,03-6451-5568,2026-04-01,,byouin,2026-08-01,https://www.fukushi.metro.tokyo.lg.jp/documents/d/fukushi/20260801_seishin_byouin-xlsx-xlsx
6022354,笹塚メンタルクリニック,151-0073,渋谷区,渋谷区笹塚１－５８－８　京王不動産笹塚ビル６階,03-6273-6015,2026-05-01,,byouin,2026-08-01,https://www.fukushi.metro.tokyo.lg.jp/documents/d/fukushi/20260801_seishin_byouin-xlsx-xlsx
6022362,渋谷駅前メンタルクリニック,150-0041,渋谷区,渋谷区神南１－２０－８　ＣＯＥＲＵ渋谷公園通り７階,03-3476-5522,2025-03-01,,byouin,2026-08-01,https://www.fukushi.metro.tokyo.lg.jp/documents/d/fukushi/20260801_seishin_byouin-xlsx-xlsx
6022396,初台つむぎメンタルクリニック,151-0071,渋谷区,渋谷区本町２－１－９　フィルパーク新宿ＷＥＳＴ２階Ｃ区画,03-6383-3773,2026-07-01,,byouin,2026-08-01,https://www.fukushi.metro.tokyo.lg.jp/documents/d/fukushi/20260801_seishin_byouin-xlsx-xlsx
6070007,地方独立行政法人 東京都立病院機構 東京都立広尾病院,150-0013,渋谷区,渋谷区恵比寿２－３４－１０,03-3444-1181,2007-02-01,2025-02-01,byouin,2026-08-01,https://www.fukushi.metro.tokyo.lg.jp/documents/d/fukushi/20260801_seishin_byouin-xlsx-xlsx
1410901,東京医療生活協同組合 新渡戸記念中野総合病院,164-0011,中野区,中野区中央４－５９－１６,03-3382-1231,2007-04-01,2025-04-01,byouin,2026-08-01,https://www.fukushi.metro.tokyo.lg.jp/documents/d/fukushi/20260801_seishin_byouin-xlsx-xlsx
1425271,白石医院,164-0014,中野区,中野区南台２－１８－１０,03-3384-5255,2007-02-01,2025-02-01,byouin,2026-08-01,https://www.fukushi.metro.tokyo.lg.jp/documents/d/fukushi/20260801_seishin_byouin-xlsx-xlsx
1428085,医療法人社団仁医会 東中野クリニック,164-0003,中野区,中野区東中野１－５８－１２,03-3361-2732,2007-10-01,2025-10-01,byouin,2026-08-01,https://www.fukushi.metro.tokyo.lg.jp/documents/d/fukushi/20260801_seishin_byouin-xlsx-xlsx
1428770,荻原医院,165-0022,中野区,中野区江古田２－１１－１０,03-3388-5050,2007-01-01,2025-01-01,byouin,2026-08-01,https://www.fukushi.metro.tokyo.lg.jp/documents/d/fukushi/20260801_seishin_byouin-xlsx-xlsx
1428994,くすのき診療所,164-0011,中野区,中野区中央２－７－８－１０３,03-3361-0072,2015-12-01,2021-12-01,byouin,2026-08-01,https://www.fukushi.metro.tokyo.lg.jp/documents/d/fukushi/20260801_seishin_byouin-xlsx-xlsx
1429307,中野神経科,164-0002,中野区,中野区上高田５－３３－７,03-3385-7723,2007-01-01,2025-01-01,byouin,2026-08-01,https://www.fukushi.metro.tokyo.lg.jp/documents/d/fukushi/20260801_seishin_byouin-xlsx-xlsx
1429422,社会医療法人社団健友会 中野共立病院附属中野共立診療所,164-0001,中野区,中野区中野５－４５－４,03-3386-7311,2007-02-01,2025-02-01,byouin,2026-08-01,https://www.fukushi.metro.tokyo.lg.jp/documents/d/fukushi/20260801_seishin_byouin-xlsx-xlsx
1429976,斉藤医院,165-0022,中野区,中野区江古田３－６－６,03-3389-7288,2008-07-01,2026-07-01,byouin,2026-08-01,https://www.fukushi.metro.tokyo.lg.jp/documents/d/fukushi/20260801_seishin_byouin-xlsx-xlsx
1430339,社会医療法人社団健友会 やまと診療所,165-0034,中野区,中野区大和町３－３－１２,03-3339-5640,2019-07-01,2025-07-01,byouin,2026-08-01,https://www.fukushi.metro.tokyo.lg.jp/documents/d/fukushi/20260801_seishin_byouin-xlsx-xlsx
1430347,新中野ＦＫクリニック,164-0012,中野区,中野区本町６－１６－１２　新中野ＦＫビル５階,03-3229-2169,2007-01-01,2025-01-01,byouin,2026-08-01,https://www.fukushi.metro.tokyo.lg.jp/documents/d/fukushi/20260801_seishin_byouin-xlsx-xlsx
1430529,くり小児科内科,165-0027,中野区,中野区野方４－２２－３,03-5345-6166,2009-03-01,2021-03-01,byouin,2026-08-01,https://www.fukushi.metro.tokyo.lg.jp/documents/d/fukushi/20260801_seishin_byouin-xlsx-xlsx
1430693,医療法人社団光智会 能戸クリニック,165-0034,中野区,中野区大和町１－４５－１２,03-3337-6700,2007-01-01,2025-01-01,byouin,2026-08-01,https://www.fukushi.metro.tokyo.lg.jp/documents/d/fukushi/20260801_seishin_byouin-xlsx-xlsx
1431030,医療法人社団春香会 春川内科クリニック,165-0024,中野区,中野区松が丘１－３３－１５　アリスコート１階,03-5345-5477,2008-01-01,2026-01-01,byouin,2026-08-01,https://www.fukushi.metro.tokyo.lg.jp/documents/d/fukushi/20260801_seishin_byouin-xlsx-xlsx
1431139,のぐち内科クリニック,165-0031,中野区,中野区上鷺宮４－１７－１４,03-3926-0007,2009-05-01,2021-05-01,byouin,2026-08-01,https://www.fukushi.metro.tokyo.lg.jp/documents/d/fukushi/20260801_seishin_byouin-xlsx-xlsx
1431162,医療法人社団緑の森 さくらクリニック,164-0012,中野区,中野区本町２－２－２　ＹＳビル地下１階,03-5358-8321,2007-01-01,2025-01-01,byouin,2026-08-01,https://www.fukushi.metro.tokyo.lg.jp/documents/d/fukushi/20260801_seishin_byouin-xlsx-xlsx
1431378,医療法人社団心悘会 大倉診療所,164-0013,中野区,中野区弥生町２－１２－４　さすらビル１階,03-5351-8388,2007-01-01,2025-01-01,byouin,2026-08-01,https://www.fukushi.metro.tokyo.lg.jp/documents/d/fukushi/20260801_seishin_byouin-xlsx-xlsx
1431402,医療法人社団健朗会三五医院,164-0014,中野区,中野区南台２－６－８,03-3381-0313,2026-07-01,,byouin,2026-08-01,https://www.fukushi.metro.tokyo.lg.jp/documents/d/fukushi/20260801_seishin_byouin-xlsx-xlsx
1431493,曽根クリニック,165-0032,中野区,中野区鷺宮４－３１－２,03-5373-8700,2007-01-01,2025-01-01,byouin,2026-08-01,https://www.fukushi.metro.tokyo.lg.jp/documents/d/fukushi/20260801_seishin_byouin-xlsx-xlsx
1431642,白浜医院,165-0034,中野区,中野区大和町２－６－７　１階,03-3339-6424,2007-01-01,2025-01-01,byouin,2026-08-01,https://www.fukushi.metro.tokyo.lg.jp/documents/d/fukushi/20260801_seishin_byouin-xlsx-xlsx
1431840,牧野クリニック,164-0003,中野区,中野区東中野５－１－１　ユニゾンモール３階,03-6908-5017,2007-01-01,2025-01-01,byouin,2026-08-01,https://www.fukushi.metro.tokyo.lg.jp/documents/d/fukushi/20260801_seishin_byouin-xlsx-xlsx
1432095,こころの杜クリニック,165-0032,中野区,中野区鷺宮１－２７－６　２階,03-3310-1840,2007-01-01,2025-01-01,byouin,2026-08-01,https://www.fukushi.metro.tokyo.lg.jp/documents/d/fukushi/20260801_seishin_byouin-xlsx-xlsx
1432681,たかとり内科,165-0034,中野区,中野区大和町１－３０－６,03-6265-5835,2019-11-01,2025-11-01,byouin,2026-08-01,https://www.fukushi.metro.tokyo.lg.jp/documents/d/fukushi/20260801_seishin_byouin-xlsx-xlsx
1432988,医療法人社団 泉樹会 ホームクリニックなかの,165-0032,中野区,中野区鷺宮３－３－６　シュプール１階１Ａ,03-6383-0512,2016-10-01,2022-10-01,byouin,2026-08-01,https://www.fukushi.metro.tokyo.lg.jp/documents/d/fukushi/20260801_seishin_byouin-xlsx-xlsx
1433036,矢野クリニック,164-0001,中野区,中野区中野３－２８－２１　キャッスル中野１階,03-5341-3131,2008-01-01,2026-01-01,byouin,2026-08-01,https://www.fukushi.metro.tokyo.lg.jp/documents/d/fukushi/20260801_seishin_byouin-xlsx-xlsx
1433077,上田クリニック,164-0011,中野区,中野区東中野１－２３－４　ＭＳヴィラージュ１０１,03-3368-0065,2006-10-01,2024-10-01,byouin,2026-08-01,https://www.fukushi.metro.tokyo.lg.jp/documents/d/fukushi/20260801_seishin_byouin-xlsx-xlsx
1433135,医療法人社団みやび みやびハート＆ケアクリニック,164-0011,中野区,中野区中央３－３５－４　ナビウス新中野１階ＥＡＳＴ,03-5385-3880,2024-11-01,,byouin,2026-08-01,https://www.fukushi.metro.tokyo.lg.jp/documents/d/fukushi/20260801_seishin_byouin-xlsx-xlsx
1433184,東中野駅前メンタルクリニック,164-0003,中野区,中野区東中野３－８－１３　ＭＳＲ東中野地下１階,03-5348-2533,2007-01-01,2025-01-01,byouin,2026-08-01,https://www.fukushi.metro.tokyo.lg.jp/documents/d/fukushi/20260801_seishin_byouin-xlsx-xlsx
1433275,医療法人社団啓神会 Ａｉクリニック東中野院,164-0003,中野区,中野区東中野１－５６－１　大島ビル本館４０５,03-6908-6391,2022-02-01,,byouin,2026-08-01,https://www.fukushi.metro.tokyo.lg.jp/documents/d/fukushi/20260801_seishin_byouin-xlsx-xlsx
1433291,医療法人社団アダット 中野訪問クリニック,164-0012,中野区,中野区本町１－３１－６　マンション中野坂上２０３号室,03-5304-5080,2020-05-01,2026-05-01,byouin,2026-08-01,https://www.fukushi.metro.tokyo.lg.jp/documents/d/fukushi/20260801_seishin_byouin-xlsx-xlsx
1433457,頭とからだのクリニック かねなか脳神経外科,164-0011,中野区,中野区中央４－４－２　ＶＥＲＴ第９ビル,03-6382-4880,2019-09-01,2025-09-01,byouin,2026-08-01,https://www.fukushi.metro.tokyo.lg.jp/documents/d/fukushi/20260801_seishin_byouin-xlsx-xlsx
1433473,Ａｉクリニック東中野院,164-0003,中野区,中野区東中野１－５９－９　アトリエビル４０１,03-6279-2352,2022-09-01,,byouin,2026-08-01,https://www.fukushi.metro.tokyo.lg.jp/documents/d/fukushi/20260801_seishin_byouin-xlsx-xlsx
1433499,たかねファミリークリニック,165-0021,中野区,中野区丸山２－１７－１３　１階,03-5356-8120,2025-03-01,,byouin,2026-08-01,https://www.fukushi.metro.tokyo.lg.jp/documents/d/fukushi/20260801_seishin_byouin-xlsx-xlsx
1433531,医療法人社団康仁会協立内科・脳神経内科クリニック,165-0032,中野区,中野区鷺宮４－２－３,03-5327-8612,2025-01-01,,byouin,2026-08-01,https://www.fukushi.metro.tokyo.lg.jp/documents/d/fukushi/20260801_seishin_byouin-xlsx-xlsx
1433580,優和メンタルクリニック,164-0001,中野区,中野区中野３－３４－３０　ニューフナバシヤビル４階,03-5385-5551,2007-01-01,2025-01-01,byouin,2026-08-01,https://www.fukushi.metro.tokyo.lg.jp/documents/d/fukushi/20260801_seishin_byouin-xlsx-xlsx
1433614,医療法人社団ＡＬＴＲＹ のがたクリニック,165-0027,中野区,中野区野方１－４０－１,03-3389-2201,2007-02-01,2025-02-01,byouin,2026-08-01,https://www.fukushi.metro.tokyo.lg.jp/documents/d/fukushi/20260801_seishin_byouin-xlsx-xlsx
1433697,まみ中野在宅クリニック,165-0027,中野区,中野区野方１－５－３　ヴァンクレールオオキ２０２号,03-5942-4399,2023-08-01,,byouin,2026-08-01,https://www.fukushi.metro.tokyo.lg.jp/documents/d/fukushi/20260801_seishin_byouin-xlsx-xlsx
1433747,中野こころとからだクリニック,164-0001,中野区,中野区中野３－４０－２４　ＮＡＫＡＮＯ　ＷＥＳＴ３階,03-5328-3890,2023-05-01,,byouin,2026-08-01,https://www.fukushi.metro.tokyo.lg.jp/documents/d/fukushi/20260801_seishin_byouin-xlsx-xlsx
1433853,おうちの診療所 中野,165-0026,中野区,中野区新井１－２４－４　井上ビル１階,03-5942-7062,2022-06-01,,byouin,2026-08-01,https://www.fukushi.metro.tokyo.lg.jp/documents/d/fukushi/20260801_seishin_byouin-xlsx-xlsx
1433879,心と眠りのクリニック中野,164-0001,中野区,中野区中野３－３６－１２　ＳＫ中野ビル６階,03-6382-8520,2024-07-01,,byouin,2026-08-01,https://www.fukushi.metro.tokyo.lg.jp/documents/d/fukushi/20260801_seishin_byouin-xlsx-xlsx
1433911,あしかりクリニック,164-0011,中野区,中野区中央５－４４－９,03-3380-3272,2007-01-01,2025-01-01,byouin,2026-08-01,https://www.fukushi.metro.tokyo.lg.jp/documents/d/fukushi/20260801_seishin_byouin-xlsx-xlsx
1434026,クリニック芳賀,165-0026,中野区,中野区新井４－２１－２　２階,090-6311-4276,2025-02-01,,byouin,2026-08-01,https://www.fukushi.metro.tokyo.lg.jp/documents/d/fukushi/20260801_seishin_byouin-xlsx-xlsx
1434091,クリニック中野,165-0026,中野区,中野区新井４－２１－２,090-7825-1000,2022-11-01,,byouin,2026-08-01,https://www.fukushi.metro.tokyo.lg.jp/documents/d/fukushi/20260801_seishin_byouin-xlsx-xlsx
1434109,鷺ノ宮駅前メンタルクリニック,165-0032,中野区,中野区鷺宮３－１８－７　リヴゴーシュ２階,03-3336-9960,2021-07-01,,byouin,2026-08-01,https://www.fukushi.metro.tokyo.lg.jp/documents/d/fukushi/20260801_seishin_byouin-xlsx-xlsx
1434182,医療法人社団至誠会よつば中野クリニック,164-0003,中野区,中野区東中野２－１９－３,03-6908-7992,2025-06-01,,byouin,2026-08-01,https://www.fukushi.metro.tokyo.lg.jp/documents/d/fukushi/20260801_seishin_byouin-xlsx-xlsx
1434190,中野通りやまさきクリニック,165-0026,中野区,中野区新井２－１－１　ランドコープビル３階,03-3319-8333,2007-01-01,2025-01-01,byouin,2026-08-01,https://www.fukushi.metro.tokyo.lg.jp/documents/d/fukushi/20260801_seishin_byouin-xlsx-xlsx
1434208,あしたの在宅診療所,165-0032,中野区,中野区鷺宮３－３２－１３,03-5356-9100,2025-07-01,,byouin,2026-08-01,https://www.fukushi.metro.tokyo.lg.jp/documents/d/fukushi/20260801_seishin_byouin-xlsx-xlsx
1434240,桃園通りこもれびクリニック,164-0001,中野区,中野区中野３－２７－１９　アルカディア中野１０２,03-6382-8043,2026-01-01,,byouin,2026-08-01,https://www.fukushi.metro.tokyo.lg.jp/documents/d/fukushi/20260801_seishin_byouin-xlsx-xlsx
1434315,ハートケア銀河クリニック,164-0012,中野区,中野区本町２－４５－１３　山手ビル４階,03-5371-0909,2007-01-01,2025-01-01,byouin,2026-08-01,https://www.fukushi.metro.tokyo.lg.jp/documents/d/fukushi/20260801_seishin_byouin-xlsx-xlsx
1434349,後藤クリニック,164-0003,中野区,中野区東中野１－５５－４　Ｏｓ　ｍｅｌｉａ　３階,03-3371-6665,2007-01-01,2025-01-01,byouin,2026-08-01,https://www.fukushi.metro.tokyo.lg.jp/documents/d/fukushi/20260801_seishin_byouin-xlsx-xlsx
1434364,なごみこころのクリニック,164-0003,中野区,中野区東中野３－１１－６　誠屋ビル２０１号,03-5937-7513,2026-05-01,,byouin,2026-08-01,https://www.fukushi.metro.tokyo.lg.jp/documents/d/fukushi/20260801_seishin_byouin-xlsx-xlsx
1434414,中野キッズこころクリニック,164-0001,中野区,中野区中野３－３７－９,03-3382-0556,2026-06-01,,byouin,2026-08-01,https://www.fukushi.metro.tokyo.lg.jp/documents/d/fukushi/20260801_seishin_byouin-xlsx-xlsx
1434471,中野坂上こもれびメンタルクリニック,164-0011,中野区,中野区中央２－８－２２　５階,03-5937-2376,2026-07-01,,byouin,2026-08-01,https://www.fukushi.metro.tokyo.lg.jp/documents/d/fukushi/20260801_seishin_byouin-xlsx-xlsx
1470061,一般財団法人自警会 東京警察病院,164-8541,中野区,中野区中野４－２２－１,03-5343-5611,2007-01-01,2025-01-01,byouin,2026-08-01,https://www.fukushi.metro.tokyo.lg.jp/documents/d/fukushi/20260801_seishin_byouin-xlsx-xlsx
1470079,医療法人財団健貢会 総合東京病院,165-0022,中野区,中野区江古田３－１５－２,03-3387-5421,2007-02-01,2025-02-01,byouin,2026-08-01,https://www.fukushi.metro.tokyo.lg.jp/documents/d/fukushi/20260801_seishin_byouin-xlsx-xlsx
1514967,医療法人財団 荻窪病院,167-0035,杉並区,杉並区今川３－１－２４,03-3399-1101,2007-02-01,2025-02-01,byouin,2026-08-01,https://www.fukushi.metro.tokyo.lg.jp/documents/d/fukushi/20260801_seishin_byouin-xlsx-xlsx
1514983,社会福祉法人浴風会 浴風会病院,168-0071,杉並区,杉並区高井戸西１－１２－１,03-3332-6511,2007-01-01,2025-01-01,byouin,2026-08-01,https://www.fukushi.metro.tokyo.lg.jp/documents/d/fukushi/20260801_seishin_byouin-xlsx-xlsx
1528348,西村神経科医院,167-0033,杉並区,杉並区清水１－１６－６,03-3397-2468,2007-01-01,2025-01-01,byouin,2026-08-01,https://www.fukushi.metro.tokyo.lg.jp/documents/d/fukushi/20260801_seishin_byouin-xlsx-xlsx
1529791,東京西部保健生活協同組合せいきょう診療所,166-0014,杉並区,杉並区松ノ木３－２３－８,03-3313-7365,2025-03-01,,byouin,2026-08-01,https://www.fukushi.metro.tokyo.lg.jp/documents/d/fukushi/20260801_seishin_byouin-xlsx-xlsx
1530534,高円寺クリニック,166-0003,杉並区,杉並区高円寺南４－４５－１１－３,03-3312-6123,2006-11-01,2024-11-01,byouin,2026-08-01,https://www.fukushi.metro.tokyo.lg.jp/documents/d/fukushi/20260801_seishin_byouin-xlsx-xlsx
1531185,医療法人社団蘭松会 蘭松医院,166-0015,杉並区,杉並区成田東５－３６－１１,03-3393-1477,2007-03-01,2025-03-01,byouin,2026-08-01,https://www.fukushi.metro.tokyo.lg.jp/documents/d/fukushi/20260801_seishin_byouin-xlsx-xlsx
1532068,医療法人社団北辰会 西荻司ビルクリニック,167-0042,杉並区,杉並区西荻北３－１２－１０,03-5382-2099,2007-07-01,2025-07-01,byouin,2026-08-01,https://www.fukushi.metro.tokyo.lg.jp/documents/d/fukushi/20260801_seishin_byouin-xlsx-xlsx
1532720,柳沢クリニック,167-0042,杉並区,杉並区西荻北３－１３－１４－２０８,03-5382-8237,2007-01-01,2025-01-01,byouin,2026-08-01,https://www.fukushi.metro.tokyo.lg.jp/documents/d/fukushi/20260801_seishin_byouin-xlsx-xlsx
1532746,阿佐ケ谷純クリニック,166-0004,杉並区,杉並区阿佐谷南１－１６－１０　巳善第二ビル３階,03-3317-7766,2007-01-01,2025-01-01,byouin,2026-08-01,https://www.fukushi.metro.tokyo.lg.jp/documents/d/fukushi/20260801_seishin_byouin-xlsx-xlsx
1532803,宮下小児科医院,166-0016,杉並区,杉並区成田西３－２０－３,03-3392-3855,2007-01-01,2025-01-01,byouin,2026-08-01,https://www.fukushi.metro.tokyo.lg.jp/documents/d/fukushi/20260801_seishin_byouin-xlsx-xlsx
1532837,医療法人社団 野﨑クリニック,166-0004,杉並区,杉並区阿佐谷南３－３７－１３　大同ビル３０１,03-3398-3222,2007-01-01,2025-01-01,byouin,2026-08-01,https://www.fukushi.metro.tokyo.lg.jp/documents/d/fukushi/20260801_seishin_byouin-xlsx-xlsx
1533009,医療法人社団敬心会くめかわ小児科クリニック,168-0063,杉並区,杉並区和泉４－５１－１４,03-3317-7701,2007-01-01,2025-01-01,byouin,2026-08-01,https://www.fukushi.metro.tokyo.lg.jp/documents/d/fukushi/20260801_seishin_byouin-xlsx-xlsx
1533652,みさき診療所,166-0014,杉並区,杉並区松ノ木３－１１－８,03-5306-1448,2007-01-01,2025-01-01,byouin,2026-08-01,https://www.fukushi.metro.tokyo.lg.jp/documents/d/fukushi/20260801_seishin_byouin-xlsx-xlsx
1534130,社会医療法人社団健友会天沼診療所,167-0032,杉並区,杉並区天沼３－２７－７,03-3393-1866,2007-01-01,2025-01-01,byouin,2026-08-01,https://www.fukushi.metro.tokyo.lg.jp/documents/d/fukushi/20260801_seishin_byouin-xlsx-xlsx
1534585,松野医院,166-0001,杉並区,杉並区阿佐谷北３－４２－１０,03-3330-4656,2007-01-01,2025-01-01,byouin,2026-08-01,https://www.fukushi.metro.tokyo.lg.jp/documents/d/fukushi/20260801_seishin_byouin-xlsx-xlsx
1534809,高井戸こどもクリニック,168-0071,杉並区,杉並区高井戸西１－２７－２２　２階,03-3331-6644,2007-02-01,2025-02-01,byouin,2026-08-01,https://www.fukushi.metro.tokyo.lg.jp/documents/d/fukushi/20260801_seishin_byouin-xlsx-xlsx
1534841,下高井戸北口心療内科,168-0073,杉並区,杉並区下高井戸１－２－１３　山口ビル２階,03-3324-7977,2007-09-01,2025-09-01,byouin,2026-08-01,https://www.fukushi.metro.tokyo.lg.jp/documents/d/fukushi/20260801_seishin_byouin-xlsx-xlsx
1534957,いぐさクリニック,167-0022,杉並区,杉並区下井草３－３９－２１　ヴィラ・ジャルディーノ２階,03-5382-5326,2008-09-01,2020-09-01,byouin,2026-08-01,https://www.fukushi.metro.tokyo.lg.jp/documents/d/fukushi/20260801_seishin_byouin-xlsx-xlsx
1534965,とおる医院,167-0042,杉並区,杉並区西荻北５－１２－１５,03-5310-2501,2007-01-01,2025-01-01,byouin,2026-08-01,https://www.fukushi.metro.tokyo.lg.jp/documents/d/fukushi/20260801_seishin_byouin-xlsx-xlsx
1535202,河北サテライトクリニック,166-0001,杉並区,杉並区阿佐谷北１－３－１２,03-3339-0808,2020-08-01,,byouin,2026-08-01,https://www.fukushi.metro.tokyo.lg.jp/documents/d/fukushi/20260801_seishin_byouin-xlsx-xlsx
1535269,うみのメンタルクリニック,167-0053,杉並区,杉並区西荻南３－１９－２,03-5336-7223,2007-02-01,2025-02-01,byouin,2026-08-01,https://www.fukushi.metro.tokyo.lg.jp/documents/d/fukushi/20260801_seishin_byouin-xlsx-xlsx
1535764,医療法人社団名朋会 新高円寺駅前クリニック,166-0003,杉並区,杉並区高円寺南２－１６－１３　エルニド１階,03-5378-5830,2007-01-01,2025-01-01,byouin,2026-08-01,https://www.fukushi.metro.tokyo.lg.jp/documents/d/fukushi/20260801_seishin_byouin-xlsx-xlsx
1535947,高円寺ふじたクリニック,166-0002,杉並区,杉並区高円寺北３－２３－１２　オーク・タワー高円寺４階,03-5327-3755,2006-11-01,2024-11-01,byouin,2026-08-01,https://www.fukushi.metro.tokyo.lg.jp/documents/d/fukushi/20260801_seishin_byouin-xlsx-xlsx
1536036,諸岡クリニック,167-0035,杉並区,杉並区今川１－１－４,03-3396-1520,2011-07-01,2023-07-01,byouin,2026-08-01,https://www.fukushi.metro.tokyo.lg.jp/documents/d/fukushi/20260801_seishin_byouin-xlsx-xlsx
1536069,西荻メンタルクリニック,167-0042,杉並区,杉並区西荻北２－３－９　グランピア西荻窪３０１号,03-6909-9374,2006-10-01,2024-10-01,byouin,2026-08-01,https://www.fukushi.metro.tokyo.lg.jp/documents/d/fukushi/20260801_seishin_byouin-xlsx-xlsx
1536168,石川小児科医院,167-0022,杉並区,杉並区下井草２－１０－７,03-3390-3671,2007-03-01,2025-03-01,byouin,2026-08-01,https://www.fukushi.metro.tokyo.lg.jp/documents/d/fukushi/20260801_seishin_byouin-xlsx-xlsx
1536341,医療法人社団藍正会 おぎくぼ正クリニック,167-0043,杉並区,杉並区上荻３－２９－１１－５０１,03-5303-1560,2022-06-01,,byouin,2026-08-01,https://www.fukushi.metro.tokyo.lg.jp/documents/d/fukushi/20260801_seishin_byouin-xlsx-xlsx
1536507,アーク荻窪大森クリニック,167-0051,杉並区,杉並区荻窪５－２９－２０,03-3393-2318,2008-04-01,2026-04-01,byouin,2026-08-01,https://www.fukushi.metro.tokyo.lg.jp/documents/d/fukushi/20260801_seishin_byouin-xlsx-xlsx
1536614,菊池脳神経外科,167-0033,杉並区,杉並区清水１－１４－６　宮林ビル１０１,03-3399-8100,2011-04-01,2023-04-01,byouin,2026-08-01,https://www.fukushi.metro.tokyo.lg.jp/documents/d/fukushi/20260801_seishin_byouin-xlsx-xlsx
1536705,ミズ メンタル クリニック（Ms.Mental clinic),166-0003,杉並区,杉並区高円寺南４－２７－７,03-5913-8212,2009-05-01,2021-05-01,byouin,2026-08-01,https://www.fukushi.metro.tokyo.lg.jp/documents/d/fukushi/20260801_seishin_byouin-xlsx-xlsx
1536911,清水クリニック,166-0003,杉並区,杉並区高円寺南４－２９－２　ミヤシタビル・高円寺メディカルプラザ３階Ｆ号室,03-6304-9182,2010-04-01,2022-04-01,byouin,2026-08-01,https://www.fukushi.metro.tokyo.lg.jp/documents/d/fukushi/20260801_seishin_byouin-xlsx-xlsx
1537117,ひまわりメンタルクリニック,167-0032,杉並区,杉並区天沼３－２－６　トヨタマ駅前ビル５階,03-5347-7871,2011-01-01,2023-01-01,byouin,2026-08-01,https://www.fukushi.metro.tokyo.lg.jp/documents/d/fukushi/20260801_seishin_byouin-xlsx-xlsx
1537133,荻窪小児発達クリニック,167-0043,杉並区,杉並区上荻１－５－７　ハザマビル３階,03-5347-0705,2007-01-01,2025-01-01,byouin,2026-08-01,https://www.fukushi.metro.tokyo.lg.jp/documents/d/fukushi/20260801_seishin_byouin-xlsx-xlsx
1537356,荻窪三丁目クリニック,167-0051,杉並区,杉並区荻窪３－４７－１２,03-6676-5798,2012-05-01,2024-05-01,byouin,2026-08-01,https://www.fukushi.metro.tokyo.lg.jp/documents/d/fukushi/20260801_seishin_byouin-xlsx-xlsx
1537737,医療法人社団東京愛成会 メンタルクリニックおぎくぼ,167-0051,杉並区,杉並区荻窪５－２７－５　中島第二ビル４０１号室,03-5347-5761,2007-01-01,2025-01-01,byouin,2026-08-01,https://www.fukushi.metro.tokyo.lg.jp/documents/d/fukushi/20260801_seishin_byouin-xlsx-xlsx
1537760,医療法人社団円祐会 塩入医院,166-0004,杉並区,杉並区阿佐谷南３－１－２３　第５進和ビル２階,03-6915-1061,2007-01-01,2025-01-01,byouin,2026-08-01,https://www.fukushi.metro.tokyo.lg.jp/documents/d/fukushi/20260801_seishin_byouin-xlsx-xlsx
1537786,鈴木医院,168-0065,杉並区,杉並区浜田山３－３４－１６　松井ビル１階,03-5357-8820,2013-07-01,2025-07-01,byouin,2026-08-01,https://www.fukushi.metro.tokyo.lg.jp/documents/d/fukushi/20260801_seishin_byouin-xlsx-xlsx
1537828,こころとからだ・光の花クリニック,166-0004,杉並区,杉並区阿佐谷南１－３４－９　サウスコート阿佐谷２０３,03-6454-6525,2014-03-01,2026-03-01,byouin,2026-08-01,https://www.fukushi.metro.tokyo.lg.jp/documents/d/fukushi/20260801_seishin_byouin-xlsx-xlsx
1538115,医療法人社団永翠会 さくらクリニック,168-0064,杉並区,杉並区永福３－４７－９　１階,03-6379-0690,2007-03-01,2025-03-01,byouin,2026-08-01,https://www.fukushi.metro.tokyo.lg.jp/documents/d/fukushi/20260801_seishin_byouin-xlsx-xlsx
1538164,医療法人財団岩尾会 メンタルクリニックいわお,167-0042,杉並区,杉並区西荻北３－１８－１２,03-3399-8765,2007-01-01,2025-01-01,byouin,2026-08-01,https://www.fukushi.metro.tokyo.lg.jp/documents/d/fukushi/20260801_seishin_byouin-xlsx-xlsx
1538206,医療法人社団奏友会 あんずクリニック,166-0011,杉並区,杉並区梅里１－７－１５　カーニープレイス杉並３階,03-5305-3358,2007-03-01,2025-03-01,byouin,2026-08-01,https://www.fukushi.metro.tokyo.lg.jp/documents/d/fukushi/20260801_seishin_byouin-xlsx-xlsx
1538271,円メンタルクリニック,166-0003,杉並区,杉並区高円寺南２－２１－６,03-5929-7366,2015-08-01,2021-08-01,byouin,2026-08-01,https://www.fukushi.metro.tokyo.lg.jp/documents/d/fukushi/20260801_seishin_byouin-xlsx-xlsx
1538297,はるの・こころみクリニック,166-0004,杉並区,杉並区阿佐谷南３－３７－１３　大同ビル３階３０６,03-5335-7907,2015-05-01,2021-05-01,byouin,2026-08-01,https://www.fukushi.metro.tokyo.lg.jp/documents/d/fukushi/20260801_seishin_byouin-xlsx-xlsx
1538313,多田小児クリニック,166-0012,杉並区,杉並区和田１－１９－５新村ビル１Ｆ,03-3380-0415,2018-09-01,2024-09-01,byouin,2026-08-01,https://www.fukushi.metro.tokyo.lg.jp/documents/d/fukushi/20260801_seishin_byouin-xlsx-xlsx
1538735,富士見クリニック,166-0012,杉並区,杉並区和田１－１－１２　富士見町ペガサスビル３階,03-3382-2200,2017-09-01,2023-09-01,byouin,2026-08-01,https://www.fukushi.metro.tokyo.lg.jp/documents/d/fukushi/20260801_seishin_byouin-xlsx-xlsx
1538743,杉並北クリニック,167-0022,杉並区,杉並区下井草４－３１－２　ツクイ・サンシャイン杉並１階,03-6913-7651,2018-09-01,2024-09-01,byouin,2026-08-01,https://www.fukushi.metro.tokyo.lg.jp/documents/d/fukushi/20260801_seishin_byouin-xlsx-xlsx
1538974,医療法人社団ヘルツ 百瀬医院,167-0033,杉並区,杉並区清水２－５－５　１Ｆ,03-5311-3456,2021-06-01,,byouin,2026-08-01,https://www.fukushi.metro.tokyo.lg.jp/documents/d/fukushi/20260801_seishin_byouin-xlsx-xlsx
1538982,和田クリニック,166-0012,杉並区,杉並区和田３－１５－１５,03-3381-5411,2013-06-01,2025-06-01,byouin,2026-08-01,https://www.fukushi.metro.tokyo.lg.jp/documents/d/fukushi/20260801_seishin_byouin-xlsx-xlsx
1539238,社会医療法人河北医療財団河北ファミリークリニック南阿佐谷,166-0004,杉並区,杉並区阿佐谷南１－１６－８　３階及び４階ならびに５階,03-5356-7160,2026-07-01,,byouin,2026-08-01,https://www.fukushi.metro.tokyo.lg.jp/documents/d/fukushi/20260801_seishin_byouin-xlsx-xlsx
1539279,久我山メンタルクリニック,168-0082,杉並区,杉並区久我山５－５－１２　さざれえにし２０２,03-5941-3832,2019-05-01,2025-05-01,byouin,2026-08-01,https://www.fukushi.metro.tokyo.lg.jp/documents/d/fukushi/20260801_seishin_byouin-xlsx-xlsx
1539303,長澤訪問クリニック,168-0072,杉並区,杉並区高井戸東２－１３－８　１階,090-6496-5588,2026-05-01,,byouin,2026-08-01,https://www.fukushi.metro.tokyo.lg.jp/documents/d/fukushi/20260801_seishin_byouin-xlsx-xlsx
1539477,あきやま内科クリニック,168-0082,杉並区,杉並区久我山３－２０－１５　Ａ＆Ｔ　ＨＯＦ１階,03-5336-3301,2020-05-01,2026-05-01,byouin,2026-08-01,https://www.fukushi.metro.tokyo.lg.jp/documents/d/fukushi/20260801_seishin_byouin-xlsx-xlsx
1539618,南阿佐ヶ谷こもれびメンタルクリニック,166-0004,杉並区,杉並区阿佐谷南１－９－３　Ｈｅａｌｔｈ　３階,03-5378-5001,2020-08-01,,byouin,2026-08-01,https://www.fukushi.metro.tokyo.lg.jp/documents/d/fukushi/20260801_seishin_byouin-xlsx-xlsx
1539741,西荻聖和クリニック,167-0042,杉並区,杉並区西荻北３－１９－２,03-3397-3050,2007-02-01,2025-02-01,byouin,2026-08-01,https://www.fukushi.metro.tokyo.lg.jp/documents/d/fukushi/20260801_seishin_byouin-xlsx-xlsx
1539766,杉並ＰＡＲＫ在宅クリニック,167-0042,杉並区,杉並区西荻北４－１０－６,03-5303-9636,2021-04-01,,byouin,2026-08-01,https://www.fukushi.metro.tokyo.lg.jp/documents/d/fukushi/20260801_seishin_byouin-xlsx-xlsx
1539782,あさがや南クリニック,166-0004,杉並区,杉並区阿佐谷南２－１４－１９,03-3311-2222,2021-03-01,,byouin,2026-08-01,https://www.fukushi.metro.tokyo.lg.jp/documents/d/fukushi/20260801_seishin_byouin-xlsx-xlsx
1539808,高円寺こどもクリニック,166-0002,杉並区,杉並区高円寺北２－２－４　トラビ高円寺１Ｆ西,03-6265-5957,2022-12-01,,byouin,2026-08-01,https://www.fukushi.metro.tokyo.lg.jp/documents/d/fukushi/20260801_seishin_byouin-xlsx-xlsx
1539873,浜田山メンタルクリニック,168-0065,杉並区,杉並区浜田山３－３１－４　藤ビル２階,03-5316-2501,2021-05-01,,byouin,2026-08-01,https://www.fukushi.metro.tokyo.lg.jp/documents/d/fukushi/20260801_seishin_byouin-xlsx-xlsx
1539923,わがまちクリニック,166-0012,杉並区,杉並区和田１－１７－１－２Ｆ,03-6382-5965,2021-12-01,,byouin,2026-08-01,https://www.fukushi.metro.tokyo.lg.jp/documents/d/fukushi/20260801_seishin_byouin-xlsx-xlsx
1539980,下高井戸駅前クリニックみみはなのどプラス,168-0073,杉並区,杉並区下高井戸１－２－１　渡邉ビル　ヴノアピオン１階,03-6379-2071,2021-11-01,,byouin,2026-08-01,https://www.fukushi.metro.tokyo.lg.jp/documents/d/fukushi/20260801_seishin_byouin-xlsx-xlsx
1570936,医療法人財団アドベンチスト会東京衛生アドベンチスト病院,167-0032,杉並区,杉並区天沼３－１７－３,03-3392-6151,2007-01-01,2025-01-01,byouin,2026-08-01,https://www.fukushi.metro.tokyo.lg.jp/documents/d/fukushi/20260801_seishin_byouin-xlsx-xlsx
1571017,医療法人社団哺育会 杉並リハビリテーション病院,167-0042,杉並区,杉並区西荻北２－５－５,03-3396-3181,2008-01-01,2026-01-01,byouin,2026-08-01,https://www.fukushi.metro.tokyo.lg.jp/documents/d/fukushi/20260801_seishin_byouin-xlsx-xlsx
5920020,東京衛生アドベンチスト病院付属ウェルファームクリニック,167-0032,杉並区,杉並区天沼３－１９－１４　１階,03-6915-1030,2022-03-01,,byouin,2026-08-01,https://www.fukushi.metro.tokyo.lg.jp/documents/d/fukushi/20260801_seishin_byouin-xlsx-xlsx
5920095,高円寺あさがおクリニック,166-0002,杉並区,杉並区高円寺北２－３－３　ＷＨＡＲＦ高円寺４階,03-3339-0055,2023-07-01,,byouin,2026-08-01,https://www.fukushi.metro.tokyo.lg.jp/documents/d/fukushi/20260801_seishin_byouin-xlsx-xlsx
5920137,おぎくぼ脳神経とこころのクリニック,167-0043,杉並区,杉並区上荻１－５－１　荻窪ステーションサイドビル２階,03-6276-9716,2022-04-01,,byouin,2026-08-01,https://www.fukushi.metro.tokyo.lg.jp/documents/d/fukushi/20260801_seishin_byouin-xlsx-xlsx
5920178,にれの木クリニック,167-0032,杉並区,杉並区天沼２－３－１８　カシタスデ荻窪１０７,03-5335-5868,2007-01-01,2025-01-01,byouin,2026-08-01,https://www.fukushi.metro.tokyo.lg.jp/documents/d/fukushi/20260801_seishin_byouin-xlsx-xlsx
5920350,杉並高円寺メンタルクリニック,166-0002,杉並区,杉並区高円寺北２－３－３　ＷＨＡＲＦ高円寺６階,03-3330-0810,2022-10-01,,byouin,2026-08-01,https://www.fukushi.metro.tokyo.lg.jp/documents/d/fukushi/20260801_seishin_byouin-xlsx-xlsx
5920400,医療法人社団清亮会やないクリニック,167-0042,杉並区,杉並区西荻北３－１９－３　ベルフォート西荻駅前２１０,03-3397-2220,2007-11-01,2025-11-01,byouin,2026-08-01,https://www.fukushi.metro.tokyo.lg.jp/documents/d/fukushi/20260801_seishin_byouin-xlsx-xlsx
5920434,いずみ小林クリニック,168-0063,杉並区,杉並区和泉４－１０－１４,03-3328-7481,2023-04-01,,byouin,2026-08-01,https://www.fukushi.metro.tokyo.lg.jp/documents/d/fukushi/20260801_seishin_byouin-xlsx-xlsx
5920442,医療法人社団誠芯会さくらの葉ホームクリニック,167-0035,杉並区,杉並区今川２－５－７　サニーヒルズ荻窪５０３,03-6913-6336,2022-06-01,,byouin,2026-08-01,https://www.fukushi.metro.tokyo.lg.jp/documents/d/fukushi/20260801_seishin_byouin-xlsx-xlsx
5920772,はるもキッズクリニック,168-0063,杉並区,杉並区和泉１－３－１　ＢＳビル,03-5726-9518,2024-06-01,,byouin,2026-08-01,https://www.fukushi.metro.tokyo.lg.jp/documents/d/fukushi/20260801_seishin_byouin-xlsx-xlsx
5920780,天沼きたがわ内科,167-0022,杉並区,杉並区下井草１－３２－５　北誠ビル１階,03-3394-1401,2021-05-01,,byouin,2026-08-01,https://www.fukushi.metro.tokyo.lg.jp/documents/d/fukushi/20260801_seishin_byouin-xlsx-xlsx
5920897,医療法人社団啓神会 Ａｉクリニック,166-0002,杉並区,杉並区高円寺北３－１２－４,03-5340-7472,2014-04-01,2026-04-01,byouin,2026-08-01,https://www.fukushi.metro.tokyo.lg.jp/documents/d/fukushi/20260801_seishin_byouin-xlsx-xlsx
5920947,アグリホームクリニックすぎなみ,168-0082,杉並区,杉並区久我山２－１６－２１　松田ビル２階,03-5941-7914,2024-11-01,,byouin,2026-08-01,https://www.fukushi.metro.tokyo.lg.jp/documents/d/fukushi/20260801_seishin_byouin-xlsx-xlsx
5920962,あさがやこころのクリニック,166-0001,杉並区,杉並区阿佐谷北２－１４－５　大坂やビル５階,03-6383-0272,2024-11-01,,byouin,2026-08-01,https://www.fukushi.metro.tokyo.lg.jp/documents/d/fukushi/20260801_seishin_byouin-xlsx-xlsx
5921002,永福メンタルクリニック,168-0064,杉並区,杉並区永福３－５７－１６,03-6379-0780,2024-12-01,,byouin,2026-08-01,https://www.fukushi.metro.tokyo.lg.jp/documents/d/fukushi/20260801_seishin_byouin-xlsx-xlsx
5921028,のぶホームクリニック,167-0051,杉並区,杉並区荻窪１－３３－９,03-6383-5271,2025-05-01,,byouin,2026-08-01,https://www.fukushi.metro.tokyo.lg.jp/documents/d/fukushi/20260801_seishin_byouin-xlsx-xlsx
5921119,医療法人元気会わかさクリニック高円寺,166-0011,杉並区,杉並区梅里１－１９－１２　ＯＴビル４階,03-5913-8272,2025-07-01,,byouin,2026-08-01,https://www.fukushi.metro.tokyo.lg.jp/documents/d/fukushi/20260801_seishin_byouin-xlsx-xlsx
5921200,医療法人社団真誠会まごころクリニック,167-0043,杉並区,杉並区上荻２－３７－１９　アークコーポ杉並１階,03-5303-9371,2020-12-01,,byouin,2026-08-01,https://www.fukushi.metro.tokyo.lg.jp/documents/d/fukushi/20260801_seishin_byouin-xlsx-xlsx
5921242,ホームクリニックえにし杉並・中野,166-0003,杉並区,杉並区高円寺南４－２８－３　高円寺ビル２０７号,03-5913-7671,2025-07-01,,byouin,2026-08-01,https://www.fukushi.metro.tokyo.lg.jp/documents/d/fukushi/20260801_seishin_byouin-xlsx-xlsx
5921317,かいこころクリニック西荻窪,167-0042,杉並区,杉並区西荻北２－２－１７　西荻北エイフラッツビル４階,03-3390-5560,2022-08-01,,byouin,2026-08-01,https://www.fukushi.metro.tokyo.lg.jp/documents/d/fukushi/20260801_seishin_byouin-xlsx-xlsx
5921333,みずほクリニック,166-0004,杉並区,杉並区阿佐谷南３－１２－４　イデアサイトビル５階,03-6383-5070,2025-11-01,,byouin,2026-08-01,https://www.fukushi.metro.tokyo.lg.jp/documents/d/fukushi/20260801_seishin_byouin-xlsx-xlsx
5921374,こころテラス・公園前クリニック,166-0003,杉並区,杉並区高円寺南１－７－１　陽輪台高円寺２０４号,03-5307-4651,2023-05-01,,byouin,2026-08-01,https://www.fukushi.metro.tokyo.lg.jp/documents/d/fukushi/20260801_seishin_byouin-xlsx-xlsx
5921416,内山在宅クリニックすぎなみ,166-0011,杉並区,杉並区梅里２－１－２４　第２エクセル新高円寺３階,03-5929-9529,2026-04-01,,byouin,2026-08-01,https://www.fukushi.metro.tokyo.lg.jp/documents/d/fukushi/20260801_seishin_byouin-xlsx-xlsx
5921432,あじさいクリニック,167-0053,杉並区,杉並区西荻南３－１４－６　ＦＥＳＴＡＥ西荻窪３階Ｂ,03-6454-2808,2026-03-01,,byouin,2026-08-01,https://www.fukushi.metro.tokyo.lg.jp/documents/d/fukushi/20260801_seishin_byouin-xlsx-xlsx
5921440,ミモザメンタルクリニック,167-0022,杉並区,杉並区下井草３－４１－１　パロ下井草４階,03-6913-8703,2026-02-01,,byouin,2026-08-01,https://www.fukushi.metro.tokyo.lg.jp/documents/d/fukushi/20260801_seishin_byouin-xlsx-xlsx
5921572,阿佐ヶ谷メンタルクリニック,166-0001,杉並区,杉並区阿佐谷北２－１４－４　阿佐ヶ谷北口ビル３階３０１号室,03-5327-8951,2026-07-01,,byouin,2026-08-01,https://www.fukushi.metro.tokyo.lg.jp/documents/d/fukushi/20260801_seishin_byouin-xlsx-xlsx
5970009,杏林大学医学部付属杉並病院,166-0012,杉並区,杉並区和田２－２５－１,03-3383-1281,2007-04-01,2025-04-01,byouin,2026-08-01,https://www.fukushi.metro.tokyo.lg.jp/documents/d/fukushi/20260801_seishin_byouin-xlsx-xlsx
5970017,河北総合病院,166-0001,杉並区,杉並区阿佐谷北１－６－１,03-3339-2121,2007-02-01,2025-02-01,byouin,2026-08-01,https://www.fukushi.metro.tokyo.lg.jp/documents/d/fukushi/20260801_seishin_byouin-xlsx-xlsx
5970025,タムス杉並病院,166-0012,杉並区,杉並区和田１－４０－５,03-3381-7236,2007-01-01,2025-01-01,byouin,2026-08-01,https://www.fukushi.metro.tokyo.lg.jp/documents/d/fukushi/20260801_seishin_byouin-xlsx-xlsx
163879,池袋駅前こころとからだのクリニック,171-0022,豊島区,豊島区南池袋１－２６－１０　油木ビル４階,03-6899-5958,2026-03-01,,byouin,2026-08-01,https://www.fukushi.metro.tokyo.lg.jp/documents/d/fukushi/20260801_seishin_byouin-xlsx-xlsx
1629237,南澤クリニック,170-0003,豊島区,豊島区駒込３－６－４,03-3918-4853,2007-01-01,2025-01-01,byouin,2026-08-01,https://www.fukushi.metro.tokyo.lg.jp/documents/d/fukushi/20260801_seishin_byouin-xlsx-xlsx
1631043,巣鴨キムラクリニック,170-0002,豊島区,豊島区巣鴨３－３１－２　アルカディア篠６階,03-3916-7700,2007-01-01,2025-01-01,byouin,2026-08-01,https://www.fukushi.metro.tokyo.lg.jp/documents/d/fukushi/20260801_seishin_byouin-xlsx-xlsx
1631290,目白ジュンクリニック,171-0031,豊島区,豊島区目白３－６－４　目白ビル２階,03-5988-5568,2007-01-01,2025-01-01,byouin,2026-08-01,https://www.fukushi.metro.tokyo.lg.jp/documents/d/fukushi/20260801_seishin_byouin-xlsx-xlsx
1631340,大塚クリニック,170-0005,豊島区,豊島区南大塚３－３４－６　南大塚エースビル４０１,03-3984-2246,2022-09-01,,byouin,2026-08-01,https://www.fukushi.metro.tokyo.lg.jp/documents/d/fukushi/20260801_seishin_byouin-xlsx-xlsx
1631449,医療法人社団 安倍クリニック,171-0043,豊島区,豊島区要町３－１１－３－２０１,03-5966-0686,2007-01-01,2025-01-01,byouin,2026-08-01,https://www.fukushi.metro.tokyo.lg.jp/documents/d/fukushi/20260801_seishin_byouin-xlsx-xlsx
1631548,池袋メトロポリタンクリニック,171-0021,豊島区,豊島区西池袋１－１１－１　ルミネ１０階,03-5954-1266,2007-01-01,2025-01-01,byouin,2026-08-01,https://www.fukushi.metro.tokyo.lg.jp/documents/d/fukushi/20260801_seishin_byouin-xlsx-xlsx
1631647,本阿弥医院,171-0052,豊島区,豊島区南長崎４－２４－１２,03-3953-1411,2014-06-01,2026-06-01,byouin,2026-08-01,https://www.fukushi.metro.tokyo.lg.jp/documents/d/fukushi/20260801_seishin_byouin-xlsx-xlsx
1631811,医療法人社団創成会 土屋医院,171-0014,豊島区,豊島区池袋４－１７－１０,03-3971-1848,2016-07-01,2022-07-01,byouin,2026-08-01,https://www.fukushi.metro.tokyo.lg.jp/documents/d/fukushi/20260801_seishin_byouin-xlsx-xlsx
1632017,下田医院,170-0002,豊島区,豊島区巣鴨１－１０－３,03-3941-7915,2007-01-01,2025-01-01,byouin,2026-08-01,https://www.fukushi.metro.tokyo.lg.jp/documents/d/fukushi/20260801_seishin_byouin-xlsx-xlsx
1632181,大塚・栄一クリニック,170-0005,豊島区,豊島区南大塚３－４５－５　第１４松仲ビル１階,03-3987-8110,2007-01-01,2025-01-01,byouin,2026-08-01,https://www.fukushi.metro.tokyo.lg.jp/documents/d/fukushi/20260801_seishin_byouin-xlsx-xlsx
1632363,東京保健生活協同組合鬼子母神診療所,171-0032,豊島区,豊島区雑司が谷３－３－１７,03-3984-6821,2023-09-01,,byouin,2026-08-01,https://www.fukushi.metro.tokyo.lg.jp/documents/d/fukushi/20260801_seishin_byouin-xlsx-xlsx
1632470,千村クリニック,171-0022,豊島区,豊島区南池袋２－１２－９　ＫＫビル２階,03-5950-1881,2007-02-01,2025-02-01,byouin,2026-08-01,https://www.fukushi.metro.tokyo.lg.jp/documents/d/fukushi/20260801_seishin_byouin-xlsx-xlsx
1632488,光メディカルクリニック,170-0004,豊島区,豊島区北大塚３－３４－１　ＤＴビル４階,03-5907-6684,2008-01-01,2026-01-01,byouin,2026-08-01,https://www.fukushi.metro.tokyo.lg.jp/documents/d/fukushi/20260801_seishin_byouin-xlsx-xlsx
1633510,荒木医院,171-0031,豊島区,豊島区目白３－６－４,03-3953-4006,2007-07-01,2025-07-01,byouin,2026-08-01,https://www.fukushi.metro.tokyo.lg.jp/documents/d/fukushi/20260801_seishin_byouin-xlsx-xlsx
1633750,医療法人社団幸和会幸和クリニック,170-0003,豊島区,豊島区駒込６－３４－７　駒込東栄ビル１階及び２階,03-3917-8105,2025-11-01,,byouin,2026-08-01,https://www.fukushi.metro.tokyo.lg.jp/documents/d/fukushi/20260801_seishin_byouin-xlsx-xlsx
1633833,医療法人社団利田会 周愛巣鴨クリニック,170-0002,豊島区,豊島区巣鴨１－２７－２,03-6902-1451,2007-01-01,2025-01-01,byouin,2026-08-01,https://www.fukushi.metro.tokyo.lg.jp/documents/d/fukushi/20260801_seishin_byouin-xlsx-xlsx
1633932,陽だまりクリニック,171-0022,豊島区,豊島区南池袋２－２３－４　富沢ビル５０２,03-6914-2783,2009-05-01,2021-05-01,byouin,2026-08-01,https://www.fukushi.metro.tokyo.lg.jp/documents/d/fukushi/20260801_seishin_byouin-xlsx-xlsx
1634047,医療法人社団豪風会 風メンタルクリニック池袋,171-0014,豊島区,豊島区池袋２－５３－８　秋島ビル２階,03-3981-0611,2007-01-01,2025-01-01,byouin,2026-08-01,https://www.fukushi.metro.tokyo.lg.jp/documents/d/fukushi/20260801_seishin_byouin-xlsx-xlsx
1634195,池袋こころのクリニック,171-0022,豊島区,豊島区南池袋２－２７－２　マルグリットビル４階,03-5985-7781,2010-07-01,2022-07-01,byouin,2026-08-01,https://www.fukushi.metro.tokyo.lg.jp/documents/d/fukushi/20260801_seishin_byouin-xlsx-xlsx
1634252,医療法人社団神心会 こころケアクリニック,170-0013,豊島区,豊島区東池袋１－１４－１０　ポプラビル７階,03-6912-5463,2010-10-01,2022-10-01,byouin,2026-08-01,https://www.fukushi.metro.tokyo.lg.jp/documents/d/fukushi/20260801_seishin_byouin-xlsx-xlsx
1634625,孝和堂クリニック,171-0022,豊島区,豊島区南池袋１－１８－２３－５０６,03-3986-6233,2022-09-01,,byouin,2026-08-01,https://www.fukushi.metro.tokyo.lg.jp/documents/d/fukushi/20260801_seishin_byouin-xlsx-xlsx
1634773,医療法人社団健拓会 西沢クリニック,170-0013,豊島区,豊島区東池袋５－４９－６　白峰社ビル６階,03-5958-7738,2010-11-01,2022-11-01,byouin,2026-08-01,https://www.fukushi.metro.tokyo.lg.jp/documents/d/fukushi/20260801_seishin_byouin-xlsx-xlsx
1634799,池袋心療内科メディカルオーククリニック,171-0021,豊島区,豊島区西池袋１－３９－４　第一大谷ビル５階,03-5391-9602,2013-01-01,2025-01-01,byouin,2026-08-01,https://www.fukushi.metro.tokyo.lg.jp/documents/d/fukushi/20260801_seishin_byouin-xlsx-xlsx
1634971,さとうメンタルクリニック池袋,171-0021,豊島区,豊島区西池袋３－２９－１２　大地屋ビル２階,03-5957-2416,2013-10-01,2025-10-01,byouin,2026-08-01,https://www.fukushi.metro.tokyo.lg.jp/documents/d/fukushi/20260801_seishin_byouin-xlsx-xlsx
1635028,全国療育相談センター,170-0005,豊島区,豊島区南大塚３－４３－１１,03-5927-1280,2007-02-01,2025-02-01,byouin,2026-08-01,https://www.fukushi.metro.tokyo.lg.jp/documents/d/fukushi/20260801_seishin_byouin-xlsx-xlsx
1635085,医療法人社団求林会クリニック西川,170-0005,豊島区,豊島区南大塚２－４５－９　ヤマナカヤビル１階,03-5395-0721,2007-01-01,2025-01-01,byouin,2026-08-01,https://www.fukushi.metro.tokyo.lg.jp/documents/d/fukushi/20260801_seishin_byouin-xlsx-xlsx
1635317,池袋心療内科ゆうメンタルクリニック池袋院,171-0021,豊島区,豊島区西池袋１－１５－９　７階、９階,03-5944-9995,2014-10-01,2020-10-01,byouin,2026-08-01,https://www.fukushi.metro.tokyo.lg.jp/documents/d/fukushi/20260801_seishin_byouin-xlsx-xlsx
1635341,医療法人社団 ききょう会 巣鴨ホームクリニック,170-0002,豊島区,豊島区巣鴨１－１２－１　冠城園ビル６階,03-6912-2995,2019-06-01,2025-06-01,byouin,2026-08-01,https://www.fukushi.metro.tokyo.lg.jp/documents/d/fukushi/20260801_seishin_byouin-xlsx-xlsx
1635804,子どもメンタルクリニック新大塚,170-0005,豊島区,豊島区南大塚２－１０－２　佐久間ビル３階,03-6902-1321,2017-01-01,2023-01-01,byouin,2026-08-01,https://www.fukushi.metro.tokyo.lg.jp/documents/d/fukushi/20260801_seishin_byouin-xlsx-xlsx
1635994,池袋西口メンタルクリニック,171-0014,豊島区,豊島区西池袋３－２２－７　池田ビル５０１,03-5954-0323,2007-01-01,2025-01-01,byouin,2026-08-01,https://www.fukushi.metro.tokyo.lg.jp/documents/d/fukushi/20260801_seishin_byouin-xlsx-xlsx
1636299,あきメンタルクリニック,171-0021,豊島区,豊島区西池袋１－２８－７　ニイミビル６Ｆ,03-6903-1773,2018-09-01,2024-09-01,byouin,2026-08-01,https://www.fukushi.metro.tokyo.lg.jp/documents/d/fukushi/20260801_seishin_byouin-xlsx-xlsx
1636463,和こころクリニック,171-0014,豊島区,豊島区池袋２－４８－９　恩京アムールビル２階,03-6907-2520,2019-04-01,2025-04-01,byouin,2026-08-01,https://www.fukushi.metro.tokyo.lg.jp/documents/d/fukushi/20260801_seishin_byouin-xlsx-xlsx
1636471,町のクリニック目白,171-0033,豊島区,豊島区高田１－１９－２１メゾンソレイユ１階,03-3971-5500,2019-04-01,2025-04-01,byouin,2026-08-01,https://www.fukushi.metro.tokyo.lg.jp/documents/d/fukushi/20260801_seishin_byouin-xlsx-xlsx
1636505,池袋オリーブメンタルクリニック,170-0013,豊島区,豊島区東池袋１－４４－１５　プランドール２階,03-6914-0709,2019-04-01,2025-04-01,byouin,2026-08-01,https://www.fukushi.metro.tokyo.lg.jp/documents/d/fukushi/20260801_seishin_byouin-xlsx-xlsx
1636562,櫻和メンタルクリニック,170-0002,豊島区,豊島区巣鴨１－１９－１２　八木下ビル３階,03-5319-1908,2012-10-01,2024-10-01,byouin,2026-08-01,https://www.fukushi.metro.tokyo.lg.jp/documents/d/fukushi/20260801_seishin_byouin-xlsx-xlsx
1636604,池袋内科,171-0021,豊島区,豊島区西池袋１－６－１　ホテルメトロポリタンＢ１Ｆ,03-5960-8558,2010-02-01,2022-02-01,byouin,2026-08-01,https://www.fukushi.metro.tokyo.lg.jp/documents/d/fukushi/20260801_seishin_byouin-xlsx-xlsx
1636612,目白メンタルクリニック,171-0031,豊島区,豊島区目白３－４－１１－３階,03-5906-5863,2019-09-01,2025-09-01,byouin,2026-08-01,https://www.fukushi.metro.tokyo.lg.jp/documents/d/fukushi/20260801_seishin_byouin-xlsx-xlsx
1636646,くじら在宅クリニック,171-0033,豊島区,豊島区高田１－３７－１０　ＴｗｏＷｏｏｄ’ｓ　目白Ｂｕｉｌｄｉｎｇ２０１,03-6915-2011,2020-01-01,2026-01-01,byouin,2026-08-01,https://www.fukushi.metro.tokyo.lg.jp/documents/d/fukushi/20260801_seishin_byouin-xlsx-xlsx
1636893,医療法人社団明善会 榎本クリニック,171-0021,豊島区,豊島区西池袋１－２－５,03-3982-5321,2007-01-01,2025-01-01,byouin,2026-08-01,https://www.fukushi.metro.tokyo.lg.jp/documents/d/fukushi/20260801_seishin_byouin-xlsx-xlsx
1636943,目白ＭＭクリニック,171-0031,豊島区,豊島区目白３－４－１２　Ｅ＆Ｋビル５階,03-6915-3250,2016-03-01,2022-03-01,byouin,2026-08-01,https://www.fukushi.metro.tokyo.lg.jp/documents/d/fukushi/20260801_seishin_byouin-xlsx-xlsx
1637024,西池袋こころの診療所,171-0014,豊島区,豊島区池袋２－５３－８　秋島ビル２階,03-6709-0080,2020-07-01,2026-07-01,byouin,2026-08-01,https://www.fukushi.metro.tokyo.lg.jp/documents/d/fukushi/20260801_seishin_byouin-xlsx-xlsx
1637040,大塚南口駅前脳神経内科クリニック,170-0005,豊島区,豊島区南大塚３－３２－１０　今井保全ビル１階,03-5955-7760,2021-08-01,,byouin,2026-08-01,https://www.fukushi.metro.tokyo.lg.jp/documents/d/fukushi/20260801_seishin_byouin-xlsx-xlsx
1637115,南池袋メンタルクリニック,171-0022,豊島区,豊島区南池袋２－２７－１６　近藤ビル３階,03-6914-1304,2020-11-01,,byouin,2026-08-01,https://www.fukushi.metro.tokyo.lg.jp/documents/d/fukushi/20260801_seishin_byouin-xlsx-xlsx
1637289,医療法人社団桜寿会あいメディカルクリニック,171-0031,豊島区,豊島区目白３－４－１８　小野ビル３階,03-3564-6310,2007-04-01,2025-04-01,byouin,2026-08-01,https://www.fukushi.metro.tokyo.lg.jp/documents/d/fukushi/20260801_seishin_byouin-xlsx-xlsx
1637297,そわクリニック東長崎,171-0051,豊島区,豊島区長崎４－７－８　第３大同ビル３階,03-5926-3171,2023-02-01,,byouin,2026-08-01,https://www.fukushi.metro.tokyo.lg.jp/documents/d/fukushi/20260801_seishin_byouin-xlsx-xlsx
1637651,医療法人社団ＣＦＩクリニックフォア池袋,171-0022,豊島区,豊島区南池袋１－２７－１０　油木第１ビル２階,03-4510-9964,2024-05-01,,byouin,2026-08-01,https://www.fukushi.metro.tokyo.lg.jp/documents/d/fukushi/20260801_seishin_byouin-xlsx-xlsx
1637669,こころとくらしの言の葉クリニック,171-0052,豊島区,豊島区南長崎１－２５－１１,03-6908-3260,2022-07-01,,byouin,2026-08-01,https://www.fukushi.metro.tokyo.lg.jp/documents/d/fukushi/20260801_seishin_byouin-xlsx-xlsx
1637677,睡眠プライマリケアクリニック池袋,171-0014,豊島区,豊島区池袋２－４２－７　マキタビル３階,03-6709-1070,2020-12-01,,byouin,2026-08-01,https://www.fukushi.metro.tokyo.lg.jp/documents/d/fukushi/20260801_seishin_byouin-xlsx-xlsx
1637701,時習堂メンタルクリニック,170-0013,豊島区,豊島区東池袋４－２－１　プラウドタワー東池袋ステーションアリーナ　３Ｆ,03-5956-0556,2022-07-01,,byouin,2026-08-01,https://www.fukushi.metro.tokyo.lg.jp/documents/d/fukushi/20260801_seishin_byouin-xlsx-xlsx
1637768,医療法人財団厚生協会 大塚メンタルクリニック,170-0004,豊島区,豊島区北大塚２－２－５　晴和ビル６階,03-5944-5881,2007-01-01,2025-01-01,byouin,2026-08-01,https://www.fukushi.metro.tokyo.lg.jp/documents/d/fukushi/20260801_seishin_byouin-xlsx-xlsx
1637891,医療法人社団ＬＩＦＥ ライフサポートクリニック,171-0021,豊島区,豊島区西池袋３－２９－１２　武蔵屋第一ビル１階,03-6384-7607,2019-12-01,2025-12-01,byouin,2026-08-01,https://www.fukushi.metro.tokyo.lg.jp/documents/d/fukushi/20260801_seishin_byouin-xlsx-xlsx
1638006,駒込駅前みすずメンタルクリニック,170-0003,豊島区,豊島区駒込３－２－７　　デュアル駒込４階,03-6826-9512,2023-06-01,,byouin,2026-08-01,https://www.fukushi.metro.tokyo.lg.jp/documents/d/fukushi/20260801_seishin_byouin-xlsx-xlsx
1638022,医療法人社団ゆうりん ゆうりんクリニック,171-0044,豊島区,豊島区千早４－３４－７　１階・２階,03-5926-9281,2016-04-01,2022-04-01,byouin,2026-08-01,https://www.fukushi.metro.tokyo.lg.jp/documents/d/fukushi/20260801_seishin_byouin-xlsx-xlsx
1638071,池袋平和通りメンタルクリニック,171-0014,豊島区,豊島区池袋２－６４－２　第三西池ビル２階,03-6709-0097,2023-09-01,,byouin,2026-08-01,https://www.fukushi.metro.tokyo.lg.jp/documents/d/fukushi/20260801_seishin_byouin-xlsx-xlsx
1638469,北池袋こころのクリニック,170-0011,豊島区,豊島区池袋本町１－３８－１４　北池袋Ａビル１０１,03-5924-6851,2020-04-01,2026-04-01,byouin,2026-08-01,https://www.fukushi.metro.tokyo.lg.jp/documents/d/fukushi/20260801_seishin_byouin-xlsx-xlsx
1638535,よつばこころのクリニック要町駅前,171-0043,豊島区,豊島区要町１－１－１１　要町ＫＴビル２階,03-5926-7670,2025-04-01,,byouin,2026-08-01,https://www.fukushi.metro.tokyo.lg.jp/documents/d/fukushi/20260801_seishin_byouin-xlsx-xlsx
1638634,北池袋メンタルクリニック,170-0012,豊島区,豊島区上池袋４－２９－９　５階,03-3576-7530,2025-05-01,,byouin,2026-08-01,https://www.fukushi.metro.tokyo.lg.jp/documents/d/fukushi/20260801_seishin_byouin-xlsx-xlsx
1638899,三木内科クリニック,171-0051,豊島区,豊島区長崎３－１９－１４　ミザールビル１階,03-5917-6850,2007-05-01,2025-05-01,byouin,2026-08-01,https://www.fukushi.metro.tokyo.lg.jp/documents/d/fukushi/20260801_seishin_byouin-xlsx-xlsx
1639129,大塚駅前おおかみこころのクリニック心療内科・精神科,170-0005,豊島区,豊島区南大塚２－４６－３　大塚グリーンビル４０１号室,03-6902-1802,2026-03-01,,byouin,2026-08-01,https://www.fukushi.metro.tokyo.lg.jp/documents/d/fukushi/20260801_seishin_byouin-xlsx-xlsx
1639145,医療法人社団健翔会豊島長崎クリニック,171-0051,豊島区,豊島区長崎４－２５－１５,03-6905-8682,2012-12-01,2024-12-01,byouin,2026-08-01,https://www.fukushi.metro.tokyo.lg.jp/documents/d/fukushi/20260801_seishin_byouin-xlsx-xlsx
1670017,医療法人社団日心会総合病院一心病院,170-0004,豊島区,豊島区北大塚１－１８－７,03-3918-1215,2008-01-01,2026-01-01,byouin,2026-08-01,https://www.fukushi.metro.tokyo.lg.jp/documents/d/fukushi/20260801_seishin_byouin-xlsx-xlsx
1670892,医療法人社団仁泉会としま昭和病院,171-0052,豊島区,豊島区南長崎５－１７－９,03-3953-5555,2017-03-01,2023-03-01,byouin,2026-08-01,https://www.fukushi.metro.tokyo.lg.jp/documents/d/fukushi/20260801_seishin_byouin-xlsx-xlsx
1671023,地方独立行政法人 東京都立病院機構 東京都立大塚病院,170-8476,豊島区,豊島区南大塚２－８－１,03-3941-8131,2007-02-01,2025-02-01,byouin,2026-08-01,https://www.fukushi.metro.tokyo.lg.jp/documents/d/fukushi/20260801_seishin_byouin-xlsx-xlsx
1711928,医療法人社団三恵会 西ヶ原病院,114-0024,北区,北区西ヶ原２－４６－９,03-3917-6561,2007-01-01,2025-01-01,byouin,2026-08-01,https://www.fukushi.metro.tokyo.lg.jp/documents/d/fukushi/20260801_seishin_byouin-xlsx-xlsx
1717842,医療法人財団 富士病院,114-0024,北区,北区西ヶ原３－３３－１１,03-3910-6661,2007-01-01,2025-01-01,byouin,2026-08-01,https://www.fukushi.metro.tokyo.lg.jp/documents/d/fukushi/20260801_seishin_byouin-xlsx-xlsx
1726694,一般財団法人小峰研究所 小峰クリニック,114-0024,北区,北区西ヶ原３－２－１－１１３,03-3910-2104,2007-01-01,2025-01-01,byouin,2026-08-01,https://www.fukushi.metro.tokyo.lg.jp/documents/d/fukushi/20260801_seishin_byouin-xlsx-xlsx
1727171,医療法人社団 白陽会 駒込神経クリニック,114-0015,北区,北区中里１－９－１　第３根岸ビル１階１０１,03-3824-6346,2007-01-01,2025-01-01,byouin,2026-08-01,https://www.fukushi.metro.tokyo.lg.jp/documents/d/fukushi/20260801_seishin_byouin-xlsx-xlsx
1727213,医療法人社団 齊木医院,114-0034,北区,北区上十条３－１２－９,03-3908-2330,2022-06-01,,byouin,2026-08-01,https://www.fukushi.metro.tokyo.lg.jp/documents/d/fukushi/20260801_seishin_byouin-xlsx-xlsx
1727544,天仁堂医院,114-0023,北区,北区滝野川２－１９－８　キャピタルビュー滝野川１０２号,03-3949-7170,2007-01-01,2025-01-01,byouin,2026-08-01,https://www.fukushi.metro.tokyo.lg.jp/documents/d/fukushi/20260801_seishin_byouin-xlsx-xlsx
1727858,医療法人社団 かとうクリニック,115-0043,北区,北区神谷１－１２－９－１０１,03-3913-1103,2007-01-01,2025-01-01,byouin,2026-08-01,https://www.fukushi.metro.tokyo.lg.jp/documents/d/fukushi/20260801_seishin_byouin-xlsx-xlsx
1728120,滝沢医院,114-0011,北区,北区昭和町２－６－６,03-3800-8715,2007-02-01,2025-02-01,byouin,2026-08-01,https://www.fukushi.metro.tokyo.lg.jp/documents/d/fukushi/20260801_seishin_byouin-xlsx-xlsx
1728476,田端北口クリニック,114-0014,北区,北区田端１－２０－２０,03-3823-8776,2007-02-01,2025-02-01,byouin,2026-08-01,https://www.fukushi.metro.tokyo.lg.jp/documents/d/fukushi/20260801_seishin_byouin-xlsx-xlsx
1728492,医療法人社団利田会 周愛利田クリニック,114-0016,北区,北区上中里３－６－１３,03-3911-3050,2007-01-01,2025-01-01,byouin,2026-08-01,https://www.fukushi.metro.tokyo.lg.jp/documents/d/fukushi/20260801_seishin_byouin-xlsx-xlsx
1728625,田端仁生クリニック,114-0014,北区,北区田端１－２０－３１,03-3823-5528,2007-01-01,2025-01-01,byouin,2026-08-01,https://www.fukushi.metro.tokyo.lg.jp/documents/d/fukushi/20260801_seishin_byouin-xlsx-xlsx
1728849,板橋医院,114-0023,北区,北区滝野川７－８－１２,03-3916-5670,2008-05-01,2026-05-01,byouin,2026-08-01,https://www.fukushi.metro.tokyo.lg.jp/documents/d/fukushi/20260801_seishin_byouin-xlsx-xlsx
1729359,生協浮間診療所,115-0051,北区,北区浮間３－２２－１,03-3558-8361,2007-02-01,2025-02-01,byouin,2026-08-01,https://www.fukushi.metro.tokyo.lg.jp/documents/d/fukushi/20260801_seishin_byouin-xlsx-xlsx
1729532,医療法人社団健敏会すずきクリニック,115-0045,北区,北区赤羽２－６９－４　クリニックプラザ２１　１階,03-3598-3310,2025-05-01,,byouin,2026-08-01,https://www.fukushi.metro.tokyo.lg.jp/documents/d/fukushi/20260801_seishin_byouin-xlsx-xlsx
1729847,医療法人社団医栄会 赤羽田中クリニック,115-0055,北区,北区赤羽西１－３９－６ヴィルトー１０　２０１,03-3905-7001,2007-01-01,2025-01-01,byouin,2026-08-01,https://www.fukushi.metro.tokyo.lg.jp/documents/d/fukushi/20260801_seishin_byouin-xlsx-xlsx
1729870,城北診療所,115-0052,北区,北区赤羽北２－１９－１,03-3907-1523,2018-12-01,2024-12-01,byouin,2026-08-01,https://www.fukushi.metro.tokyo.lg.jp/documents/d/fukushi/20260801_seishin_byouin-xlsx-xlsx
1729920,公益社団法人発達協会 王子クリニック,115-0044,北区,北区赤羽南２－１０－２０,03-3903-3311,2007-01-01,2025-01-01,byouin,2026-08-01,https://www.fukushi.metro.tokyo.lg.jp/documents/d/fukushi/20260801_seishin_byouin-xlsx-xlsx
1730019,医療法人社団隆樹会木村クリニック,115-0043,北区,北区神谷１－１５－９,03-3911-1220,2023-06-01,,byouin,2026-08-01,https://www.fukushi.metro.tokyo.lg.jp/documents/d/fukushi/20260801_seishin_byouin-xlsx-xlsx
1730076,医療法人社団康優会 染谷メンタルクリニック,114-0002,北区,北区王子２－１２－１２　松尾ビル１階,03-5959-8511,2007-01-01,2025-01-01,byouin,2026-08-01,https://www.fukushi.metro.tokyo.lg.jp/documents/d/fukushi/20260801_seishin_byouin-xlsx-xlsx
1730480,駒込東口クリニック,114-0015,北区,北区中里２－５－６,03-5394-1185,2008-04-01,2026-04-01,byouin,2026-08-01,https://www.fukushi.metro.tokyo.lg.jp/documents/d/fukushi/20260801_seishin_byouin-xlsx-xlsx
1730837,医療法人社団福寿会 堀船クリニック,114-0004,北区,北区堀船２－３－１３　２階,03-5902-3071,2007-01-01,2025-01-01,byouin,2026-08-01,https://www.fukushi.metro.tokyo.lg.jp/documents/d/fukushi/20260801_seishin_byouin-xlsx-xlsx
1730910,田端メンタルクリニック,114-0013,北区,北区東田端１－１４－１　クリニックモール３階,03-6458-2795,2011-04-01,2023-04-01,byouin,2026-08-01,https://www.fukushi.metro.tokyo.lg.jp/documents/d/fukushi/20260801_seishin_byouin-xlsx-xlsx
1730928,王子こころのクリニック,114-0002,北区,北区王子１－５－３　ＡＲビル５階,03-5902-7888,2011-05-01,2023-05-01,byouin,2026-08-01,https://www.fukushi.metro.tokyo.lg.jp/documents/d/fukushi/20260801_seishin_byouin-xlsx-xlsx
1731306,赤羽メンタルクリニック,115-0055,北区,北区赤羽西１－１５－１７,03-3905-2317,2007-01-01,2025-01-01,byouin,2026-08-01,https://www.fukushi.metro.tokyo.lg.jp/documents/d/fukushi/20260801_seishin_byouin-xlsx-xlsx
1731330,東京ふれあい医療生活協同組合 梶原診療所,114-0004,北区,北区堀船３－２９－９,03-3911-5171,2007-01-01,2025-01-01,byouin,2026-08-01,https://www.fukushi.metro.tokyo.lg.jp/documents/d/fukushi/20260801_seishin_byouin-xlsx-xlsx
1731421,駒込えぜる診療所,114-0015,北区,北区中里１－１０－６　駒込Ｋビル４階,03-5815-3281,2008-02-01,2026-02-01,byouin,2026-08-01,https://www.fukushi.metro.tokyo.lg.jp/documents/d/fukushi/20260801_seishin_byouin-xlsx-xlsx
1731462,東京ふれあい医療生活協同組合 オレンジほっとクリニック,114-0004,北区,北区堀船３－３１－１５,03-3911-2661,2015-02-01,2021-02-01,byouin,2026-08-01,https://www.fukushi.metro.tokyo.lg.jp/documents/d/fukushi/20260801_seishin_byouin-xlsx-xlsx
1731579,吉利医院,114-0032,北区,北区中十条３－１２－８　１階,03-3908-5505,2007-01-01,2025-01-01,byouin,2026-08-01,https://www.fukushi.metro.tokyo.lg.jp/documents/d/fukushi/20260801_seishin_byouin-xlsx-xlsx
1731611,十条こどもクリニック,114-0034,北区,北区上十条３－２２－８　エクセル千葉１０１号室,03-5948-6386,2015-10-01,2021-10-01,byouin,2026-08-01,https://www.fukushi.metro.tokyo.lg.jp/documents/d/fukushi/20260801_seishin_byouin-xlsx-xlsx
1731645,医療法人社団廣和会 中島クリニック,114-0001,北区,北区東十条３－１－１４　ライフェールマンション東十条１階,03-6915-4700,2016-06-01,2022-06-01,byouin,2026-08-01,https://www.fukushi.metro.tokyo.lg.jp/documents/d/fukushi/20260801_seishin_byouin-xlsx-xlsx
1731975,赤羽南口メンタルクリニック,115-0044,北区,北区赤羽南１－４－８　赤羽南商業ビル５階,03-5939-7668,2018-03-01,2024-03-01,byouin,2026-08-01,https://www.fukushi.metro.tokyo.lg.jp/documents/d/fukushi/20260801_seishin_byouin-xlsx-xlsx
1731991,板橋駅前こころのクリニック,114-0023,北区,北区滝野川７－８－９　日原ビル４階,03-6903-7301,2018-03-01,2024-03-01,byouin,2026-08-01,https://www.fukushi.metro.tokyo.lg.jp/documents/d/fukushi/20260801_seishin_byouin-xlsx-xlsx
1732049,はやしメンタルクリニック,115-0044,北区,北区赤羽南１－３－１高橋ビル９Ｆ,03-5939-6878,2018-06-01,2024-06-01,byouin,2026-08-01,https://www.fukushi.metro.tokyo.lg.jp/documents/d/fukushi/20260801_seishin_byouin-xlsx-xlsx
1732072,医療法人社団ききょう会東十条クリニック,114-0001,北区,北区東十条２－１４－１１　マンシオンフルーランス１０２号室,03-6903-2075,2019-06-01,2025-06-01,byouin,2026-08-01,https://www.fukushi.metro.tokyo.lg.jp/documents/d/fukushi/20260801_seishin_byouin-xlsx-xlsx
1732189,王子駅前メンタルクリニック,114-0021,北区,北区岸町１－３－１　伯清王子ビル４Ｆ,03-3908-0556,2019-08-01,2025-08-01,byouin,2026-08-01,https://www.fukushi.metro.tokyo.lg.jp/documents/d/fukushi/20260801_seishin_byouin-xlsx-xlsx
1732502,十条メンタルクリニック,114-0034,北区,北区上十条２－３０－１　ブラックストンビル６階,03-5948-8126,2021-11-01,,byouin,2026-08-01,https://www.fukushi.metro.tokyo.lg.jp/documents/d/fukushi/20260801_seishin_byouin-xlsx-xlsx
1732627,ハルこころクリニック十条院,114-0031,北区,北区十条仲原１－８－２７　３Ｆ,03-6454-3720,2022-05-01,,byouin,2026-08-01,https://www.fukushi.metro.tokyo.lg.jp/documents/d/fukushi/20260801_seishin_byouin-xlsx-xlsx
1732742,医療法人社団よつば会 赤羽駅前心療内科,115-0055,北区,北区赤羽西１－４－１５　グランデージ赤羽２階,03-5948-5335,2006-12-01,2024-12-01,byouin,2026-08-01,https://www.fukushi.metro.tokyo.lg.jp/documents/d/fukushi/20260801_seishin_byouin-xlsx-xlsx
1732866,木村外科内科,114-0023,北区,北区滝野川７－３３－５,03-3916-1611,2023-06-01,,byouin,2026-08-01,https://www.fukushi.metro.tokyo.lg.jp/documents/d/fukushi/20260801_seishin_byouin-xlsx-xlsx
1732924,霜降橋こどもクリニック,114-0024,北区,北区西ヶ原１－６－５　アフニィ駒込２階,03-3576-2525,2021-12-01,,byouin,2026-08-01,https://www.fukushi.metro.tokyo.lg.jp/documents/d/fukushi/20260801_seishin_byouin-xlsx-xlsx
1732973,こまどりホームクリニック,114-0013,北区,北区東田端１－４－１５　ヴィラフォレストｎｏｖｅｌ３０１号室,03-6807-7713,2024-11-01,,byouin,2026-08-01,https://www.fukushi.metro.tokyo.lg.jp/documents/d/fukushi/20260801_seishin_byouin-xlsx-xlsx
1733013,医療法人社団エールエール在宅診療所,114-0024,北区,北区西ヶ原１－２０－１６　クレストヒルズ駒込１階,03-6903-7721,2024-06-01,,byouin,2026-08-01,https://www.fukushi.metro.tokyo.lg.jp/documents/d/fukushi/20260801_seishin_byouin-xlsx-xlsx
1733088,みかさ在宅クリニック,115-0055,北区,北区赤羽西１－７－１　地下１階,03-3905-0123,2025-01-01,,byouin,2026-08-01,https://www.fukushi.metro.tokyo.lg.jp/documents/d/fukushi/20260801_seishin_byouin-xlsx-xlsx
1733112,赤羽並木通りクリニック 内科・脳神経内科,115-0055,北区,北区赤羽西１－３６－１１　メディカルヒルズ赤羽３階,03-3900-5566,2021-11-01,,byouin,2026-08-01,https://www.fukushi.metro.tokyo.lg.jp/documents/d/fukushi/20260801_seishin_byouin-xlsx-xlsx
1733146,みんなの北診療所,115-0043,北区,北区神谷１－３１－５　鶴八ビル１階,03-3913-5271,2006-11-01,2024-11-01,byouin,2026-08-01,https://www.fukushi.metro.tokyo.lg.jp/documents/d/fukushi/20260801_seishin_byouin-xlsx-xlsx
1733179,赤羽すずらんメンタルクリニック 心と眠りの心療内科・精神科,115-0045,北区,北区赤羽１－１３－１　ミドリヤビル６階,03-5249-3233,2021-01-01,,byouin,2026-08-01,https://www.fukushi.metro.tokyo.lg.jp/documents/d/fukushi/20260801_seishin_byouin-xlsx-xlsx
1733252,赤羽こころのクリニック,115-0044,北区,北区赤羽南１－９－１１　赤羽南ビル３階,03-6903-8664,2026-04-01,,byouin,2026-08-01,https://www.fukushi.metro.tokyo.lg.jp/documents/d/fukushi/20260801_seishin_byouin-xlsx-xlsx
1733294,さくらひだまり訪問クリニック東京埼玉院,115-0055,北区,北区赤羽西３－２６－１２　ロッソ・カンパーナ２０５,03-6324-8406,2026-05-01,,byouin,2026-08-01,https://www.fukushi.metro.tokyo.lg.jp/documents/d/fukushi/20260801_seishin_byouin-xlsx-xlsx
1770106,東京都立北療育医療センター,114-0033,北区,北区十条台１－２－３,03-3908-3001,2007-02-01,2025-02-01,byouin,2026-08-01,https://www.fukushi.metro.tokyo.lg.jp/documents/d/fukushi/20260801_seishin_byouin-xlsx-xlsx
1770650,医療法人社団中央白報会 白報会王子病院,114-0002,北区,北区王子２－１４－１３,03-3912-6611,2008-01-01,2026-01-01,byouin,2026-08-01,https://www.fukushi.metro.tokyo.lg.jp/documents/d/fukushi/20260801_seishin_byouin-xlsx-xlsx
1770718,東京ほくと医療生活協同組合 王子生協病院,114-0003,北区,北区豊島３－４－１５,03-3912-2201,2007-02-01,2025-02-01,byouin,2026-08-01,https://www.fukushi.metro.tokyo.lg.jp/documents/d/fukushi/20260801_seishin_byouin-xlsx-xlsx
1770734,公益社団法人地域医療振興協会 東京北医療センター,115-0053,北区,北区赤羽台４－１７－５６,03-5963-3311,2008-01-01,2026-01-01,byouin,2026-08-01,https://www.fukushi.metro.tokyo.lg.jp/documents/d/fukushi/20260801_seishin_byouin-xlsx-xlsx
1770809,医療法人社団博栄会 赤羽中央総合病院,115-0042,北区,北区志茂１－１９－１４,03-3902-0348,2007-03-01,2025-03-01,byouin,2026-08-01,https://www.fukushi.metro.tokyo.lg.jp/documents/d/fukushi/20260801_seishin_byouin-xlsx-xlsx
1817949,医療法人社団関川会 関川病院,116-0013,荒川区,荒川区西日暮里１－４－１,03-3803-5151,2007-09-01,2025-09-01,byouin,2026-08-01,https://www.fukushi.metro.tokyo.lg.jp/documents/d/fukushi/20260801_seishin_byouin-xlsx-xlsx
1823434,冨田医院,116-0012,荒川区,荒川区東尾久５－３９－１３　尾久プラザ１階,03-3810-2213,2006-11-01,2024-11-01,byouin,2026-08-01,https://www.fukushi.metro.tokyo.lg.jp/documents/d/fukushi/20260801_seishin_byouin-xlsx-xlsx
1823657,東京ふれあい医療生活協同組合 宮の前診療所,116-0011,荒川区,荒川区西尾久２－３－２,03-3800-7111,2007-01-01,2025-01-01,byouin,2026-08-01,https://www.fukushi.metro.tokyo.lg.jp/documents/d/fukushi/20260801_seishin_byouin-xlsx-xlsx
1823863,医療法人社団愛幸会 倉岡クリニック,116-0013,荒川区,荒川区西日暮里４－２１－１２　クリスタルビル２階,03-5685-5562,2007-01-01,2025-01-01,byouin,2026-08-01,https://www.fukushi.metro.tokyo.lg.jp/documents/d/fukushi/20260801_seishin_byouin-xlsx-xlsx
1824572,クズウクリニック,116-0001,荒川区,荒川区町屋２－２－１９　クレストＡビル６階,03-5901-2266,2007-01-01,2025-01-01,byouin,2026-08-01,https://www.fukushi.metro.tokyo.lg.jp/documents/d/fukushi/20260801_seishin_byouin-xlsx-xlsx
1825173,医療法人社団いずみ 大泉クリニック,116-0002,荒川区,荒川区荒川６－４１－４　カリーノ町屋１階,03-3895-7231,2007-01-01,2025-01-01,byouin,2026-08-01,https://www.fukushi.metro.tokyo.lg.jp/documents/d/fukushi/20260801_seishin_byouin-xlsx-xlsx
1825280,はやし診療所,116-0013,荒川区,荒川区西日暮里５－３３－３　中島ビル２階,03-5850-3222,2006-12-01,2024-12-01,byouin,2026-08-01,https://www.fukushi.metro.tokyo.lg.jp/documents/d/fukushi/20260801_seishin_byouin-xlsx-xlsx
1825595,車庫前こころのクリニック,116-0011,荒川区,荒川区西尾久７－５０－６　三博ビル１階,03-5855-0303,2007-12-01,2025-12-01,byouin,2026-08-01,https://www.fukushi.metro.tokyo.lg.jp/documents/d/fukushi/20260801_seishin_byouin-xlsx-xlsx
1825710,もりのひと心の医療科クリニック,116-0011,荒川区,荒川区西尾久２－２－５,03-6906-9107,2008-06-01,2026-06-01,byouin,2026-08-01,https://www.fukushi.metro.tokyo.lg.jp/documents/d/fukushi/20260801_seishin_byouin-xlsx-xlsx
1825736,医療法人社団讃友会 あべクリニック,116-0014,荒川区,荒川区東日暮里６－６０－１０　日暮里駅前中央ビル５階,03-5810-7808,2007-01-01,2025-01-01,byouin,2026-08-01,https://www.fukushi.metro.tokyo.lg.jp/documents/d/fukushi/20260801_seishin_byouin-xlsx-xlsx
1825777,尾久診療所,116-0011,荒川区,荒川区西尾久４－２３－５,03-3800-8808,2007-02-01,2025-02-01,byouin,2026-08-01,https://www.fukushi.metro.tokyo.lg.jp/documents/d/fukushi/20260801_seishin_byouin-xlsx-xlsx
1826015,女性とこころのクリニック,116-0001,荒川区,荒川区町屋１－１－９　メディカルセンターＭｅｄｉｕｍ町屋４階,03-5855-1233,2011-04-01,2023-04-01,byouin,2026-08-01,https://www.fukushi.metro.tokyo.lg.jp/documents/d/fukushi/20260801_seishin_byouin-xlsx-xlsx
1826098,医療法人社団秀洋会 白十字診療所,116-0013,荒川区,荒川区西日暮里２－１９－１０　日暮里ＫＳビル３階４階,03-3802-3911,2012-07-01,2024-07-01,byouin,2026-08-01,https://www.fukushi.metro.tokyo.lg.jp/documents/d/fukushi/20260801_seishin_byouin-xlsx-xlsx
1826213,にっぽりこころの診療所,116-0013,荒川区,荒川区西日暮里３－１１－８　パルクレール日之出１０２,03-5832-9251,2012-10-01,2018-10-01,byouin,2026-08-01,https://www.fukushi.metro.tokyo.lg.jp/documents/d/fukushi/20260801_seishin_byouin-xlsx-xlsx
1826296,医療法人社団専心会 いがらしクリニック,116-0011,荒川区,荒川区西尾久１－３２－１６,03-3800-9629,2008-08-01,2020-08-01,byouin,2026-08-01,https://www.fukushi.metro.tokyo.lg.jp/documents/d/fukushi/20260801_seishin_byouin-xlsx-xlsx
1826320,すずきクリニック,116-0012,荒川区,荒川区東尾久４－２９－１６　サンライズビル１０１,03-5901-9179,2013-10-01,2025-10-01,byouin,2026-08-01,https://www.fukushi.metro.tokyo.lg.jp/documents/d/fukushi/20260801_seishin_byouin-xlsx-xlsx
1826734,医療法人社団利田会周愛荒川メンタルクリニック,116-0016,荒川区,荒川区西尾久７－１９－５レイラビル１階,03-6807-6816,2019-01-01,2025-01-01,byouin,2026-08-01,https://www.fukushi.metro.tokyo.lg.jp/documents/d/fukushi/20260801_seishin_byouin-xlsx-xlsx
1826833,まる福ホームクリニック,116-0011,荒川区,荒川区西尾久４－２７－３ 省栄製作所西尾久４丁目ビル１階,03-6807-9810,2019-08-01,2025-08-01,byouin,2026-08-01,https://www.fukushi.metro.tokyo.lg.jp/documents/d/fukushi/20260801_seishin_byouin-xlsx-xlsx
1826924,一般社団法人宝寿会 東京おひさまクリニック,116-0014,荒川区,荒川区東日暮里５－４５－１　ＹＯＴＯ　ＢＬＤ　８階,03-6806-7233,2021-12-01,,byouin,2026-08-01,https://www.fukushi.metro.tokyo.lg.jp/documents/d/fukushi/20260801_seishin_byouin-xlsx-xlsx
1827005,医療法人社団雄昴会 やたがいクリニック,116-0014,荒川区,荒川区東日暮里４－２０－６　１階及び２階,03-5850-6166,2008-01-01,2026-01-01,byouin,2026-08-01,https://www.fukushi.metro.tokyo.lg.jp/documents/d/fukushi/20260801_seishin_byouin-xlsx-xlsx
1827062,おうちで笑顔クリニック,116-0014,荒川区,荒川区東日暮里５－５０－５　アートホテル日暮里ラングウッド地下１階,03-5604-9545,2015-03-01,2021-03-01,byouin,2026-08-01,https://www.fukushi.metro.tokyo.lg.jp/documents/d/fukushi/20260801_seishin_byouin-xlsx-xlsx
1827070,医療法人社団東京東双泉会 双泉会クリニックあらかわ,116-0014,荒川区,荒川区東日暮里３－９－２１　日暮里コミュニティハウス１階,03-5850-7630,2007-01-01,2025-01-01,byouin,2026-08-01,https://www.fukushi.metro.tokyo.lg.jp/documents/d/fukushi/20260801_seishin_byouin-xlsx-xlsx
1827104,おぐメンタルクリニック,116-0012,荒川区,荒川区東尾久２－４５－１２　スカイコート１階,03-5901-1137,2022-12-01,,byouin,2026-08-01,https://www.fukushi.metro.tokyo.lg.jp/documents/d/fukushi/20260801_seishin_byouin-xlsx-xlsx
1827310,医療法人社団ＬＴ ＬＴハートクリニック,116-0014,荒川区,荒川区東日暮里３－４１－７　金萬ビル１階,03-6806-5755,2025-07-01,,byouin,2026-08-01,https://www.fukushi.metro.tokyo.lg.jp/documents/d/fukushi/20260801_seishin_byouin-xlsx-xlsx
1827328,てらすクリニックにっぽり,116-0013,荒川区,荒川区西日暮里２－１９－４　たちばなビル９階,03-5604-5918,2025-10-01,,byouin,2026-08-01,https://www.fukushi.metro.tokyo.lg.jp/documents/d/fukushi/20260801_seishin_byouin-xlsx-xlsx
1827344,白鳥内科・神経クリニック,116-0003,荒川区,荒川区南千住５－３７－１,03-6806-7454,2026-03-01,,byouin,2026-08-01,https://www.fukushi.metro.tokyo.lg.jp/documents/d/fukushi/20260801_seishin_byouin-xlsx-xlsx
1827401,ファミリークリニック荒川,116-0013,荒川区,荒川区西日暮里５－２６－８　６階Ｂ,03-6807-9311,2022-08-01,,byouin,2026-08-01,https://www.fukushi.metro.tokyo.lg.jp/documents/d/fukushi/20260801_seishin_byouin-xlsx-xlsx
1870880,社会医療法人社団正志会荒木記念東京リバーサイド病院,116-0003,荒川区,荒川区南千住８－４－４,03-5850-0311,2023-06-01,,byouin,2026-08-01,https://www.fukushi.metro.tokyo.lg.jp/documents/d/fukushi/20260801_seishin_byouin-xlsx-xlsx
1870914,社会医療法人社団一成会 木村病院,116-0003,荒川区,荒川区南千住１－１－１,03-5615-2111,2007-01-01,2025-01-01,byouin,2026-08-01,https://www.fukushi.metro.tokyo.lg.jp/documents/d/fukushi/20260801_seishin_byouin-xlsx-xlsx
1870922,社会医療法人社団正志会令和あらかわ病院,116-0012,荒川区,荒川区東尾久５－４５－１,03-6807-7500,2026-02-01,,byouin,2026-08-01,https://www.fukushi.metro.tokyo.lg.jp/documents/d/fukushi/20260801_seishin_byouin-xlsx-xlsx
1911502,学校法人日本大学 日本大学医学部附属板橋病院,173-0032,板橋区,板橋区大谷口上町３０－１,03-3972-8111,2007-02-01,2025-02-01,byouin,2026-08-01,https://www.fukushi.metro.tokyo.lg.jp/documents/d/fukushi/20260801_seishin_byouin-xlsx-xlsx
1911635,医療法人財団健康文化会 小豆沢病院,174-0051,板橋区,板橋区小豆沢１－６－８,03-3966-8411,2007-01-01,2025-01-01,byouin,2026-08-01,https://www.fukushi.metro.tokyo.lg.jp/documents/d/fukushi/20260801_seishin_byouin-xlsx-xlsx
1911700,心身障害児総合医療療育センター,173-0037,板橋区,板橋区小茂根１－１－１０,03-3974-2146,2007-01-01,2025-01-01,byouin,2026-08-01,https://www.fukushi.metro.tokyo.lg.jp/documents/d/fukushi/20260801_seishin_byouin-xlsx-xlsx
1911718,医療法人社団翠会 成増厚生病院,175-0091,板橋区,板橋区三園１－１９－１,03-3939-1191,2007-01-01,2025-01-01,byouin,2026-08-01,https://www.fukushi.metro.tokyo.lg.jp/documents/d/fukushi/20260801_seishin_byouin-xlsx-xlsx
1915123,公益財団法人愛世会 愛誠病院,173-8588,板橋区,板橋区加賀１－３－１,03-3961-5351,2007-01-01,2025-01-01,byouin,2026-08-01,https://www.fukushi.metro.tokyo.lg.jp/documents/d/fukushi/20260801_seishin_byouin-xlsx-xlsx
1915131,一般財団法人精神医学研究所附属 東京武蔵野病院,173-0037,板橋区,板橋区小茂根４－１１－１１,03-5986-3111,2007-01-01,2025-01-01,byouin,2026-08-01,https://www.fukushi.metro.tokyo.lg.jp/documents/d/fukushi/20260801_seishin_byouin-xlsx-xlsx
1916121,医療法人社団明芳会 板橋中央総合病院,174-0051,板橋区,板橋区小豆沢２－１２－７,03-3967-1181,2007-04-01,2025-04-01,byouin,2026-08-01,https://www.fukushi.metro.tokyo.lg.jp/documents/d/fukushi/20260801_seishin_byouin-xlsx-xlsx
1918358,医療法人財団朔望会 常盤台外科病院,174-0071,板橋区,板橋区常盤台２－２５－２０,03-3960-7211,2015-07-01,2021-07-01,byouin,2026-08-01,https://www.fukushi.metro.tokyo.lg.jp/documents/d/fukushi/20260801_seishin_byouin-xlsx-xlsx
1919588,学校法人帝京大学帝京大学医学部附属病院,173-0003,板橋区,板橋区加賀２－１１－１,03-3964-1211,2007-01-01,2025-01-01,byouin,2026-08-01,https://www.fukushi.metro.tokyo.lg.jp/documents/d/fukushi/20260801_seishin_byouin-xlsx-xlsx
1919984,板橋区医師会病院,175-0082,板橋区,板橋区高島平３－１２－６,03-3975-8151,2007-02-01,2025-02-01,byouin,2026-08-01,https://www.fukushi.metro.tokyo.lg.jp/documents/d/fukushi/20260801_seishin_byouin-xlsx-xlsx
1922384,定月医院,173-0021,板橋区,板橋区弥生町２９－２,03-3974-1114,2007-02-01,2025-02-01,byouin,2026-08-01,https://www.fukushi.metro.tokyo.lg.jp/documents/d/fukushi/20260801_seishin_byouin-xlsx-xlsx
1926849,ちとせクリニック,174-0051,板橋区,板橋区小豆沢３－１１－１３,03-3969-1008,2007-01-01,2025-01-01,byouin,2026-08-01,https://www.fukushi.metro.tokyo.lg.jp/documents/d/fukushi/20260801_seishin_byouin-xlsx-xlsx
1927292,佐藤クリニック,175-0082,板橋区,板橋区高島平６－１－１,03-5997-9828,2007-02-01,2025-02-01,byouin,2026-08-01,https://www.fukushi.metro.tokyo.lg.jp/documents/d/fukushi/20260801_seishin_byouin-xlsx-xlsx
1927946,まきたメンタルクリニック,173-0004,板橋区,板橋区板橋１－５０－５　板橋ＴＳビル２階,03-5375-2157,2007-01-01,2025-01-01,byouin,2026-08-01,https://www.fukushi.metro.tokyo.lg.jp/documents/d/fukushi/20260801_seishin_byouin-xlsx-xlsx
1928035,医療法人社団央未会 成増メンタルクリニック,175-0094,板橋区,板橋区成増３－４－１６,03-5997-0800,2007-01-01,2025-01-01,byouin,2026-08-01,https://www.fukushi.metro.tokyo.lg.jp/documents/d/fukushi/20260801_seishin_byouin-xlsx-xlsx
1928068,北原クリニック,175-0092,板橋区,板橋区赤塚７－４－１７,03-3939-0383,2007-01-01,2025-01-01,byouin,2026-08-01,https://www.fukushi.metro.tokyo.lg.jp/documents/d/fukushi/20260801_seishin_byouin-xlsx-xlsx
1928308,たにもとクリニック,173-0036,板橋区,板橋区向原３－１０－１５－１０２,03-3530-8327,2008-01-01,2026-01-01,byouin,2026-08-01,https://www.fukushi.metro.tokyo.lg.jp/documents/d/fukushi/20260801_seishin_byouin-xlsx-xlsx
1928316,右田医院,173-0037,板橋区,板橋区小茂根１－２５－１０,03-3956-1577,2006-10-01,2024-10-01,byouin,2026-08-01,https://www.fukushi.metro.tokyo.lg.jp/documents/d/fukushi/20260801_seishin_byouin-xlsx-xlsx
1929256,医療法人社団翠会 こころのクリニックなります,175-0094,板橋区,板橋区成増３－３－１５,03-3939-6161,2007-01-01,2025-01-01,byouin,2026-08-01,https://www.fukushi.metro.tokyo.lg.jp/documents/d/fukushi/20260801_seishin_byouin-xlsx-xlsx
1929678,医療法人財団健康文化会 小豆沢病院付属高島平診療所,175-0082,板橋区,板橋区高島平８－１－１,03-3932-3394,2007-02-01,2025-02-01,byouin,2026-08-01,https://www.fukushi.metro.tokyo.lg.jp/documents/d/fukushi/20260801_seishin_byouin-xlsx-xlsx
1929801,医療法人社団敬天会 鶴田クリニック,173-0004,板橋区,板橋区板橋２－６７－８　板橋中央ビル６階,03-5375-7600,2007-01-01,2025-01-01,byouin,2026-08-01,https://www.fukushi.metro.tokyo.lg.jp/documents/d/fukushi/20260801_seishin_byouin-xlsx-xlsx
1930056,内藤医院,174-0043,板橋区,板橋区坂下２－１－４１　川島ビル１階,03-3965-0003,2007-01-01,2025-01-01,byouin,2026-08-01,https://www.fukushi.metro.tokyo.lg.jp/documents/d/fukushi/20260801_seishin_byouin-xlsx-xlsx
1931062,医療法人社団勇仁会北角診療所,174-0071,板橋区,板橋区常盤台３－３－１,03-3960-3617,2008-01-01,2026-01-01,byouin,2026-08-01,https://www.fukushi.metro.tokyo.lg.jp/documents/d/fukushi/20260801_seishin_byouin-xlsx-xlsx
1931245,医療法人社団智愛会板橋腎・リウマチ隼聖クリニック,173-0016,板橋区,板橋区中板橋２９－６,03-3964-0381,2026-05-01,,byouin,2026-08-01,https://www.fukushi.metro.tokyo.lg.jp/documents/d/fukushi/20260801_seishin_byouin-xlsx-xlsx
1931286,医療法人社団明芳会 板橋中央総合病院附属板橋セントラルクリニック,174-0051,板橋区,板橋区小豆沢２－１６－１５,03-3967-1268,2022-07-01,,byouin,2026-08-01,https://www.fukushi.metro.tokyo.lg.jp/documents/d/fukushi/20260801_seishin_byouin-xlsx-xlsx
1931401,医療法人社団翠会 こころのクリニック高島平,175-0082,板橋区,板橋区高島平９－３－１１　光グループビル,03-3559-0111,2007-04-01,2025-04-01,byouin,2026-08-01,https://www.fukushi.metro.tokyo.lg.jp/documents/d/fukushi/20260801_seishin_byouin-xlsx-xlsx
1931831,医療法人社団和親会 いわた医院,174-0043,板橋区,板橋区坂下１－３５－１７,03-3965-5070,2007-02-01,2025-02-01,byouin,2026-08-01,https://www.fukushi.metro.tokyo.lg.jp/documents/d/fukushi/20260801_seishin_byouin-xlsx-xlsx
1932169,三浦内科医院,174-0063,板橋区,板橋区前野町６－３４－１２　グレイス常盤台１階,03-5914-6178,2015-09-01,2021-09-01,byouin,2026-08-01,https://www.fukushi.metro.tokyo.lg.jp/documents/d/fukushi/20260801_seishin_byouin-xlsx-xlsx
1932318,板橋区役所前診療所,173-0013,板橋区,板橋区氷川町１－１２　コスモ・ディエース３階,03-5375-9031,2007-02-01,2025-02-01,byouin,2026-08-01,https://www.fukushi.metro.tokyo.lg.jp/documents/d/fukushi/20260801_seishin_byouin-xlsx-xlsx
1932458,医療法人社団仁恕会 メンタルクリニックいたばし,173-0004,板橋区,板橋区板橋１－２１－５　１階、２階,03-3961-9603,2007-01-01,2025-01-01,byouin,2026-08-01,https://www.fukushi.metro.tokyo.lg.jp/documents/d/fukushi/20260801_seishin_byouin-xlsx-xlsx
1932631,桑島大山内科医院,173-0023,板橋区,板橋区大山町１８－１３　桑島大山ビル,03-5926-8722,2024-04-01,,byouin,2026-08-01,https://www.fukushi.metro.tokyo.lg.jp/documents/d/fukushi/20260801_seishin_byouin-xlsx-xlsx
1932813,平成ホームクリニック,173-0036,板橋区,板橋区向原３－７－７　コーシャハイム向原７号棟２階,03-5926-4491,2014-05-01,2026-05-01,byouin,2026-08-01,https://www.fukushi.metro.tokyo.lg.jp/documents/d/fukushi/20260801_seishin_byouin-xlsx-xlsx
1932888,もちまる心療内科クリニック,175-0094,板橋区,板橋区成増２－１２－３　第二幸昇ビル３階,03-5968-5866,2014-06-01,2026-06-01,byouin,2026-08-01,https://www.fukushi.metro.tokyo.lg.jp/documents/d/fukushi/20260801_seishin_byouin-xlsx-xlsx
1933019,高島平メンタルクリニック,175-0082,板橋区,板橋区高島平８－１５－６　メゾン高橋１０５,03-6906-5235,2011-04-01,2023-04-01,byouin,2026-08-01,https://www.fukushi.metro.tokyo.lg.jp/documents/d/fukushi/20260801_seishin_byouin-xlsx-xlsx
1933035,赤塚メンタルクリニック,175-0092,板橋区,板橋区赤塚２－１－１４　入山プラザ４階４０１,03-3938-3337,2015-06-01,2021-06-01,byouin,2026-08-01,https://www.fukushi.metro.tokyo.lg.jp/documents/d/fukushi/20260801_seishin_byouin-xlsx-xlsx
1933258,医療法人社団焔やまと診療所,174-0074,板橋区,板橋区東新町１－２６－１４,03-5917-8061,2018-05-01,2024-05-01,byouin,2026-08-01,https://www.fukushi.metro.tokyo.lg.jp/documents/d/fukushi/20260801_seishin_byouin-xlsx-xlsx
1933407,板橋区役所前こどもクリニック,173-0004,板橋区,板橋区板橋３－１４－１　メディアコンプレックスビル１階,03-3963-1230,2017-07-01,2023-07-01,byouin,2026-08-01,https://www.fukushi.metro.tokyo.lg.jp/documents/d/fukushi/20260801_seishin_byouin-xlsx-xlsx
1933621,上板橋こころの診療所,174-0071,板橋区,板橋区常盤台４－３４－２　２階,03-5920-5560,2019-04-01,2025-04-01,byouin,2026-08-01,https://www.fukushi.metro.tokyo.lg.jp/documents/d/fukushi/20260801_seishin_byouin-xlsx-xlsx
1933738,医療法人社団Ｗｅｌｌｍｅｎｔａｌ ときわ台メンタルクリニック,174-0071,板橋区,板橋区常盤台２－６－４　梅屋ビル３階,03-3558-8890,2016-06-01,2022-06-01,byouin,2026-08-01,https://www.fukushi.metro.tokyo.lg.jp/documents/d/fukushi/20260801_seishin_byouin-xlsx-xlsx
1933753,東武練馬メンタルクリニック,175-0083,板橋区,板橋区徳丸３－１７－１サークルポーチビル３０２,03-6281-0745,2019-12-01,2025-12-01,byouin,2026-08-01,https://www.fukushi.metro.tokyo.lg.jp/documents/d/fukushi/20260801_seishin_byouin-xlsx-xlsx
1934157,大山こころのクリニック,173-0023,板橋区,板橋区大山町９－６　大山ＥＭＰビル４階,03-5995-5560,2022-05-01,,byouin,2026-08-01,https://www.fukushi.metro.tokyo.lg.jp/documents/d/fukushi/20260801_seishin_byouin-xlsx-xlsx
1934207,板橋ファミリークリニック,174-0071,板橋区,板橋区常盤台１－６５－７　いし本ビル２階,03-5970-9160,2007-01-01,2025-01-01,byouin,2026-08-01,https://www.fukushi.metro.tokyo.lg.jp/documents/d/fukushi/20260801_seishin_byouin-xlsx-xlsx
1934215,板橋北クリニック,175-0082,板橋区,板橋区高島平８－７－６　サンプレジエール２０２号,03-6281-0071,2022-06-01,,byouin,2026-08-01,https://www.fukushi.metro.tokyo.lg.jp/documents/d/fukushi/20260801_seishin_byouin-xlsx-xlsx
1934249,医療法人社団ＶＥＲＩＴＥ こころと眠りのクリニック成増,175-0094,板橋区,板橋区成増２－１７－１３　ヒューリック成増　２階　店舗２,03-3939-6666,2019-04-01,2025-04-01,byouin,2026-08-01,https://www.fukushi.metro.tokyo.lg.jp/documents/d/fukushi/20260801_seishin_byouin-xlsx-xlsx
1934298,プライムライフクリニック高島平,175-0082,板橋区,板橋区高島平８－１５－６　メゾン髙橋１０１号室,050-1743-3741,2025-09-01,,byouin,2026-08-01,https://www.fukushi.metro.tokyo.lg.jp/documents/d/fukushi/20260801_seishin_byouin-xlsx-xlsx
1934439,板橋区役所前メンタルクリニック,173-0004,板橋区,板橋区板橋２－６４－１３　Ｇ・Ｌ・Ｏ板橋４階,03-6909-6071,2023-09-01,,byouin,2026-08-01,https://www.fukushi.metro.tokyo.lg.jp/documents/d/fukushi/20260801_seishin_byouin-xlsx-xlsx
1934447,在宅クリニックはな,173-0014,板橋区,板橋区大山東町３２－１６　エスティメゾン板橋Ｃ６－２０１,03-6822-3448,2023-09-01,,byouin,2026-08-01,https://www.fukushi.metro.tokyo.lg.jp/documents/d/fukushi/20260801_seishin_byouin-xlsx-xlsx
1934470,ホームクリニックえにし成増,175-0094,板橋区,板橋区成増３－２２－１　成増３丁目ビル１階,03-6904-1315,2025-03-01,,byouin,2026-08-01,https://www.fukushi.metro.tokyo.lg.jp/documents/d/fukushi/20260801_seishin_byouin-xlsx-xlsx
1934538,おひさま在宅クリニック,174-0063,板橋区,板橋区前野町５－４４－１６　はなまるホーム北前野１階,03-5918-9750,2024-05-01,,byouin,2026-08-01,https://www.fukushi.metro.tokyo.lg.jp/documents/d/fukushi/20260801_seishin_byouin-xlsx-xlsx
1934603,医療法人社団琉神会のむら脳神経外科,175-0045,板橋区,板橋区西台３－２５－３,03-6906-6245,2021-11-01,,byouin,2026-08-01,https://www.fukushi.metro.tokyo.lg.jp/documents/d/fukushi/20260801_seishin_byouin-xlsx-xlsx
1934652,志村こころクリニック,174-0056,板橋区,板橋区志村３－７－１４　２０２,03-5918-9818,2024-10-01,,byouin,2026-08-01,https://www.fukushi.metro.tokyo.lg.jp/documents/d/fukushi/20260801_seishin_byouin-xlsx-xlsx
1934660,あさがおクリニック成増院,175-0094,板橋区,板橋区成増１－２８－９　成増第５シャトレ２０１号室,03-6820-0220,2025-11-01,,byouin,2026-08-01,https://www.fukushi.metro.tokyo.lg.jp/documents/d/fukushi/20260801_seishin_byouin-xlsx-xlsx
1934678,大山くまクリニック,173-0024,板橋区,板橋区大山金井町５６－１　オリックスビル４０１号,03-6874-7072,2024-09-01,,byouin,2026-08-01,https://www.fukushi.metro.tokyo.lg.jp/documents/d/fukushi/20260801_seishin_byouin-xlsx-xlsx
1934777,桜心クリニック,173-0023,板橋区,板橋区大山町１１－４　第３ルナマンション４０１,090-3376-0248,2025-07-01,,byouin,2026-08-01,https://www.fukushi.metro.tokyo.lg.jp/documents/d/fukushi/20260801_seishin_byouin-xlsx-xlsx
1934785,医療法人社団ＬｉｆｅＤｅｓｉｇｎ城西在宅クリニック・板橋,175-0093,板橋区,板橋区赤塚新町３－２５－４,03-6915-6786,2025-05-01,,byouin,2026-08-01,https://www.fukushi.metro.tokyo.lg.jp/documents/d/fukushi/20260801_seishin_byouin-xlsx-xlsx
1934793,医療法人社団ＰＡＮＤＡうえのとしあき脳神経クリニック板橋,173-0004,板橋区,板橋区板橋２－６７－５　アクロスキューブ板橋１階,03-6915-5104,2023-06-01,,byouin,2026-08-01,https://www.fukushi.metro.tokyo.lg.jp/documents/d/fukushi/20260801_seishin_byouin-xlsx-xlsx
1934926,医療法人社団平郁会みんなの在宅クリニック板橋,173-0003,板橋区,板橋区加賀２－７－１　グランアルト加賀１階,03-6327-0005,2025-11-01,,byouin,2026-08-01,https://www.fukushi.metro.tokyo.lg.jp/documents/d/fukushi/20260801_seishin_byouin-xlsx-xlsx
1934975,医療法人社団むすびむすび在宅クリニック,173-0037,板橋区,板橋区小茂根２－３１－１０　コアセブン１０２,03-5926-6886,2025-01-01,,byouin,2026-08-01,https://www.fukushi.metro.tokyo.lg.jp/documents/d/fukushi/20260801_seishin_byouin-xlsx-xlsx
1935006,とまり木クリニック,173-0004,板橋区,板橋区板橋１－１４－１０　ＭｅｄｉｃａｌＳｑｕａｒｅ板橋４階,03-6912-4371,2026-04-01,,byouin,2026-08-01,https://www.fukushi.metro.tokyo.lg.jp/documents/d/fukushi/20260801_seishin_byouin-xlsx-xlsx
1935048,エール訪問診療クリニック,173-0016,板橋区,板橋区中板橋２１－１６　２０１,03-6765-5016,2026-05-01,,byouin,2026-08-01,https://www.fukushi.metro.tokyo.lg.jp/documents/d/fukushi/20260801_seishin_byouin-xlsx-xlsx
1970862,東京都健康長寿医療センター,173-0015,板橋区,板橋区栄町３５－２,03-3964-1141,2007-02-01,2025-02-01,byouin,2026-08-01,https://www.fukushi.metro.tokyo.lg.jp/documents/d/fukushi/20260801_seishin_byouin-xlsx-xlsx
1970946,医療法人社団明芳会 高島平中央総合病院,175-0082,板橋区,板橋区高島平１－７３－１,03-3936-7451,2007-04-01,2025-04-01,byouin,2026-08-01,https://www.fukushi.metro.tokyo.lg.jp/documents/d/fukushi/20260801_seishin_byouin-xlsx-xlsx
1970953,医療法人社団清和昌綾会 飯沼病院,174-0071,板橋区,板橋区常盤台２－３３－１５,03-3960-0091,2007-01-01,2025-01-01,byouin,2026-08-01,https://www.fukushi.metro.tokyo.lg.jp/documents/d/fukushi/20260801_seishin_byouin-xlsx-xlsx
1971001,地方独立行政法人 東京都立病院機構 東京都立豊島病院,173-0015,板橋区,板橋区栄町３３－１,03-5375-1234,2007-02-01,2025-02-01,byouin,2026-08-01,https://www.fukushi.metro.tokyo.lg.jp/documents/d/fukushi/20260801_seishin_byouin-xlsx-xlsx
2011724,医療法人財団厚生協会 大泉病院,178-0061,練馬区,練馬区大泉学園町６－９－１,03-3924-2111,2007-01-01,2025-01-01,byouin,2026-08-01,https://www.fukushi.metro.tokyo.lg.jp/documents/d/fukushi/20260801_seishin_byouin-xlsx-xlsx
2015154,慈雲堂病院,177-0053,練馬区,練馬区関町南４－１４－５３,03-3928-6511,2007-01-01,2025-01-01,byouin,2026-08-01,https://www.fukushi.metro.tokyo.lg.jp/documents/d/fukushi/20260801_seishin_byouin-xlsx-xlsx
2027498,医療法人社団健志会 飯島医院,179-0072,練馬区,練馬区光が丘７－３－６－１０２,03-3976-6087,2019-12-01,2025-12-01,byouin,2026-08-01,https://www.fukushi.metro.tokyo.lg.jp/documents/d/fukushi/20260801_seishin_byouin-xlsx-xlsx
2028561,医療法人社団浩誠会 臼井医院,176-0024,練馬区,練馬区中村２－１６－８,03-3970-0210,2020-04-01,2026-04-01,byouin,2026-08-01,https://www.fukushi.metro.tokyo.lg.jp/documents/d/fukushi/20260801_seishin_byouin-xlsx-xlsx
2028959,医療法人社団 いとう小児科クリニック,179-0072,練馬区,練馬区光が丘３－７－１－１０１号,03-3979-2011,2007-03-01,2025-03-01,byouin,2026-08-01,https://www.fukushi.metro.tokyo.lg.jp/documents/d/fukushi/20260801_seishin_byouin-xlsx-xlsx
2029767,医療法人社団清真会 麦島内科クリニック,179-0082,練馬区,練馬区錦１－２１－１,03-3550-2256,2007-01-01,2025-01-01,byouin,2026-08-01,https://www.fukushi.metro.tokyo.lg.jp/documents/d/fukushi/20260801_seishin_byouin-xlsx-xlsx
2029973,高野台クリニック,177-0033,練馬区,練馬区高野台１－７－２０,03-5393-8883,2016-11-01,2022-11-01,byouin,2026-08-01,https://www.fukushi.metro.tokyo.lg.jp/documents/d/fukushi/20260801_seishin_byouin-xlsx-xlsx
2030591,医療法人社団晃仁会 内田クリニック,176-0012,練馬区,練馬区豊玉北５－７－１５,03-3948-7222,2007-01-01,2025-01-01,byouin,2026-08-01,https://www.fukushi.metro.tokyo.lg.jp/documents/d/fukushi/20260801_seishin_byouin-xlsx-xlsx
2031193,医療法人社団仁風会 青葉クリニック,177-0053,練馬区,練馬区関町南１－１－２４,03-3920-1111,2007-01-01,2025-01-01,byouin,2026-08-01,https://www.fukushi.metro.tokyo.lg.jp/documents/d/fukushi/20260801_seishin_byouin-xlsx-xlsx
2031375,医療法人社団憲希会 藤野医院,178-0061,練馬区,練馬区大泉学園町６－１－３７,03-3978-9223,2007-01-01,2025-01-01,byouin,2026-08-01,https://www.fukushi.metro.tokyo.lg.jp/documents/d/fukushi/20260801_seishin_byouin-xlsx-xlsx
2031805,医療法人社団慶誠会 佐々木医院,176-0012,練馬区,練馬区豊玉北４－８－１４,03-3993-0302,2007-01-01,2025-01-01,byouin,2026-08-01,https://www.fukushi.metro.tokyo.lg.jp/documents/d/fukushi/20260801_seishin_byouin-xlsx-xlsx
2032480,とよたまこころの診療所,176-0012,練馬区,練馬区豊玉北５－１７－４,03-5912-5671,2007-01-01,2025-01-01,byouin,2026-08-01,https://www.fukushi.metro.tokyo.lg.jp/documents/d/fukushi/20260801_seishin_byouin-xlsx-xlsx
2032639,医療法人社団横山三慶会 橋本クリニック,178-0063,練馬区,練馬区東大泉１－１９－３５　三慶ビル１階,03-3925-1114,2008-04-01,2026-04-01,byouin,2026-08-01,https://www.fukushi.metro.tokyo.lg.jp/documents/d/fukushi/20260801_seishin_byouin-xlsx-xlsx
2032910,医療法人社団交友会 氷川台内科クリニック,179-0084,練馬区,練馬区氷川台３－３９－１２,03-5912-5700,2008-05-01,2026-05-01,byouin,2026-08-01,https://www.fukushi.metro.tokyo.lg.jp/documents/d/fukushi/20260801_seishin_byouin-xlsx-xlsx
2032936,桜台診療所,176-0002,練馬区,練馬区桜台１－７－５　吉本ビル１階,03-3993-0305,2007-01-01,2025-01-01,byouin,2026-08-01,https://www.fukushi.metro.tokyo.lg.jp/documents/d/fukushi/20260801_seishin_byouin-xlsx-xlsx
2033009,入倉クリニック,178-0061,練馬区,練馬区大泉学園町７－１０－２８,03-3867-4190,2007-02-01,2025-02-01,byouin,2026-08-01,https://www.fukushi.metro.tokyo.lg.jp/documents/d/fukushi/20260801_seishin_byouin-xlsx-xlsx
2033025,ねりま発達クリニック,177-0044,練馬区,練馬区上石神井２－３０－６,03-5809-4133,2007-01-01,2025-01-01,byouin,2026-08-01,https://www.fukushi.metro.tokyo.lg.jp/documents/d/fukushi/20260801_seishin_byouin-xlsx-xlsx
2033199,医療法人財団厚生協会 大泉メンタルクリニック,178-0063,練馬区,練馬区東大泉１－３０－７　瀧島ビル３階,03-5905-7750,2007-01-01,2025-01-01,byouin,2026-08-01,https://www.fukushi.metro.tokyo.lg.jp/documents/d/fukushi/20260801_seishin_byouin-xlsx-xlsx
2033454,すみ医院,176-0021,練馬区,練馬区貫井１－５－９,03-3999-7321,2006-11-01,2024-11-01,byouin,2026-08-01,https://www.fukushi.metro.tokyo.lg.jp/documents/d/fukushi/20260801_seishin_byouin-xlsx-xlsx
2033595,医療法人社団柔和会 藤澤こどもクリニック,176-0012,練馬区,練馬区豊玉北６－６－６,03-3557-7950,2007-02-01,2025-02-01,byouin,2026-08-01,https://www.fukushi.metro.tokyo.lg.jp/documents/d/fukushi/20260801_seishin_byouin-xlsx-xlsx
2033603,医療法人社団清美会 宮園内科クリニック,179-0075,練馬区,練馬区高松１－４２－２０,03-3825-1001,2007-09-01,2025-09-01,byouin,2026-08-01,https://www.fukushi.metro.tokyo.lg.jp/documents/d/fukushi/20260801_seishin_byouin-xlsx-xlsx
2033801,医療法人社団ヅーフハルマ 中村医院,177-0032,練馬区,練馬区谷原２－１１－５,03-3997-0250,2009-03-01,2021-03-01,byouin,2026-08-01,https://www.fukushi.metro.tokyo.lg.jp/documents/d/fukushi/20260801_seishin_byouin-xlsx-xlsx
2033850,ぶどうの木クリニック,176-0001,練馬区,練馬区練馬１－２６－１０　グランチノ１階,03-6659-6055,2014-05-01,2026-05-01,byouin,2026-08-01,https://www.fukushi.metro.tokyo.lg.jp/documents/d/fukushi/20260801_seishin_byouin-xlsx-xlsx
2033926,佐藤神経内科診療所,177-0034,練馬区,練馬区富士見台２－３１－２３　セピアメゾン１階,03-5971-8780,2008-04-01,2026-04-01,byouin,2026-08-01,https://www.fukushi.metro.tokyo.lg.jp/documents/d/fukushi/20260801_seishin_byouin-xlsx-xlsx
2034106,おおぐちこどもクリニック,179-0074,練馬区,練馬区春日町５－３３－３０－１Ｆ,03-5971-9009,2020-04-01,2026-04-01,byouin,2026-08-01,https://www.fukushi.metro.tokyo.lg.jp/documents/d/fukushi/20260801_seishin_byouin-xlsx-xlsx
2034122,木原クリニック,177-0051,練馬区,練馬区関町北４－４－４,03-5903-9077,2009-05-01,2021-05-01,byouin,2026-08-01,https://www.fukushi.metro.tokyo.lg.jp/documents/d/fukushi/20260801_seishin_byouin-xlsx-xlsx
2034874,くどうクローバークリニック,177-0051,練馬区,練馬区関町北２－２６－１７－１０１,03-5903-5070,2014-12-01,2020-12-01,byouin,2026-08-01,https://www.fukushi.metro.tokyo.lg.jp/documents/d/fukushi/20260801_seishin_byouin-xlsx-xlsx
2034940,医療法人社団輝恭会 いしい脳神経外科・内科クリニック,179-0073,練馬区,練馬区田柄５－２０－２０　ヴィルドミール光が丘１０１,03-5971-8555,2009-02-01,2021-02-01,byouin,2026-08-01,https://www.fukushi.metro.tokyo.lg.jp/documents/d/fukushi/20260801_seishin_byouin-xlsx-xlsx
2035038,ねりま西クリニック,178-0062,練馬区,練馬区大泉町３－２－９,03-5933-3077,2016-09-01,2022-09-01,byouin,2026-08-01,https://www.fukushi.metro.tokyo.lg.jp/documents/d/fukushi/20260801_seishin_byouin-xlsx-xlsx
2035053,医療法人社団カタクリ会 結城クリニック,177-0041,練馬区,練馬区石神井町２－３２－８,03-3995-8701,2020-12-01,,byouin,2026-08-01,https://www.fukushi.metro.tokyo.lg.jp/documents/d/fukushi/20260801_seishin_byouin-xlsx-xlsx
2035129,メグ・マグノリアクリニック,178-0062,練馬区,練馬区大泉町１－５４－１５,03-5947-6260,2016-05-01,2022-05-01,byouin,2026-08-01,https://www.fukushi.metro.tokyo.lg.jp/documents/d/fukushi/20260801_seishin_byouin-xlsx-xlsx
2035285,医療法人社団一修会 富田いきいきクリニック,177-0051,練馬区,練馬区関町北４－４－１７,03-3928-2781,2009-10-01,2021-10-01,byouin,2026-08-01,https://www.fukushi.metro.tokyo.lg.jp/documents/d/fukushi/20260801_seishin_byouin-xlsx-xlsx
2035293,医療法人社団日月会 練馬南口ストレスケアクリニック,176-0012,練馬区,練馬区豊玉北５－１９－１３　栗原ビル３階,03-5912-8570,2010-04-01,2022-04-01,byouin,2026-08-01,https://www.fukushi.metro.tokyo.lg.jp/documents/d/fukushi/20260801_seishin_byouin-xlsx-xlsx
2035467,石神井公園ひろクリニック,177-0041,練馬区,練馬区石神井町３－３０－３　岡本ビル１階,03-5923-7202,2014-05-01,2026-05-01,byouin,2026-08-01,https://www.fukushi.metro.tokyo.lg.jp/documents/d/fukushi/20260801_seishin_byouin-xlsx-xlsx
2035517,わだファミリークリニック,177-0035,練馬区,練馬区南田中３－７－２９,03-6915-9156,2014-07-01,2026-07-01,byouin,2026-08-01,https://www.fukushi.metro.tokyo.lg.jp/documents/d/fukushi/20260801_seishin_byouin-xlsx-xlsx
2035624,双泉会クリニックねりま,177-0033,練馬区,練馬区高野台５－１３－７　チャームスイート石神井公園１階,03-5923-0877,2021-12-01,,byouin,2026-08-01,https://www.fukushi.metro.tokyo.lg.jp/documents/d/fukushi/20260801_seishin_byouin-xlsx-xlsx
2035632,佐藤メンタルクリニック,176-0006,練馬区,練馬区栄町３４－７　クインズコート２０１,03-3557-8363,2007-01-01,2025-01-01,byouin,2026-08-01,https://www.fukushi.metro.tokyo.lg.jp/documents/d/fukushi/20260801_seishin_byouin-xlsx-xlsx
2035715,すみれホームケアクリニック,177-0031,練馬区,練馬区三原台３－２６－１４ポレール石神井４０３,03-6904-5828,2021-03-01,,byouin,2026-08-01,https://www.fukushi.metro.tokyo.lg.jp/documents/d/fukushi/20260801_seishin_byouin-xlsx-xlsx
2035830,祐ホームクリニック平和台,179-0083,練馬区,練馬区平和台４－２５－１２　七海ビル２階,050-3684-9127,2015-11-01,2021-11-01,byouin,2026-08-01,https://www.fukushi.metro.tokyo.lg.jp/documents/d/fukushi/20260801_seishin_byouin-xlsx-xlsx
2035996,練馬東クリニック,176-0012,練馬区,練馬区豊玉北５－１４－６　新練馬ビル４階,03-5946-2727,2008-01-01,2026-01-01,byouin,2026-08-01,https://www.fukushi.metro.tokyo.lg.jp/documents/d/fukushi/20260801_seishin_byouin-xlsx-xlsx
2036028,かわはらメンタルクリニック,179-0075,練馬区,練馬区高松５－１８－４　サンフラワー大門光が丘１階,03-6913-1523,2016-05-01,2022-05-01,byouin,2026-08-01,https://www.fukushi.metro.tokyo.lg.jp/documents/d/fukushi/20260801_seishin_byouin-xlsx-xlsx
2036051,医療法人社団翠会 こころのクリニック石神井,177-0041,練馬区,練馬区石神井町４－３－１６－１０１,03-3997-3070,2007-01-01,2025-01-01,byouin,2026-08-01,https://www.fukushi.metro.tokyo.lg.jp/documents/d/fukushi/20260801_seishin_byouin-xlsx-xlsx
2036093,医療法人社団 健寿の樹 きくかわクリニック糖尿病内科・老年内科,179-0072,練馬区,練馬区光が丘３－９－２　ＩＭＡ南館２階,03-6909-8528,2021-06-01,,byouin,2026-08-01,https://www.fukushi.metro.tokyo.lg.jp/documents/d/fukushi/20260801_seishin_byouin-xlsx-xlsx
2036275,小竹向原こころのクリニック,176-0004,練馬区,練馬区小竹町２－３－１　Ｇｒａｎｄｅ　Ｋｏｔａｋｅ　２階,03-3957-7070,2017-04-01,2023-04-01,byouin,2026-08-01,https://www.fukushi.metro.tokyo.lg.jp/documents/d/fukushi/20260801_seishin_byouin-xlsx-xlsx
2036382,江古田みずのクリニック,176-0006,練馬区,練馬区栄町３２－１３　スワースモアＮ１階,03-6914-6475,2017-07-01,2023-07-01,byouin,2026-08-01,https://www.fukushi.metro.tokyo.lg.jp/documents/d/fukushi/20260801_seishin_byouin-xlsx-xlsx
2036531,医療法人社団悠翔会 悠翔会くらしケアクリニック練馬,176-0003,練馬区,練馬区羽沢１－２２－１１,03-6914-8008,2018-05-01,2024-05-01,byouin,2026-08-01,https://www.fukushi.metro.tokyo.lg.jp/documents/d/fukushi/20260801_seishin_byouin-xlsx-xlsx
2036606,練馬駅前メンタルクリニック,176-0001,練馬区,練馬区練馬１－２－５　光運ビル４階,03-3557-2421,2015-11-01,2021-11-01,byouin,2026-08-01,https://www.fukushi.metro.tokyo.lg.jp/documents/d/fukushi/20260801_seishin_byouin-xlsx-xlsx
2036671,ローズメンタルクリニック,176-0001,練馬区,練馬区練馬１－６－８メディカＮＥＲＩＭＡ,03-6914-6027,2018-10-01,2024-10-01,byouin,2026-08-01,https://www.fukushi.metro.tokyo.lg.jp/documents/d/fukushi/20260801_seishin_byouin-xlsx-xlsx
2036820,医療法人社団緑の森 さくらクリニック練馬,176-0012,練馬区,練馬区豊玉北５－７－４　鈴木ビル１階,03-6914-6551,2019-06-01,2025-06-01,byouin,2026-08-01,https://www.fukushi.metro.tokyo.lg.jp/documents/d/fukushi/20260801_seishin_byouin-xlsx-xlsx
2036846,新島小児クリニック,177-0041,練馬区,練馬区石神井町３－２７－２３　３階,03-3997-6000,2019-05-01,2025-05-01,byouin,2026-08-01,https://www.fukushi.metro.tokyo.lg.jp/documents/d/fukushi/20260801_seishin_byouin-xlsx-xlsx
2036952,アロハメンタルクリニック,176-0021,練馬区,練馬区貫井３－１１－１２　ジョイントヒルズ１Ｆ,03-5848-4810,2019-09-01,2025-09-01,byouin,2026-08-01,https://www.fukushi.metro.tokyo.lg.jp/documents/d/fukushi/20260801_seishin_byouin-xlsx-xlsx
2037059,へいわだいメンタルクリニック,179-0083,練馬区,練馬区平和台４－２４－８　ラ・フォンテーヌ・デュ・ボナールⅠ１階,03-6913-0544,2020-02-01,,byouin,2026-08-01,https://www.fukushi.metro.tokyo.lg.jp/documents/d/fukushi/20260801_seishin_byouin-xlsx-xlsx
2037307,医療法人社団順政会 はたクリニック,176-0025,練馬区,練馬区中村南１－１５－１６,03-3926-2355,2008-01-01,2026-01-01,byouin,2026-08-01,https://www.fukushi.metro.tokyo.lg.jp/documents/d/fukushi/20260801_seishin_byouin-xlsx-xlsx
2037455,よしなが在宅クリニック,176-0021,練馬区,練馬区貫井２－２７－２３　パラドール中村橋１０１,03-5848-9501,2023-02-01,,byouin,2026-08-01,https://www.fukushi.metro.tokyo.lg.jp/documents/d/fukushi/20260801_seishin_byouin-xlsx-xlsx
2037497,上石神井メンタルクリニック,177-0044,練馬区,練馬区上石神井１－１７－１８　メゾン・ド・ティグールＶ　１階,03-6904-7167,2021-06-01,,byouin,2026-08-01,https://www.fukushi.metro.tokyo.lg.jp/documents/d/fukushi/20260801_seishin_byouin-xlsx-xlsx
2037539,医療法人社団慶裕会 石神井公園クリニック,177-0041,練馬区,練馬区石神井町３－２０－１７　K.Mスクエアビル８階,03-3997-7323,2007-01-01,2025-01-01,byouin,2026-08-01,https://www.fukushi.metro.tokyo.lg.jp/documents/d/fukushi/20260801_seishin_byouin-xlsx-xlsx
2037661,早宮クリニック,179-0085,練馬区,練馬区早宮２－２－８,03-5939-8838,2022-01-01,,byouin,2026-08-01,https://www.fukushi.metro.tokyo.lg.jp/documents/d/fukushi/20260801_seishin_byouin-xlsx-xlsx
2037745,医療法人社団 健寿の樹 きくかわクリニック 東館分院内科・老年内科,179-0072,練馬区,練馬区光が丘２－１０－２　光が丘ＩＭＡ東館２階,03-6909-8528,2022-06-01,,byouin,2026-08-01,https://www.fukushi.metro.tokyo.lg.jp/documents/d/fukushi/20260801_seishin_byouin-xlsx-xlsx
2037752,こもれびクリニック,176-0005,練馬区,練馬区旭丘１－７６－８　ＲＥＳＴＡ　Ｅｋｏｄａ５階,03-5983-7711,2022-06-01,,byouin,2026-08-01,https://www.fukushi.metro.tokyo.lg.jp/documents/d/fukushi/20260801_seishin_byouin-xlsx-xlsx
2037869,よつ葉医院 上井草,177-0042,練馬区,練馬区下石神井４－１２－１３　ヴィラ西脇１Ｆ医院,03-5910-2077,2023-01-01,,byouin,2026-08-01,https://www.fukushi.metro.tokyo.lg.jp/documents/d/fukushi/20260801_seishin_byouin-xlsx-xlsx
2037885,医療法人社団皆吉会富士見台通りクリニック,176-0021,練馬区,練馬区貫井３－２－５　ＨＯＲＩＥ・ＢＵＩＬＤＩＮＧ３階,03-5848-2370,2025-06-01,,byouin,2026-08-01,https://www.fukushi.metro.tokyo.lg.jp/documents/d/fukushi/20260801_seishin_byouin-xlsx-xlsx
2037893,医療法人社団嘉例会大泉学園ふれあいクリニック,178-0061,練馬区,練馬区大泉学園町６－１９－３８,03-5933-2078,2016-12-01,2022-12-01,byouin,2026-08-01,https://www.fukushi.metro.tokyo.lg.jp/documents/d/fukushi/20260801_seishin_byouin-xlsx-xlsx
2038073,医療法人社団ＬｉｆｅＤｅｓｉｇｎ城西在宅クリニック・練馬,176-0012,練馬区,練馬区豊玉北５－４－３　サンオーザ豊玉１０１,03-4560-1122,2022-03-01,,byouin,2026-08-01,https://www.fukushi.metro.tokyo.lg.jp/documents/d/fukushi/20260801_seishin_byouin-xlsx-xlsx
2038131,れいわ練馬クリニック,179-0081,練馬区,練馬区北町１－３０－１　アーバンハイツＮＯＡ弐番館２階,03-6906-9152,2025-03-01,,byouin,2026-08-01,https://www.fukushi.metro.tokyo.lg.jp/documents/d/fukushi/20260801_seishin_byouin-xlsx-xlsx
2038156,上石神井もりもと脳神経外科,177-0044,練馬区,練馬区上石神井２－２３－２０　上石神井フラワーメディカルモール１階及び２階,03-5903-8216,2025-08-01,,byouin,2026-08-01,https://www.fukushi.metro.tokyo.lg.jp/documents/d/fukushi/20260801_seishin_byouin-xlsx-xlsx
2038180,なのはな診療所,179-0081,練馬区,練馬区北町６－３１－１　２階,03-6909-7155,2024-08-01,,byouin,2026-08-01,https://www.fukushi.metro.tokyo.lg.jp/documents/d/fukushi/20260801_seishin_byouin-xlsx-xlsx
2038206,中村橋メンタルクリニック,176-0023,練馬区,練馬区中村北４－１９－１３　メディック中村橋２階,03-5971-3639,2018-05-01,2024-05-01,byouin,2026-08-01,https://www.fukushi.metro.tokyo.lg.jp/documents/d/fukushi/20260801_seishin_byouin-xlsx-xlsx
2038263,Ｌ＆Ｐクリニック練馬院,178-0062,練馬区,練馬区大泉町１－２８－２,03-3924-0101,2025-08-01,,byouin,2026-08-01,https://www.fukushi.metro.tokyo.lg.jp/documents/d/fukushi/20260801_seishin_byouin-xlsx-xlsx
2038271,城北さくらクリニック,176-0001,練馬区,練馬区練馬１－１８－８　犬丸ビル３階,03-5912-0203,2023-03-01,,byouin,2026-08-01,https://www.fukushi.metro.tokyo.lg.jp/documents/d/fukushi/20260801_seishin_byouin-xlsx-xlsx
2038305,医療法人社団焔やまと診療所練馬,179-0074,練馬区,練馬区春日町４－７－２,03-5926-4805,2025-04-01,,byouin,2026-08-01,https://www.fukushi.metro.tokyo.lg.jp/documents/d/fukushi/20260801_seishin_byouin-xlsx-xlsx
2038313,こころのクリニックひだまり,176-0002,練馬区,練馬区桜台１－８－１　高橋ビル２階,03-5838-5788,2025-04-01,,byouin,2026-08-01,https://www.fukushi.metro.tokyo.lg.jp/documents/d/fukushi/20260801_seishin_byouin-xlsx-xlsx
2038347,あおいクリニック,176-0002,練馬区,練馬区桜台１－４－１　クォータービル２０３,03-5838-5770,2025-02-01,,byouin,2026-08-01,https://www.fukushi.metro.tokyo.lg.jp/documents/d/fukushi/20260801_seishin_byouin-xlsx-xlsx
2038354,ホームクリニックえにし,177-0041,練馬区,練馬区石神井町７－１－２　伊藤マンション１階,03-6913-2080,2018-09-01,2024-09-01,byouin,2026-08-01,https://www.fukushi.metro.tokyo.lg.jp/documents/d/fukushi/20260801_seishin_byouin-xlsx-xlsx
2038438,りょうま在宅診療所,178-0065,練馬区,練馬区西大泉３－１１－４　丸福ビル１階東号室,03-5935-9508,2025-05-01,,byouin,2026-08-01,https://www.fukushi.metro.tokyo.lg.jp/documents/d/fukushi/20260801_seishin_byouin-xlsx-xlsx
2038461,武蔵関こころの診療所,177-0051,練馬区,練馬区関町北４－４－４　平岩ビル２０２,070-8988-1689,2025-07-01,,byouin,2026-08-01,https://www.fukushi.metro.tokyo.lg.jp/documents/d/fukushi/20260801_seishin_byouin-xlsx-xlsx
2038487,医療法人社団天貝会あまがいメンタルクリニック練馬,176-0001,練馬区,練馬区練馬１－２２－１０　エレガンス練馬１階,03-5912-5363,2021-03-01,,byouin,2026-08-01,https://www.fukushi.metro.tokyo.lg.jp/documents/d/fukushi/20260801_seishin_byouin-xlsx-xlsx
2038537,医療法人社団健功会 山川クリニック,178-0063,練馬区,練馬区東大泉７－３６－１９,03-3867-1885,2007-12-01,2025-12-01,byouin,2026-08-01,https://www.fukushi.metro.tokyo.lg.jp/documents/d/fukushi/20260801_seishin_byouin-xlsx-xlsx
2038636,医療法人社団千歳会新桜台駅前脳神経外科・内科クリニック,176-0002,練馬区,練馬区桜台１－２８－８　シースリーモール新桜台２階－３,03-6914-7703,2023-07-01,,byouin,2026-08-01,https://www.fukushi.metro.tokyo.lg.jp/documents/d/fukushi/20260801_seishin_byouin-xlsx-xlsx
2038701,光が丘こころクリニック,179-0073,練馬区,練馬区田柄５－２７－６　プリー光が丘２階,03-3999-7735,2007-01-01,2025-01-01,byouin,2026-08-01,https://www.fukushi.metro.tokyo.lg.jp/documents/d/fukushi/20260801_seishin_byouin-xlsx-xlsx
2038735,大泉学園こころのクリニック,178-0063,練馬区,練馬区東大泉１－３７－１３　和田第２ビル２階,03-3923-0556,2026-04-01,,byouin,2026-08-01,https://www.fukushi.metro.tokyo.lg.jp/documents/d/fukushi/20260801_seishin_byouin-xlsx-xlsx
2038784,ケルソンファミリークリニック,178-0061,練馬区,練馬区大泉学園町５－６－２２,03-6904-4930,2026-06-01,,byouin,2026-08-01,https://www.fukushi.metro.tokyo.lg.jp/documents/d/fukushi/20260801_seishin_byouin-xlsx-xlsx
2070027,医療法人社団千秋会田中吉祥寺病院,177-0053,練馬区,練馬区関町南３－９－２３,03-3920-6263,2007-01-01,2025-01-01,byouin,2026-08-01,https://www.fukushi.metro.tokyo.lg.jp/documents/d/fukushi/20260801_seishin_byouin-xlsx-xlsx
2070886,練馬さくら病院,179-0081,練馬区,練馬区北町３－７－１９,03-3931-1101,2007-02-01,2025-02-01,byouin,2026-08-01,https://www.fukushi.metro.tokyo.lg.jp/documents/d/fukushi/20260801_seishin_byouin-xlsx-xlsx
2070894,東京保健生活協同組合 大泉生協病院,178-0063,練馬区,練馬区東大泉６－３－３,03-5387-3111,2007-01-01,2025-01-01,byouin,2026-08-01,https://www.fukushi.metro.tokyo.lg.jp/documents/d/fukushi/20260801_seishin_byouin-xlsx-xlsx
2070928,順天堂大学医学部附属練馬病院,177-0033,練馬区,練馬区高野台３－１－１０,03-5923-3111,2007-01-01,2025-01-01,byouin,2026-08-01,https://www.fukushi.metro.tokyo.lg.jp/documents/d/fukushi/20260801_seishin_byouin-xlsx-xlsx
2070936,公益財団法人東京都医療保健協会練馬総合病院,176-8530,練馬区,練馬区旭丘１－２４－１,03-5988-2200,2025-05-01,,byouin,2026-08-01,https://www.fukushi.metro.tokyo.lg.jp/documents/d/fukushi/20260801_seishin_byouin-xlsx-xlsx
2070977,医療法人社団翠会 陽和病院,178-0062,練馬区,練馬区大泉町２－１７－１,03-3923-0221,2019-05-01,2025-05-01,byouin,2026-08-01,https://www.fukushi.metro.tokyo.lg.jp/documents/d/fukushi/20260801_seishin_byouin-xlsx-xlsx
2071009,公益社団法人地域医療振興協会練馬光が丘病院,179-0072,練馬区,練馬区光が丘２－５－１,03-3979-3611,2012-04-01,2024-04-01,byouin,2026-08-01,https://www.fukushi.metro.tokyo.lg.jp/documents/d/fukushi/20260801_seishin_byouin-xlsx-xlsx
2112183,医療法人財団 梅田病院,123-0851,足立区,足立区梅田７－１－２,03-3840-4511,2007-02-01,2025-02-01,byouin,2026-08-01,https://www.fukushi.metro.tokyo.lg.jp/documents/d/fukushi/20260801_seishin_byouin-xlsx-xlsx
2112233,医療法人財団厚生協会 東京足立病院,121-0064,足立区,足立区保木間５－２３－２０,03-3883-6331,2007-01-01,2025-01-01,byouin,2026-08-01,https://www.fukushi.metro.tokyo.lg.jp/documents/d/fukushi/20260801_seishin_byouin-xlsx-xlsx
2112241,医療法人社団苑田会愛里病院,120-0025,足立区,足立区千住東１－２０－１２,03-3888-7721,2016-01-01,2022-01-01,byouin,2026-08-01,https://www.fukushi.metro.tokyo.lg.jp/documents/d/fukushi/20260801_seishin_byouin-xlsx-xlsx
2112258,医療法人社団八葉会 大石記念病院,123-0841,足立区,足立区西新井本町２－２３－１,03-3898-7471,2006-11-01,2024-11-01,byouin,2026-08-01,https://www.fukushi.metro.tokyo.lg.jp/documents/d/fukushi/20260801_seishin_byouin-xlsx-xlsx
2112308,社会福祉法人 勝楽堂病院,120-0032,足立区,足立区千住柳町５－１,03-3881-0138,2007-01-01,2025-01-01,byouin,2026-08-01,https://www.fukushi.metro.tokyo.lg.jp/documents/d/fukushi/20260801_seishin_byouin-xlsx-xlsx
2116846,医療法人社団大和会 大内病院,123-0841,足立区,足立区西新井５－４１－１,03-3890-1306,2007-01-01,2025-01-01,byouin,2026-08-01,https://www.fukushi.metro.tokyo.lg.jp/documents/d/fukushi/20260801_seishin_byouin-xlsx-xlsx
2117661,博慈会記念総合病院,123-0864,足立区,足立区鹿浜５－１１－１,03-3899-1311,2007-04-01,2025-04-01,byouin,2026-08-01,https://www.fukushi.metro.tokyo.lg.jp/documents/d/fukushi/20260801_seishin_byouin-xlsx-xlsx
2119378,医療法人社団綾瀬病院,120-0005,足立区,足立区綾瀬６－３－１,03-3605-3319,2007-01-01,2025-01-01,byouin,2026-08-01,https://www.fukushi.metro.tokyo.lg.jp/documents/d/fukushi/20260801_seishin_byouin-xlsx-xlsx
2120665,高橋医院,121-0823,足立区,足立区伊興４－１－２９,03-3899-1323,2007-01-01,2025-01-01,byouin,2026-08-01,https://www.fukushi.metro.tokyo.lg.jp/documents/d/fukushi/20260801_seishin_byouin-xlsx-xlsx
2124170,東京都立北療育医療センター城北分園,121-0062,足立区,足立区南花畑５－１０－１,03-3883-5131,2007-01-01,2025-01-01,byouin,2026-08-01,https://www.fukushi.metro.tokyo.lg.jp/documents/d/fukushi/20260801_seishin_byouin-xlsx-xlsx
2125722,森川医院,123-0852,足立区,足立区関原１－８－１０,03-3886-2835,2007-02-01,2025-02-01,byouin,2026-08-01,https://www.fukushi.metro.tokyo.lg.jp/documents/d/fukushi/20260801_seishin_byouin-xlsx-xlsx
2125870,足立医療生活協同組合綾瀬駅前診療所,120-0005,足立区,足立区綾瀬４－９－２４　大室ビル３０１,03-3629-5841,2007-01-01,2025-01-01,byouin,2026-08-01,https://www.fukushi.metro.tokyo.lg.jp/documents/d/fukushi/20260801_seishin_byouin-xlsx-xlsx
2126811,医療法人財団ひこばえ会 セツルメント診療所,120-0003,足立区,足立区東和４－２０－７,03-3605-7747,2007-01-01,2025-01-01,byouin,2026-08-01,https://www.fukushi.metro.tokyo.lg.jp/documents/d/fukushi/20260801_seishin_byouin-xlsx-xlsx
2128502,医療法人社団博志会 もろさわクリニック,123-0852,足立区,足立区関原３－２３－１９,03-5681-0757,2007-02-01,2025-02-01,byouin,2026-08-01,https://www.fukushi.metro.tokyo.lg.jp/documents/d/fukushi/20260801_seishin_byouin-xlsx-xlsx
2128585,花畑たむら内科,121-0061,足立区,足立区花畑４－２３－１６,03-3883-6180,2019-03-01,2025-03-01,byouin,2026-08-01,https://www.fukushi.metro.tokyo.lg.jp/documents/d/fukushi/20260801_seishin_byouin-xlsx-xlsx
2128627,医療法人社団福寿会 梅田診療所,123-0851,足立区,足立区梅田８－１２－１０,03-5681-5020,2022-11-01,,byouin,2026-08-01,https://www.fukushi.metro.tokyo.lg.jp/documents/d/fukushi/20260801_seishin_byouin-xlsx-xlsx
2129112,医療法人社団 梅津クリニック,120-0005,足立区,足立区綾瀬３－１５－２０　遠藤ビル２階,03-5616-8214,2007-03-01,2025-03-01,byouin,2026-08-01,https://www.fukushi.metro.tokyo.lg.jp/documents/d/fukushi/20260801_seishin_byouin-xlsx-xlsx
2129195,医療法人社団あすは会 東伊興クリニック,121-0801,足立区,足立区東伊興３－２１－３,03-5691-7077,2007-01-01,2025-01-01,byouin,2026-08-01,https://www.fukushi.metro.tokyo.lg.jp/documents/d/fukushi/20260801_seishin_byouin-xlsx-xlsx
2129245,医療法人社団成仁医院,120-0002,足立区,足立区中川４－２９－１２,050-3734-5021,2007-01-01,2025-01-01,byouin,2026-08-01,https://www.fukushi.metro.tokyo.lg.jp/documents/d/fukushi/20260801_seishin_byouin-xlsx-xlsx
2129310,医療法人社団泰仁会 北川医院,120-0037,足立区,足立区千住河原町２２－６,03-3881-0364,2009-10-01,2021-10-01,byouin,2026-08-01,https://www.fukushi.metro.tokyo.lg.jp/documents/d/fukushi/20260801_seishin_byouin-xlsx-xlsx
2129526,医療法人社団容生会 ほきまクリニック,121-0064,足立区,足立区保木間１－３７－２０,03-5831-3550,2007-01-01,2025-01-01,byouin,2026-08-01,https://www.fukushi.metro.tokyo.lg.jp/documents/d/fukushi/20260801_seishin_byouin-xlsx-xlsx
2129625,医療法人社団江誠会 大久保病院,123-0872,足立区,足立区江北４－１６－１４,03-3890-0461,2021-12-01,,byouin,2026-08-01,https://www.fukushi.metro.tokyo.lg.jp/documents/d/fukushi/20260801_seishin_byouin-xlsx-xlsx
2129914,医療法人社団苑風会 さくらクリニック,121-0075,足立区,足立区一ツ家１－１５－１０,03-3859-2712,2007-02-01,2025-02-01,byouin,2026-08-01,https://www.fukushi.metro.tokyo.lg.jp/documents/d/fukushi/20260801_seishin_byouin-xlsx-xlsx
2129955,東京ほくと医療生活協同組合 江北生協診療所,123-0872,足立区,足立区江北２－２４－１,03-3857-6636,2007-01-01,2025-01-01,byouin,2026-08-01,https://www.fukushi.metro.tokyo.lg.jp/documents/d/fukushi/20260801_seishin_byouin-xlsx-xlsx
2129963,鹿浜診療所,123-0865,足立区,足立区新田２－４－１５,03-3912-8491,2007-01-01,2025-01-01,byouin,2026-08-01,https://www.fukushi.metro.tokyo.lg.jp/documents/d/fukushi/20260801_seishin_byouin-xlsx-xlsx
2130235,医療法人社団 鶏頭会 安藤クリニック,121-0812,足立区,足立区西保木間２－５－１２　１階,03-5686-7501,2012-06-01,2024-06-01,byouin,2026-08-01,https://www.fukushi.metro.tokyo.lg.jp/documents/d/fukushi/20260801_seishin_byouin-xlsx-xlsx
2130342,北足立生協診療所,121-0836,足立区,足立区入谷３－１－５,03-3896-9971,2007-01-01,2025-01-01,byouin,2026-08-01,https://www.fukushi.metro.tokyo.lg.jp/documents/d/fukushi/20260801_seishin_byouin-xlsx-xlsx
2130474,医療法人社団 佐野内科クリニック,120-0026,足立区,足立区千住旭町２９－７,03-3882-9232,2007-01-01,2025-01-01,byouin,2026-08-01,https://www.fukushi.metro.tokyo.lg.jp/documents/d/fukushi/20260801_seishin_byouin-xlsx-xlsx
2130581,医療法人財団南葛勤医協健愛クリニック,120-0023,足立区,足立区千住曙町３７－８,03-5813-1805,2007-01-01,2025-01-01,byouin,2026-08-01,https://www.fukushi.metro.tokyo.lg.jp/documents/d/fukushi/20260801_seishin_byouin-xlsx-xlsx
2130698,医療法人財団厚生協会 北千住メンタルクリニック,120-0034,足立区,足立区千住３－９８　千住ミルディスⅡ番館３０７,03-3881-7120,2007-01-01,2025-01-01,byouin,2026-08-01,https://www.fukushi.metro.tokyo.lg.jp/documents/d/fukushi/20260801_seishin_byouin-xlsx-xlsx
2130722,梅島うきクリニック,121-0816,足立区,足立区梅島１－６－３　エスペランサ梅島２階,03-3889-3401,2007-01-01,2025-01-01,byouin,2026-08-01,https://www.fukushi.metro.tokyo.lg.jp/documents/d/fukushi/20260801_seishin_byouin-xlsx-xlsx
2130763,医療法人社団容生会 増田クリニック,121-0062,足立区,足立区南花畑５－１７－１,03-3885-6837,2007-01-01,2025-01-01,byouin,2026-08-01,https://www.fukushi.metro.tokyo.lg.jp/documents/d/fukushi/20260801_seishin_byouin-xlsx-xlsx
2130961,医療法人社団徳耀会 心療内科クリニック,120-0004,足立区,足立区東綾瀬３－１３－１１,03-3605-1094,2007-01-01,2025-01-01,byouin,2026-08-01,https://www.fukushi.metro.tokyo.lg.jp/documents/d/fukushi/20260801_seishin_byouin-xlsx-xlsx
2130995,医療法人社団苑田会 苑田診療所,121-0813,足立区,足立区竹の塚４－２－３　リベラ１階,03-3851-2421,2007-02-01,2025-02-01,byouin,2026-08-01,https://www.fukushi.metro.tokyo.lg.jp/documents/d/fukushi/20260801_seishin_byouin-xlsx-xlsx
2131159,医療法人社団明桜会 ハラダクリニック,121-0824,足立区,足立区西伊興４－９－１１,03-5837-1515,2007-04-01,2025-04-01,byouin,2026-08-01,https://www.fukushi.metro.tokyo.lg.jp/documents/d/fukushi/20260801_seishin_byouin-xlsx-xlsx
2131373,医療法人社団博信会布川医院,120-0035,足立区,足立区千住中居町１１－８　１階,03-3879-7645,2024-06-01,,byouin,2026-08-01,https://www.fukushi.metro.tokyo.lg.jp/documents/d/fukushi/20260801_seishin_byouin-xlsx-xlsx
2131522,千住中央診療所,120-0031,足立区,足立区千住大川町３７－２,03-3881-5378,2008-11-01,2020-11-01,byouin,2026-08-01,https://www.fukushi.metro.tokyo.lg.jp/documents/d/fukushi/20260801_seishin_byouin-xlsx-xlsx
2131530,医療法人社団瑞信会 幸仁クリニック,120-0034,足立区,足立区千住１－２１－７　龍ビル６～３・Ｂ１階,03-3888-5988,2007-04-01,2025-04-01,byouin,2026-08-01,https://www.fukushi.metro.tokyo.lg.jp/documents/d/fukushi/20260801_seishin_byouin-xlsx-xlsx
2131910,ヒガノクリニック,120-0005,足立区,足立区綾瀬３－２１－１５　キャッスルアヤセ１０１,03-5682-7100,2008-04-01,2026-04-01,byouin,2026-08-01,https://www.fukushi.metro.tokyo.lg.jp/documents/d/fukushi/20260801_seishin_byouin-xlsx-xlsx
2132058,医療法人財団厚生協会 足立クリニック,121-0813,足立区,足立区竹の塚１－４０－１５　第一庄栄ビル３階,03-3853-9811,2007-02-01,2025-02-01,byouin,2026-08-01,https://www.fukushi.metro.tokyo.lg.jp/documents/d/fukushi/20260801_seishin_byouin-xlsx-xlsx
2132124,まちどりクリニック,120-0005,足立区,足立区綾瀬３－６－２　ボナールビル４階,03-5673-0555,2009-04-01,2021-04-01,byouin,2026-08-01,https://www.fukushi.metro.tokyo.lg.jp/documents/d/fukushi/20260801_seishin_byouin-xlsx-xlsx
2132462,爽寿堂クリニック,121-0816,足立区,足立区梅島３－３－２４－１０８,03-3880-1133,2010-09-01,2022-09-01,byouin,2026-08-01,https://www.fukushi.metro.tokyo.lg.jp/documents/d/fukushi/20260801_seishin_byouin-xlsx-xlsx
2132553,医療法人寿泉会 旭医院,120-0026,足立区,足立区千住旭町９－１５,03-3888-3508,2014-03-01,2026-03-01,byouin,2026-08-01,https://www.fukushi.metro.tokyo.lg.jp/documents/d/fukushi/20260801_seishin_byouin-xlsx-xlsx
2132637,医療法人財団シロアム会北千住旭クリニック,120-0026,足立区,足立区千住旭町３１－５,03-3879-4565,2007-01-01,2025-01-01,byouin,2026-08-01,https://www.fukushi.metro.tokyo.lg.jp/documents/d/fukushi/20260801_seishin_byouin-xlsx-xlsx
2132678,西新井こころのクリニック,123-0843,足立区,足立区西新井栄町１－１７－１,03-5888-5816,2011-11-01,2023-11-01,byouin,2026-08-01,https://www.fukushi.metro.tokyo.lg.jp/documents/d/fukushi/20260801_seishin_byouin-xlsx-xlsx
2132736,医療法人社団洸青会ルミナス内科クリニック,123-0841,足立区,足立区西新井１－３８－１１－１０３　オリエント第６ビル,03-5837-2577,2019-06-01,2025-06-01,byouin,2026-08-01,https://www.fukushi.metro.tokyo.lg.jp/documents/d/fukushi/20260801_seishin_byouin-xlsx-xlsx
2132777,東京ふれあい医療生活協同組合ふれあいファミリークリニック,120-0047,足立区,足立区宮城１－３３－２０,03-6908-4330,2013-05-01,2025-05-01,byouin,2026-08-01,https://www.fukushi.metro.tokyo.lg.jp/documents/d/fukushi/20260801_seishin_byouin-xlsx-xlsx
2132934,江北メンタルクリニック,123-0872,足立区,足立区江北１－３３－２３　ロイヤルＫＪ１階,03-5838-0797,2010-06-01,2022-06-01,byouin,2026-08-01,https://www.fukushi.metro.tokyo.lg.jp/documents/d/fukushi/20260801_seishin_byouin-xlsx-xlsx
2133007,医療法人社団東京はなぶさ会 舎人公園クリニック,123-0862,足立区,足立区皿沼１－２１－５,03-3856-3817,2010-12-01,2022-12-01,byouin,2026-08-01,https://www.fukushi.metro.tokyo.lg.jp/documents/d/fukushi/20260801_seishin_byouin-xlsx-xlsx
2133148,医療法人社団苑田会苑田会放射線クリニック,121-0064,足立区,足立区保木間３－４－１９,03-5851-5751,2015-03-01,2021-03-01,byouin,2026-08-01,https://www.fukushi.metro.tokyo.lg.jp/documents/d/fukushi/20260801_seishin_byouin-xlsx-xlsx
2133163,五反野メンタルクリニック,120-0015,足立区,足立区足立４－３８－９　加島ビル２階,03-6806-3901,2014-04-01,2026-04-01,byouin,2026-08-01,https://www.fukushi.metro.tokyo.lg.jp/documents/d/fukushi/20260801_seishin_byouin-xlsx-xlsx
2133379,医療法人社団慈航会 阿部メディカルクリニック,120-0037,足立区,足立区千住河原町２１－１０　ベルメゾンリモーネ１階,03-5813-5511,2007-01-01,2025-01-01,byouin,2026-08-01,https://www.fukushi.metro.tokyo.lg.jp/documents/d/fukushi/20260801_seishin_byouin-xlsx-xlsx
2133387,内科・脳神経外科 西原クリニック,123-0851,足立区,足立区梅田５－２５－３３　ロイヤルパークス梅島１階,03-5888-5288,2013-11-01,2025-11-01,byouin,2026-08-01,https://www.fukushi.metro.tokyo.lg.jp/documents/d/fukushi/20260801_seishin_byouin-xlsx-xlsx
2133403,森谷医院,120-0034,足立区,足立区千住４－２５－１０,03-3888-3525,2014-04-01,2026-04-01,byouin,2026-08-01,https://www.fukushi.metro.tokyo.lg.jp/documents/d/fukushi/20260801_seishin_byouin-xlsx-xlsx
2133635,医療法人社団理晴会 つのだ内科クリニック,123-0872,足立区,足立区江北７－１４－５,03-5839-6705,2007-03-01,2025-03-01,byouin,2026-08-01,https://www.fukushi.metro.tokyo.lg.jp/documents/d/fukushi/20260801_seishin_byouin-xlsx-xlsx
2133791,ほつかクリニック,121-0072,足立区,足立区保塚町１８－１５,03-3858-3822,2018-02-01,2024-02-01,byouin,2026-08-01,https://www.fukushi.metro.tokyo.lg.jp/documents/d/fukushi/20260801_seishin_byouin-xlsx-xlsx
2133874,医療法人社団久光会 久光クリニック,121-0073,足立区,足立区六町２－６－２４,03-5831-0502,2013-02-01,2025-02-01,byouin,2026-08-01,https://www.fukushi.metro.tokyo.lg.jp/documents/d/fukushi/20260801_seishin_byouin-xlsx-xlsx
2133973,綾瀬メンタルクリニック,120-0005,足立区,足立区綾瀬１－３３－１１　齋藤ビル２Ｆ,03-6662-9841,2018-05-01,2024-05-01,byouin,2026-08-01,https://www.fukushi.metro.tokyo.lg.jp/documents/d/fukushi/20260801_seishin_byouin-xlsx-xlsx
2134039,綾瀬こころのクリニック,120-0005,足立区,足立区綾瀬３－３－２　第一星ビル３０２,03-5856-3120,2018-09-01,2024-09-01,byouin,2026-08-01,https://www.fukushi.metro.tokyo.lg.jp/documents/d/fukushi/20260801_seishin_byouin-xlsx-xlsx
2134120,福寿会クリニック,123-0845,足立区,足立区西新井本町５－７－１４　Ｅ．Ｍ．Ｓビル１階から３階,03-5888-6601,2008-01-01,2026-01-01,byouin,2026-08-01,https://www.fukushi.metro.tokyo.lg.jp/documents/d/fukushi/20260801_seishin_byouin-xlsx-xlsx
2134310,高田医院,120-0003,足立区,足立区東和４－５－８,03-3605-0329,2019-12-01,2025-12-01,byouin,2026-08-01,https://www.fukushi.metro.tokyo.lg.jp/documents/d/fukushi/20260801_seishin_byouin-xlsx-xlsx
2134450,医療法人社団渋美会ひかりクリニック城東,120-0005,足立区,足立区綾瀬４－８－１７　相善ビル５階,03-5849-3895,2025-10-01,,byouin,2026-08-01,https://www.fukushi.metro.tokyo.lg.jp/documents/d/fukushi/20260801_seishin_byouin-xlsx-xlsx
2134500,アグリホームクリニックあだち,123-0864,足立区,足立区鹿浜３－２９－１１,03-6803-1280,2021-04-01,,byouin,2026-08-01,https://www.fukushi.metro.tokyo.lg.jp/documents/d/fukushi/20260801_seishin_byouin-xlsx-xlsx
2134567,医療法人財団厚生協会 メンタルクリニック三叉路,120-0034,足立区,足立区千住２－２９－２,03-6806-1936,2020-11-01,,byouin,2026-08-01,https://www.fukushi.metro.tokyo.lg.jp/documents/d/fukushi/20260801_seishin_byouin-xlsx-xlsx
2134641,医療法人社団 爽緑会 ふたば在宅クリニック 北千住,120-0034,足立区,足立区千住２－４　オカバツインタワービル　イースト８階,03-6806-2590,2021-10-01,,byouin,2026-08-01,https://www.fukushi.metro.tokyo.lg.jp/documents/d/fukushi/20260801_seishin_byouin-xlsx-xlsx
2134666,医療法人社団 ききょう会 花畑クリニック,121-0073,足立区,足立区六町１－１３－２　サングランデ六町　１階,03-5851-0057,2019-06-01,2025-06-01,byouin,2026-08-01,https://www.fukushi.metro.tokyo.lg.jp/documents/d/fukushi/20260801_seishin_byouin-xlsx-xlsx
2134682,医療法人社団隆樹会いつきクリニック,123-0841,足立区,足立区西新井７－８－１１,03-6807-1022,2025-05-01,,byouin,2026-08-01,https://www.fukushi.metro.tokyo.lg.jp/documents/d/fukushi/20260801_seishin_byouin-xlsx-xlsx
2134872,花一クリニック,121-0073,足立区,足立区六町３－５－７,03-5831-0580,2007-02-01,2025-02-01,byouin,2026-08-01,https://www.fukushi.metro.tokyo.lg.jp/documents/d/fukushi/20260801_seishin_byouin-xlsx-xlsx
2134955,ハートセントラルクリニック,123-0845,足立区,足立区西新井本町１－１２－８,03-5838-0730,2023-02-01,,byouin,2026-08-01,https://www.fukushi.metro.tokyo.lg.jp/documents/d/fukushi/20260801_seishin_byouin-xlsx-xlsx
2134997,医療法人社団悠翔会 悠翔会在宅クリニック北千住,120-0034,足立区,足立区千住２－３　吾妻ビル２階,03-5284-9522,2013-12-01,2025-12-01,byouin,2026-08-01,https://www.fukushi.metro.tokyo.lg.jp/documents/d/fukushi/20260801_seishin_byouin-xlsx-xlsx
2135176,ファミリークリニック綾瀬,120-0006,足立区,足立区谷中２－１０－７　エムケイビル２０２,03-5856-1091,2023-06-01,,byouin,2026-08-01,https://www.fukushi.metro.tokyo.lg.jp/documents/d/fukushi/20260801_seishin_byouin-xlsx-xlsx
2135184,中内クリニック,121-0813,足立区,足立区竹の塚６－１５－１４　ニュー竹の塚ビル２階,03-5809-6696,2025-03-01,,byouin,2026-08-01,https://www.fukushi.metro.tokyo.lg.jp/documents/d/fukushi/20260801_seishin_byouin-xlsx-xlsx
2135242,医療法人社団杏生会文京根津クリニックあだち,123-0872,足立区,足立区江北４－６－１６　ウィステリア水幸２階,03-5809-0700,2024-09-01,,byouin,2026-08-01,https://www.fukushi.metro.tokyo.lg.jp/documents/d/fukushi/20260801_seishin_byouin-xlsx-xlsx
2135457,あまねクリニック足立院,120-0015,足立区,足立区足立２－４０－１６　コムロビル２階,03-5888-6610,2024-09-01,,byouin,2026-08-01,https://www.fukushi.metro.tokyo.lg.jp/documents/d/fukushi/20260801_seishin_byouin-xlsx-xlsx
2135465,とねりのこころクリニック,121-0831,足立区,足立区舎人１－１１－１７　第３横田ビル１階,03-3853-1137,2024-11-01,,byouin,2026-08-01,https://www.fukushi.metro.tokyo.lg.jp/documents/d/fukushi/20260801_seishin_byouin-xlsx-xlsx
2135473,北千住ハートケアクリニック,120-0034,足立区,足立区千住２－３３－３　千住横山第二ビル４階,03-3881-8100,2024-12-01,,byouin,2026-08-01,https://www.fukushi.metro.tokyo.lg.jp/documents/d/fukushi/20260801_seishin_byouin-xlsx-xlsx
2135531,医療法人社団大和会おうち診療所西新井,123-0841,足立区,足立区西新井４－４－１,050-3645-8343,2026-08-01,,byouin,2026-08-01,https://www.fukushi.metro.tokyo.lg.jp/documents/d/fukushi/20260801_seishin_byouin-xlsx-xlsx
2135689,医療法人社団Ａｎｉｍｕｓ足立心のクリニック梅島,121-0816,足立区,足立区梅島１－１２－１１　ＪＵ　ＧＬＯＢＡＬ　ＥＣＬＡＴ３階,03-6807-2454,2023-02-01,,byouin,2026-08-01,https://www.fukushi.metro.tokyo.lg.jp/documents/d/fukushi/20260801_seishin_byouin-xlsx-xlsx
2135705,ゼロイチ在宅クリニック,120-0005,足立区,足立区綾瀬３－９－５　相善ビルⅡ５階,03-5856-2633,2025-07-01,,byouin,2026-08-01,https://www.fukushi.metro.tokyo.lg.jp/documents/d/fukushi/20260801_seishin_byouin-xlsx-xlsx
2135721,北千住こころテラスクリニック,120-0034,足立区,足立区千住３－４８　近藤ビル３階,03-6826-2350,2026-03-01,,byouin,2026-08-01,https://www.fukushi.metro.tokyo.lg.jp/documents/d/fukushi/20260801_seishin_byouin-xlsx-xlsx
2135739,医療法人社団徳耀会北綾瀬駅メンタルクリニック,120-0006,足立区,足立区谷中４－８－１　ララテラス北綾瀬４階,03-5856-2778,2025-08-01,,byouin,2026-08-01,https://www.fukushi.metro.tokyo.lg.jp/documents/d/fukushi/20260801_seishin_byouin-xlsx-xlsx
2135812,オハナこころのクリニック北綾瀬駅前,120-0006,足立区,足立区谷中２－７－２　エクセル北綾瀬Ⅱ２階,03-5849-3498,2026-01-01,,byouin,2026-08-01,https://www.fukushi.metro.tokyo.lg.jp/documents/d/fukushi/20260801_seishin_byouin-xlsx-xlsx
2136018,よつばや在宅クリニック,121-0816,足立区,足立区梅島２－１３－１２,03-6806-3600,2024-06-01,,byouin,2026-08-01,https://www.fukushi.metro.tokyo.lg.jp/documents/d/fukushi/20260801_seishin_byouin-xlsx-xlsx
2170116,社会医療法人社団慈生会 等潤病院,121-0075,足立区,足立区一ツ家４－３－４,03-3850-8711,2018-03-01,2024-03-01,byouin,2026-08-01,https://www.fukushi.metro.tokyo.lg.jp/documents/d/fukushi/20260801_seishin_byouin-xlsx-xlsx
2170991,医療法人社団 すずき病院,120-0033,足立区,足立区千住寿町８－２,03-3881-7711,2007-01-01,2025-01-01,byouin,2026-08-01,https://www.fukushi.metro.tokyo.lg.jp/documents/d/fukushi/20260801_seishin_byouin-xlsx-xlsx
2171049,医療法人財団健和会 柳原病院,120-0023,足立区,足立区千住曙町３５－１,03-3882-1928,2007-09-01,2025-09-01,byouin,2026-08-01,https://www.fukushi.metro.tokyo.lg.jp/documents/d/fukushi/20260801_seishin_byouin-xlsx-xlsx
2171114,医療法人社団苑田会 苑田第一病院,121-0813,足立区,足立区竹の塚４－１－１２,03-3850-5721,2007-01-01,2025-01-01,byouin,2026-08-01,https://www.fukushi.metro.tokyo.lg.jp/documents/d/fukushi/20260801_seishin_byouin-xlsx-xlsx
2171130,医療法人社団東京朝日会 あさひ病院,121-0076,足立区,足立区平野１－２－３,03-5242-5800,2007-02-01,2025-02-01,byouin,2026-08-01,https://www.fukushi.metro.tokyo.lg.jp/documents/d/fukushi/20260801_seishin_byouin-xlsx-xlsx
2171213,医療法人財団健和会柳原リハビリテーション病院,120-0022,足立区,足立区柳原１－２７－５,03-5813-2121,2023-10-01,,byouin,2026-08-01,https://www.fukushi.metro.tokyo.lg.jp/documents/d/fukushi/20260801_seishin_byouin-xlsx-xlsx
2171221,医療法人社団苑田会 苑田第三病院,121-0807,足立区,足立区伊興本町２－５－１０,03-5837-5111,2007-01-01,2025-01-01,byouin,2026-08-01,https://www.fukushi.metro.tokyo.lg.jp/documents/d/fukushi/20260801_seishin_byouin-xlsx-xlsx
2171239,社会医療法人社団医善会 いずみ記念病院,123-0853,足立区,足立区本木１－３－７,03-5888-2111,2014-12-01,2020-12-01,byouin,2026-08-01,https://www.fukushi.metro.tokyo.lg.jp/documents/d/fukushi/20260801_seishin_byouin-xlsx-xlsx
2171254,医療法人社団 成仁病院,121-0815,足立区,足立区島根３－２－１,050-3734-5041,2007-07-01,2025-07-01,byouin,2026-08-01,https://www.fukushi.metro.tokyo.lg.jp/documents/d/fukushi/20260801_seishin_byouin-xlsx-xlsx
2171387,医療法人社団苑田会 苑田第二病院,121-0813,足立区,足立区竹の塚４－２－１７,03-3850-5723,2007-01-01,2025-01-01,byouin,2026-08-01,https://www.fukushi.metro.tokyo.lg.jp/documents/d/fukushi/20260801_seishin_byouin-xlsx-xlsx
2171437,医療法人社団成和会西新井病院,123-0845,足立区,足立区西新井本町１－１２－１２,03-5647-1700,2007-04-01,2025-04-01,byouin,2026-08-01,https://www.fukushi.metro.tokyo.lg.jp/documents/d/fukushi/20260801_seishin_byouin-xlsx-xlsx
2171445,社会医療法人社団昭愛会 水野記念リハビリテーション病院,123-0841,足立区,足立区西新井５－５－５,03-3898-8100,2025-07-01,,byouin,2026-08-01,https://www.fukushi.metro.tokyo.lg.jp/documents/d/fukushi/20260801_seishin_byouin-xlsx-xlsx
2171478,医療法人社団大和会 平成扇病院,123-0873,足立区,足立区扇３－２６－５,03-3855-5500,2016-05-01,2022-05-01,byouin,2026-08-01,https://www.fukushi.metro.tokyo.lg.jp/documents/d/fukushi/20260801_seishin_byouin-xlsx-xlsx
2171510,医療法人社団忠医会大高病院,121-0815,足立区,足立区島根３－１７－８,03-5856-7319,2013-11-01,2025-11-01,byouin,2026-08-01,https://www.fukushi.metro.tokyo.lg.jp/documents/d/fukushi/20260801_seishin_byouin-xlsx-xlsx
2171569,医療法人社団福寿会 福寿会足立東部病院,121-0816,足立区,足立区梅島２－３５－１６,03-3880-1221,2007-01-01,2025-01-01,byouin,2026-08-01,https://www.fukushi.metro.tokyo.lg.jp/documents/d/fukushi/20260801_seishin_byouin-xlsx-xlsx
2171577,東京女子医科大学附属足立医療センター,123-8558,足立区,足立区江北４－３３－１,03-3810-1111,2007-01-01,2025-01-01,byouin,2026-08-01,https://www.fukushi.metro.tokyo.lg.jp/documents/d/fukushi/20260801_seishin_byouin-xlsx-xlsx
2171635,医療法人社団福寿会みらいリハビリテーション病院,121-0836,足立区,足立区入谷１－８－１９,03-4531-5570,2025-07-01,,byouin,2026-08-01,https://www.fukushi.metro.tokyo.lg.jp/documents/d/fukushi/20260801_seishin_byouin-xlsx-xlsx
2212389,東京慈恵会医科大学葛飾医療センター,125-0062,葛飾区,葛飾区青戸６－４１－２,03-3603-2111,2007-01-01,2025-01-01,byouin,2026-08-01,https://www.fukushi.metro.tokyo.lg.jp/documents/d/fukushi/20260801_seishin_byouin-xlsx-xlsx
2212488,医療法人財団謙仁会 亀有病院,125-0061,葛飾区,葛飾区亀有３－３６－３,03-3601-0186,2007-02-01,2025-02-01,byouin,2026-08-01,https://www.fukushi.metro.tokyo.lg.jp/documents/d/fukushi/20260801_seishin_byouin-xlsx-xlsx
2225183,金町神経科内科医院,125-0033,葛飾区,葛飾区東水元３－６－３,03-3609-9545,2007-01-01,2025-01-01,byouin,2026-08-01,https://www.fukushi.metro.tokyo.lg.jp/documents/d/fukushi/20260801_seishin_byouin-xlsx-xlsx
2226868,医療法人社団心桜会金町わかな医院,125-0042,葛飾区,葛飾区金町６－９－１０,03-5876-3341,2026-07-01,,byouin,2026-08-01,https://www.fukushi.metro.tokyo.lg.jp/documents/d/fukushi/20260801_seishin_byouin-xlsx-xlsx
2227254,近藤クリニック,125-0061,葛飾区,葛飾区亀有５－１７－１０　大田ビル２階,03-5616-6533,2007-01-01,2025-01-01,byouin,2026-08-01,https://www.fukushi.metro.tokyo.lg.jp/documents/d/fukushi/20260801_seishin_byouin-xlsx-xlsx
2227445,医療法人社団 細田診療所,124-0021,葛飾区,葛飾区細田３－９－４３,03-3657-3430,2007-08-01,2025-08-01,byouin,2026-08-01,https://www.fukushi.metro.tokyo.lg.jp/documents/d/fukushi/20260801_seishin_byouin-xlsx-xlsx
2227452,医療法人財団健和会 四ツ木診療所,124-0014,葛飾区,葛飾区東四つ木４－４５－１６,03-3694-1661,2007-01-01,2025-01-01,byouin,2026-08-01,https://www.fukushi.metro.tokyo.lg.jp/documents/d/fukushi/20260801_seishin_byouin-xlsx-xlsx
2228120,東京都立東大和療育センター分園よつぎ療育園,124-0014,葛飾区,葛飾区東四つ木４－４４－１－１０１,03-5670-5131,2007-01-01,2025-01-01,byouin,2026-08-01,https://www.fukushi.metro.tokyo.lg.jp/documents/d/fukushi/20260801_seishin_byouin-xlsx-xlsx
2228443,新高砂クリニック,125-0054,葛飾区,葛飾区高砂５－３３－３,03-3609-6800,2008-01-01,2026-01-01,byouin,2026-08-01,https://www.fukushi.metro.tokyo.lg.jp/documents/d/fukushi/20260801_seishin_byouin-xlsx-xlsx
2228617,医療法人社団英愛会 黒川クリニック,124-0005,葛飾区,葛飾区宝町２－３４－１３－１１２,03-3694-8675,2007-01-01,2025-01-01,byouin,2026-08-01,https://www.fukushi.metro.tokyo.lg.jp/documents/d/fukushi/20260801_seishin_byouin-xlsx-xlsx
2228922,医療法人社団昭正会 新柴又駅前クリニック,125-0053,葛飾区,葛飾区鎌倉３－２８－１３,03-5612-4600,2007-04-01,2025-04-01,byouin,2026-08-01,https://www.fukushi.metro.tokyo.lg.jp/documents/d/fukushi/20260801_seishin_byouin-xlsx-xlsx
2229052,医療法人社団松緑会 永寿堂医院,125-0061,葛飾区,葛飾区亀有３－４３－５,03-3604-2101,2007-01-01,2025-01-01,byouin,2026-08-01,https://www.fukushi.metro.tokyo.lg.jp/documents/d/fukushi/20260801_seishin_byouin-xlsx-xlsx
2229136,医療法人社団明芳会 新葛飾ロイヤルクリニック,124-0006,葛飾区,葛飾区堀切２－６６－１７,03-3697-8333,2009-03-01,2021-03-01,byouin,2026-08-01,https://www.fukushi.metro.tokyo.lg.jp/documents/d/fukushi/20260801_seishin_byouin-xlsx-xlsx
2229607,医療法人社団東京正和会 あさの金町クリニック,125-0041,葛飾区,葛飾区東金町１－１８－３,03-3609-7511,2007-04-01,2025-04-01,byouin,2026-08-01,https://www.fukushi.metro.tokyo.lg.jp/documents/d/fukushi/20260801_seishin_byouin-xlsx-xlsx
2229730,ふくクリニック,125-0041,葛飾区,葛飾区東金町１－４２－３－２階,03-5699-1755,2007-01-01,2025-01-01,byouin,2026-08-01,https://www.fukushi.metro.tokyo.lg.jp/documents/d/fukushi/20260801_seishin_byouin-xlsx-xlsx
2229946,医療法人社団 菊島小児科医院,124-0013,葛飾区,葛飾区東立石３－２４－１６,03-3697-1556,2007-01-01,2025-01-01,byouin,2026-08-01,https://www.fukushi.metro.tokyo.lg.jp/documents/d/fukushi/20260801_seishin_byouin-xlsx-xlsx
2230225,医療法人社団わかば会 さくら医院,125-0061,葛飾区,葛飾区亀有３－４－２　キャッスル増田１階,03-5650-3677,2007-02-01,2025-02-01,byouin,2026-08-01,https://www.fukushi.metro.tokyo.lg.jp/documents/d/fukushi/20260801_seishin_byouin-xlsx-xlsx
2230233,医療法人社団東京平成会 新小岩平成クリニック,124-0024,葛飾区,葛飾区新小岩２－２－２０,03-3653-2290,2007-01-01,2025-01-01,byouin,2026-08-01,https://www.fukushi.metro.tokyo.lg.jp/documents/d/fukushi/20260801_seishin_byouin-xlsx-xlsx
2230456,医療法人社団和永会 新小岩メンタルクリニック,124-0025,葛飾区,葛飾区西新小岩１－８－４　山口ビル２階,03-3695-1511,2007-07-01,2025-07-01,byouin,2026-08-01,https://www.fukushi.metro.tokyo.lg.jp/documents/d/fukushi/20260801_seishin_byouin-xlsx-xlsx
2230548,医療法人社団城東桐和会 タムス総合クリニック新小岩駅前,124-0024,葛飾区,葛飾区新小岩２－１－１　リーフコンフォート新小岩３階,03-5678-5616,2008-01-01,2026-01-01,byouin,2026-08-01,https://www.fukushi.metro.tokyo.lg.jp/documents/d/fukushi/20260801_seishin_byouin-xlsx-xlsx
2230589,あおとメンタルクリニック,125-0062,葛飾区,葛飾区青戸３－３３－１４　サンプラザビル２階,03-5629-7088,2007-12-01,2025-12-01,byouin,2026-08-01,https://www.fukushi.metro.tokyo.lg.jp/documents/d/fukushi/20260801_seishin_byouin-xlsx-xlsx
2230654,医療法人財団ひこばえ会 水元セツルメント診療所,125-0032,葛飾区,葛飾区水元３－２２－２１　水元公園共同ビル２階,03-3826-5015,2017-04-01,2023-04-01,byouin,2026-08-01,https://www.fukushi.metro.tokyo.lg.jp/documents/d/fukushi/20260801_seishin_byouin-xlsx-xlsx
2231462,医療法人社団穂光会 いなば内科クリニック,125-0061,葛飾区,葛飾区亀有３－２６－２－２０４,03-5680-8005,2007-02-01,2025-02-01,byouin,2026-08-01,https://www.fukushi.metro.tokyo.lg.jp/documents/d/fukushi/20260801_seishin_byouin-xlsx-xlsx
2231470,こころのひかりメンタルクリニック,125-0054,葛飾区,葛飾区高砂３－１１－１４　ステーションハイツ高砂２０５,03-5622-0134,2011-08-01,2023-08-01,byouin,2026-08-01,https://www.fukushi.metro.tokyo.lg.jp/documents/d/fukushi/20260801_seishin_byouin-xlsx-xlsx
2231884,医療法人社団萌生会 ひとみクリニック,124-0024,葛飾区,葛飾区新小岩１－４９－１０　第５デリカビル４階,03-3654-7571,2007-01-01,2025-01-01,byouin,2026-08-01,https://www.fukushi.metro.tokyo.lg.jp/documents/d/fukushi/20260801_seishin_byouin-xlsx-xlsx
2232007,新小岩わたなべクリニック,124-0024,葛飾区,葛飾区新小岩４－１２－５　１階,03-5678-6271,2007-01-01,2025-01-01,byouin,2026-08-01,https://www.fukushi.metro.tokyo.lg.jp/documents/d/fukushi/20260801_seishin_byouin-xlsx-xlsx
2232031,医療法人社団葛飾笑福会 亀有メンタルクリニック,125-0061,葛飾区,葛飾区亀有３－７－７－３０２Ａサンセリテ鞠子,03-3838-0807,2007-01-01,2025-01-01,byouin,2026-08-01,https://www.fukushi.metro.tokyo.lg.jp/documents/d/fukushi/20260801_seishin_byouin-xlsx-xlsx
2232296,医療法人社団 啓翔会 黒木整形外科内科クリニック,124-0021,葛飾区,葛飾区細田３－２９－１５,03-3672-9611,2019-09-01,2025-09-01,byouin,2026-08-01,https://www.fukushi.metro.tokyo.lg.jp/documents/d/fukushi/20260801_seishin_byouin-xlsx-xlsx
2232379,医療法人社団ＭＸＰＧ レッツメディカルガーデンクリニック東立石,124-0013,葛飾区,葛飾区東立石２－１８－４　１階,03-5671-5535,2017-05-01,2023-05-01,byouin,2026-08-01,https://www.fukushi.metro.tokyo.lg.jp/documents/d/fukushi/20260801_seishin_byouin-xlsx-xlsx
2232452,金町駅前心療内科 かわせみクリニック,125-0041,葛飾区,葛飾区東金町１－４３－９　ＫＨＢｅ５ビル３階,03-3600-5550,2017-09-01,2023-09-01,byouin,2026-08-01,https://www.fukushi.metro.tokyo.lg.jp/documents/d/fukushi/20260801_seishin_byouin-xlsx-xlsx
2232536,医療法人財団ファミーユかつしか心身総合クリニック,125-0041,葛飾区,葛飾区東金町１－４１－１　桜井ビル２Ｆ,03-3627-0233,2018-06-01,2024-06-01,byouin,2026-08-01,https://www.fukushi.metro.tokyo.lg.jp/documents/d/fukushi/20260801_seishin_byouin-xlsx-xlsx
2232569,亀有クリニック,125-0061,葛飾区,葛飾区亀有３－１４－７,03-3604-6060,2020-08-01,,byouin,2026-08-01,https://www.fukushi.metro.tokyo.lg.jp/documents/d/fukushi/20260801_seishin_byouin-xlsx-xlsx
2232627,金町駅前脳神経内科,125-0042,葛飾区,葛飾区金町６－４－３　金町メディカルモール４０１,03-5660-5221,2019-07-01,2025-07-01,byouin,2026-08-01,https://www.fukushi.metro.tokyo.lg.jp/documents/d/fukushi/20260801_seishin_byouin-xlsx-xlsx
2232635,しんせい心のクリニック ヴィナシス金町,125-0042,葛飾区,葛飾区金町６－２－１　ヴィナシス金町２階,03-5876-3627,2018-01-01,2024-01-01,byouin,2026-08-01,https://www.fukushi.metro.tokyo.lg.jp/documents/d/fukushi/20260801_seishin_byouin-xlsx-xlsx
2232965,一般社団法人聖会かつしか聖クリニック,124-0003,葛飾区,葛飾区お花茶屋１－１５－５　グレースヒルお花茶屋１階,03-6662-5868,2024-11-01,,byouin,2026-08-01,https://www.fukushi.metro.tokyo.lg.jp/documents/d/fukushi/20260801_seishin_byouin-xlsx-xlsx
2232981,医療法人社団悠翔会 悠翔会在宅クリニック葛飾,125-0042,葛飾区,葛飾区柴又１－４６－９　１階,03-6231-3578,2013-12-01,2025-12-01,byouin,2026-08-01,https://www.fukushi.metro.tokyo.lg.jp/documents/d/fukushi/20260801_seishin_byouin-xlsx-xlsx
2233005,医療法人社団 爽緑会 ふたば在宅クリニック 新小岩,124-0024,葛飾区,葛飾区新小岩１－４９－１０　第５デリカビル　２階,03-5879-3530,2021-10-01,,byouin,2026-08-01,https://www.fukushi.metro.tokyo.lg.jp/documents/d/fukushi/20260801_seishin_byouin-xlsx-xlsx
2233112,医療法人社団恭生会かめありホームドクタークリニック,125-0061,葛飾区,葛飾区亀有１－１５－２３　１階,03-6662-7640,2025-04-01,,byouin,2026-08-01,https://www.fukushi.metro.tokyo.lg.jp/documents/d/fukushi/20260801_seishin_byouin-xlsx-xlsx
2233146,平木クリニック,124-0014,葛飾区,葛飾区東四つ木３－２３－１８　２階,03-5672-5663,2007-01-01,2025-01-01,byouin,2026-08-01,https://www.fukushi.metro.tokyo.lg.jp/documents/d/fukushi/20260801_seishin_byouin-xlsx-xlsx
2233153,ハルこころクリニック京成高砂院,125-0054,葛飾区,葛飾区高砂２－４０－５　高砂駅前クリニックモール３０１号室,03-6801-7710,2019-09-01,2025-09-01,byouin,2026-08-01,https://www.fukushi.metro.tokyo.lg.jp/documents/d/fukushi/20260801_seishin_byouin-xlsx-xlsx
2233245,せきやま心療内科神経科医院,125-0062,葛飾区,葛飾区青戸３－３２－１３　中川ビル１階,03-5680-0628,2007-01-01,2025-01-01,byouin,2026-08-01,https://www.fukushi.metro.tokyo.lg.jp/documents/d/fukushi/20260801_seishin_byouin-xlsx-xlsx
2233260,あつち葛飾クリニック,124-0006,葛飾区,葛飾区堀切１－３０－６,03-5654-6403,2022-11-01,,byouin,2026-08-01,https://www.fukushi.metro.tokyo.lg.jp/documents/d/fukushi/20260801_seishin_byouin-xlsx-xlsx
2233294,山口クリニック,124-0003,葛飾区,葛飾区お花茶屋１－３－４,03-3601-0128,2023-02-01,,byouin,2026-08-01,https://www.fukushi.metro.tokyo.lg.jp/documents/d/fukushi/20260801_seishin_byouin-xlsx-xlsx
2233310,立石こころクリニック,124-0012,葛飾区,葛飾区立石１－１５－５　みずほメディカルモール２階,03-3697-6488,2008-12-01,2020-12-01,byouin,2026-08-01,https://www.fukushi.metro.tokyo.lg.jp/documents/d/fukushi/20260801_seishin_byouin-xlsx-xlsx
2233609,医療法人社団南風会くくるケアクリニック,124-0005,葛飾区,葛飾区宝町２－３４－１６　Ｍ’ｓＥＴＥＲＮＡ５階,03-6657-7996,2023-05-01,,byouin,2026-08-01,https://www.fukushi.metro.tokyo.lg.jp/documents/d/fukushi/20260801_seishin_byouin-xlsx-xlsx
2233690,いずみホームケアクリニック,125-0062,葛飾区,葛飾区青戸５－３０－４,03-3603-1717,2018-12-01,2024-12-01,byouin,2026-08-01,https://www.fukushi.metro.tokyo.lg.jp/documents/d/fukushi/20260801_seishin_byouin-xlsx-xlsx
2233708,堀切ホームクリニック,124-0006,葛飾区,葛飾区堀切４－５８－１９　オオトモビル２階,03-6662-6777,2026-05-01,,byouin,2026-08-01,https://www.fukushi.metro.tokyo.lg.jp/documents/d/fukushi/20260801_seishin_byouin-xlsx-xlsx
2270015,医療法人社団一秀会 葛飾橋病院,125-0041,葛飾区,葛飾区東金町７－３３－１,03-3607-0891,2007-01-01,2025-01-01,byouin,2026-08-01,https://www.fukushi.metro.tokyo.lg.jp/documents/d/fukushi/20260801_seishin_byouin-xlsx-xlsx
2270023,医療法人社団明芳会 イムスリハビリテーションセンター東京葛飾病院,124-0006,葛飾区,葛飾区堀切３－２６－５,03-3697-8331,2008-01-01,2026-01-01,byouin,2026-08-01,https://www.fukushi.metro.tokyo.lg.jp/documents/d/fukushi/20260801_seishin_byouin-xlsx-xlsx
2271138,地方独立行政法人 東京都立病院機構 東京都立東部地域病院,125-0061,葛飾区,葛飾区亀有５－１４－１,03-5682-5111,2007-02-01,2025-02-01,byouin,2026-08-01,https://www.fukushi.metro.tokyo.lg.jp/documents/d/fukushi/20260801_seishin_byouin-xlsx-xlsx
2312551,社会福祉法人仁生社 江戸川病院,133-0052,江戸川区,江戸川区東小岩２－２４－１８,03-3673-1221,2007-01-01,2025-01-01,byouin,2026-08-01,https://www.fukushi.metro.tokyo.lg.jp/documents/d/fukushi/20260801_seishin_byouin-xlsx-xlsx
2327419,医療法人社団桐和会 タムス総合クリニック篠崎駅前,133-0061,江戸川区,江戸川区篠崎町２－７－１　イーストハイム篠崎１階,03-5666-1331,2007-02-01,2025-02-01,byouin,2026-08-01,https://www.fukushi.metro.tokyo.lg.jp/documents/d/fukushi/20260801_seishin_byouin-xlsx-xlsx
2327682,西葛西三丁目診療所,134-0088,江戸川区,江戸川区西葛西３－１１－８,03-3869-1465,2020-12-01,,byouin,2026-08-01,https://www.fukushi.metro.tokyo.lg.jp/documents/d/fukushi/20260801_seishin_byouin-xlsx-xlsx
2328177,医療法人社団 小松クリニック,132-0035,江戸川区,江戸川区平井５－２１－１２,03-3618-6761,2007-01-01,2025-01-01,byouin,2026-08-01,https://www.fukushi.metro.tokyo.lg.jp/documents/d/fukushi/20260801_seishin_byouin-xlsx-xlsx
2328409,くれもとクリニック,134-0081,江戸川区,江戸川区北葛西４－１－４５－１０２,03-5658-8777,2007-02-01,2025-02-01,byouin,2026-08-01,https://www.fukushi.metro.tokyo.lg.jp/documents/d/fukushi/20260801_seishin_byouin-xlsx-xlsx
2328607,久田医院,132-0035,江戸川区,江戸川区平井１－２７－７,03-3681-0081,2008-01-01,2026-01-01,byouin,2026-08-01,https://www.fukushi.metro.tokyo.lg.jp/documents/d/fukushi/20260801_seishin_byouin-xlsx-xlsx
2328797,医療法人社団黄耆会 京谷医院,133-0051,江戸川区,江戸川区北小岩６－１７－７,03-3671-8103,2017-11-01,2023-11-01,byouin,2026-08-01,https://www.fukushi.metro.tokyo.lg.jp/documents/d/fukushi/20260801_seishin_byouin-xlsx-xlsx
2329035,コウクリニック,133-0073,江戸川区,江戸川区鹿骨１－３４－６　大場ビル１階,03-5666-5929,2007-01-01,2025-01-01,byouin,2026-08-01,https://www.fukushi.metro.tokyo.lg.jp/documents/d/fukushi/20260801_seishin_byouin-xlsx-xlsx
2329100,医療法人社団二誠会 メンタルクリニック葛西,134-0083,江戸川区,江戸川区中葛西５－４１－１２,03-3877-5771,2007-01-01,2025-01-01,byouin,2026-08-01,https://www.fukushi.metro.tokyo.lg.jp/documents/d/fukushi/20260801_seishin_byouin-xlsx-xlsx
2329118,医療法人社団二誠会 村上診療所,133-0057,江戸川区,江戸川区西小岩３－３１－１１,03-3658-2021,2007-01-01,2025-01-01,byouin,2026-08-01,https://www.fukushi.metro.tokyo.lg.jp/documents/d/fukushi/20260801_seishin_byouin-xlsx-xlsx
2329126,麻生小児科医院,134-0088,江戸川区,江戸川区西葛西６－９－１２　第三吉野ビル２階,03-5659-5220,2007-02-01,2025-02-01,byouin,2026-08-01,https://www.fukushi.metro.tokyo.lg.jp/documents/d/fukushi/20260801_seishin_byouin-xlsx-xlsx
2329134,小川クリニック,132-0011,江戸川区,江戸川区瑞江１－３－１３,03-3679-3020,2024-10-01,,byouin,2026-08-01,https://www.fukushi.metro.tokyo.lg.jp/documents/d/fukushi/20260801_seishin_byouin-xlsx-xlsx
2329407,医療法人社団みのる会 船堀駅前整形外科内科,134-0091,江戸川区,江戸川区船堀２－２２－１４,03-5658-8711,2008-04-01,2026-04-01,byouin,2026-08-01,https://www.fukushi.metro.tokyo.lg.jp/documents/d/fukushi/20260801_seishin_byouin-xlsx-xlsx
2329597,医療法人社団水青会 小松川クリニック,132-0033,江戸川区,江戸川区東小松川１－１２－１１,03-5607-7051,2007-02-01,2025-02-01,byouin,2026-08-01,https://www.fukushi.metro.tokyo.lg.jp/documents/d/fukushi/20260801_seishin_byouin-xlsx-xlsx
2329829,医療法人社団昭正会 瑞江脳神経外科医院,133-0065,江戸川区,江戸川区南篠崎町３－２４－２,03-3670-2112,2007-04-01,2025-04-01,byouin,2026-08-01,https://www.fukushi.metro.tokyo.lg.jp/documents/d/fukushi/20260801_seishin_byouin-xlsx-xlsx
2330272,真銅クリニック,132-0021,江戸川区,江戸川区中央２－２２－２７,03-3654-1088,2007-01-01,2025-01-01,byouin,2026-08-01,https://www.fukushi.metro.tokyo.lg.jp/documents/d/fukushi/20260801_seishin_byouin-xlsx-xlsx
2330470,江戸川クリニック,134-0088,江戸川区,江戸川区西葛西３－８－３,03-3687-8933,2007-02-01,2025-02-01,byouin,2026-08-01,https://www.fukushi.metro.tokyo.lg.jp/documents/d/fukushi/20260801_seishin_byouin-xlsx-xlsx
2330512,医療法人社団 順禮拓海会 江戸川ホームケアクリニック,134-0091,江戸川区,江戸川区船堀４－３－６　リベール船堀　６階,03-5667-6221,2012-11-01,2024-11-01,byouin,2026-08-01,https://www.fukushi.metro.tokyo.lg.jp/documents/d/fukushi/20260801_seishin_byouin-xlsx-xlsx
2330751,医療法人社団長栄会 長栄クリニック,133-0057,江戸川区,江戸川区西小岩４－１－２０　千成ビル２階,03-3671-3012,2007-01-01,2025-01-01,byouin,2026-08-01,https://www.fukushi.metro.tokyo.lg.jp/documents/d/fukushi/20260801_seishin_byouin-xlsx-xlsx
2330769,医療法人社団生生会 生生医院,133-0057,江戸川区,江戸川区西小岩５－１０－２２,03-3657-6151,2008-04-01,2026-04-01,byouin,2026-08-01,https://www.fukushi.metro.tokyo.lg.jp/documents/d/fukushi/20260801_seishin_byouin-xlsx-xlsx
2330793,社会福祉法人仁生社 メディカルプラザ江戸川,133-0052,江戸川区,江戸川区東小岩２－６－１,03-3673-1566,2007-07-01,2025-07-01,byouin,2026-08-01,https://www.fukushi.metro.tokyo.lg.jp/documents/d/fukushi/20260801_seishin_byouin-xlsx-xlsx
2330918,むらかみクリニック,132-0024,江戸川区,江戸川区一之江７－３８－８　イルニードショッピングアレイ２階,03-5678-7377,2012-01-01,2024-01-01,byouin,2026-08-01,https://www.fukushi.metro.tokyo.lg.jp/documents/d/fukushi/20260801_seishin_byouin-xlsx-xlsx
2330926,増村メンタルクリニック,134-0088,江戸川区,江戸川区西葛西６－１７－５　関寅ビル第３　６階,03-5659-0733,2007-10-01,2025-10-01,byouin,2026-08-01,https://www.fukushi.metro.tokyo.lg.jp/documents/d/fukushi/20260801_seishin_byouin-xlsx-xlsx
2330942,医療法人社団一翠会 みながわクリニック,133-0057,江戸川区,江戸川区西小岩４－９－５　１階,03-5612-2151,2008-01-01,2026-01-01,byouin,2026-08-01,https://www.fukushi.metro.tokyo.lg.jp/documents/d/fukushi/20260801_seishin_byouin-xlsx-xlsx
2331130,医療法人社団桐司会矢島循環器・内科,134-0083,江戸川区,江戸川区中葛西５－３８－１０　シャトレーゼⅡ１階,03-5667-2525,2007-01-01,2025-01-01,byouin,2026-08-01,https://www.fukushi.metro.tokyo.lg.jp/documents/d/fukushi/20260801_seishin_byouin-xlsx-xlsx
2331304,医療法人社団多仁会 はるやま小児科,133-0065,江戸川区,江戸川区南篠崎町２－１０－１カームコート１０１Ａ,03-3679-1188,2020-12-01,,byouin,2026-08-01,https://www.fukushi.metro.tokyo.lg.jp/documents/d/fukushi/20260801_seishin_byouin-xlsx-xlsx
2331312,医療法人社団木かげ会 わたなべ医院,134-0013,江戸川区,江戸川区江戸川４－２２－４,03-3656-3232,2013-09-01,2025-09-01,byouin,2026-08-01,https://www.fukushi.metro.tokyo.lg.jp/documents/d/fukushi/20260801_seishin_byouin-xlsx-xlsx
2331346,いとうメンタルクリニック,134-0088,江戸川区,江戸川区西葛西６－１６－４　エスペランス６Ｆ,03-6663-4567,2009-09-01,2021-09-01,byouin,2026-08-01,https://www.fukushi.metro.tokyo.lg.jp/documents/d/fukushi/20260801_seishin_byouin-xlsx-xlsx
2331890,医療法人社団晃勲会白石医院,133-0052,江戸川区,江戸川区東小岩４－３３－１６,03-3657-4501,2026-06-01,,byouin,2026-08-01,https://www.fukushi.metro.tokyo.lg.jp/documents/d/fukushi/20260801_seishin_byouin-xlsx-xlsx
2331965,医療法人社団まめの木会 まめの木クリニック,133-0052,江戸川区,江戸川区東小岩５－２０－５,03-3671-5360,2007-02-01,2025-02-01,byouin,2026-08-01,https://www.fukushi.metro.tokyo.lg.jp/documents/d/fukushi/20260801_seishin_byouin-xlsx-xlsx
2332070,酒井内科・神経内科クリニック,134-0088,江戸川区,江戸川区西葛西６－１５－２０　アイビーハイツ２階,03-6808-2807,2012-06-01,2024-06-01,byouin,2026-08-01,https://www.fukushi.metro.tokyo.lg.jp/documents/d/fukushi/20260801_seishin_byouin-xlsx-xlsx
2332104,医療法人社団豊弘会 きうち内科クリニック,133-0044,江戸川区,江戸川区本一色３－３９－２－２０１,03-3655-0600,2017-05-01,2023-05-01,byouin,2026-08-01,https://www.fukushi.metro.tokyo.lg.jp/documents/d/fukushi/20260801_seishin_byouin-xlsx-xlsx
2332294,医療法人社団図南 川上脳神経外科クリニック,134-0091,江戸川区,江戸川区船堀５－１３－２,03-5878-3328,2010-04-01,2022-04-01,byouin,2026-08-01,https://www.fukushi.metro.tokyo.lg.jp/documents/d/fukushi/20260801_seishin_byouin-xlsx-xlsx
2332328,医療法人社団城東桐和会 タムス総合クリニック平井駅前,132-0035,江戸川区,江戸川区平井３－２３－１８　光井グランドハイツ２階,03-5875-3377,2013-10-01,2025-10-01,byouin,2026-08-01,https://www.fukushi.metro.tokyo.lg.jp/documents/d/fukushi/20260801_seishin_byouin-xlsx-xlsx
2332518,医療法人社団二誠会 村上医院,133-0073,江戸川区,江戸川区鹿骨２－２１－７,03-3670-3211,2007-01-01,2025-01-01,byouin,2026-08-01,https://www.fukushi.metro.tokyo.lg.jp/documents/d/fukushi/20260801_seishin_byouin-xlsx-xlsx
2332526,医療法人社団香雪会 香雪医院,133-0061,江戸川区,江戸川区篠崎町２－１－１,03-5664-0777,2012-01-01,2024-01-01,byouin,2026-08-01,https://www.fukushi.metro.tokyo.lg.jp/documents/d/fukushi/20260801_seishin_byouin-xlsx-xlsx
2332633,船堀メンタルクリニック,134-0091,江戸川区,江戸川区船堀２－２１－１１　アイフィールド船堀２０１,03-3804-9190,2008-07-01,2026-07-01,byouin,2026-08-01,https://www.fukushi.metro.tokyo.lg.jp/documents/d/fukushi/20260801_seishin_byouin-xlsx-xlsx
2332856,葛西こころのクリニック,134-0084,江戸川区,江戸川区東葛西６－１－１７　第６カネ長ビル７０２号室,03-5878-0526,2015-10-01,2021-10-01,byouin,2026-08-01,https://www.fukushi.metro.tokyo.lg.jp/documents/d/fukushi/20260801_seishin_byouin-xlsx-xlsx
2332898,医療法人社団瑞信会 新小岩南口クリニック,132-0031,江戸川区,江戸川区松島４－４５－７,03-5678-8588,2015-12-01,2021-12-01,byouin,2026-08-01,https://www.fukushi.metro.tokyo.lg.jp/documents/d/fukushi/20260801_seishin_byouin-xlsx-xlsx
2333151,医療法人社団萌生会 小岩ひとみクリニック,133-0056,江戸川区,江戸川区南小岩８－１１－１０　アメニティ・タナカ３０１号室,03-6801-7623,2017-04-01,2023-04-01,byouin,2026-08-01,https://www.fukushi.metro.tokyo.lg.jp/documents/d/fukushi/20260801_seishin_byouin-xlsx-xlsx
2333219,医療法人社団城東桐和会タムスさくらクリニック江戸川,133-0063,江戸川区,江戸川区東篠崎１－１１－１５,03-5879-7732,2016-12-01,2022-12-01,byouin,2026-08-01,https://www.fukushi.metro.tokyo.lg.jp/documents/d/fukushi/20260801_seishin_byouin-xlsx-xlsx
2333243,瑞江おおみねクリニック,132-0011,江戸川区,江戸川区瑞江２－３－２　フロンティアビル５階,03-3679-3300,2018-02-01,2024-02-01,byouin,2026-08-01,https://www.fukushi.metro.tokyo.lg.jp/documents/d/fukushi/20260801_seishin_byouin-xlsx-xlsx
2333318,にいほりクリニック,132-0001,江戸川区,江戸川区新堀１－３８－１１,03-5243-4141,2020-09-01,,byouin,2026-08-01,https://www.fukushi.metro.tokyo.lg.jp/documents/d/fukushi/20260801_seishin_byouin-xlsx-xlsx
2333466,医療法人社団松寿会 松寿会診療所,134-0083,江戸川区,江戸川区中葛西５－３３－１５,03-3689-5451,2021-02-01,,byouin,2026-08-01,https://www.fukushi.metro.tokyo.lg.jp/documents/d/fukushi/20260801_seishin_byouin-xlsx-xlsx
2333573,しろひげ在宅診療所,133-0065,江戸川区,江戸川区南篠崎町２－１１－２ニューサザンクロス１階,03-5666-4675,2019-04-01,2025-04-01,byouin,2026-08-01,https://www.fukushi.metro.tokyo.lg.jp/documents/d/fukushi/20260801_seishin_byouin-xlsx-xlsx
2333599,吉岡医院,133-0056,江戸川区,江戸川区南小岩５－１６－８,03-3657-1037,2007-01-01,2025-01-01,byouin,2026-08-01,https://www.fukushi.metro.tokyo.lg.jp/documents/d/fukushi/20260801_seishin_byouin-xlsx-xlsx
2333870,ほたるクリニック,134-0088,江戸川区,江戸川区西葛西７－２４－２２　ＭＹビル１０２,03-6555-2980,2022-04-01,,byouin,2026-08-01,https://www.fukushi.metro.tokyo.lg.jp/documents/d/fukushi/20260801_seishin_byouin-xlsx-xlsx
2333896,医療法人社団由寿会 おかはら胃腸クリニック,134-0084,江戸川区,江戸川区東葛西６－１－１７　第６カネ長ビル１０２,03-5659-2155,2007-02-01,2025-02-01,byouin,2026-08-01,https://www.fukushi.metro.tokyo.lg.jp/documents/d/fukushi/20260801_seishin_byouin-xlsx-xlsx
2333979,篠﨑医院,133-0057,江戸川区,江戸川区西小岩１－２７－６　ＹＯＳＨＩ　ＢＬＤ３Ｆ,03-3657-6379,2007-01-01,2025-01-01,byouin,2026-08-01,https://www.fukushi.metro.tokyo.lg.jp/documents/d/fukushi/20260801_seishin_byouin-xlsx-xlsx
2334118,親和ハートフルクリニック,132-0035,江戸川区,江戸川区平井２－２４－１６　東京育明会ビル１階,03-3684-7150,2007-01-01,2025-01-01,byouin,2026-08-01,https://www.fukushi.metro.tokyo.lg.jp/documents/d/fukushi/20260801_seishin_byouin-xlsx-xlsx
2334191,医療法人社団ゆい トータルケアクリニック,133-0057,江戸川区,江戸川区西小岩１－２１－２３,03-5612-5188,2022-06-01,,byouin,2026-08-01,https://www.fukushi.metro.tokyo.lg.jp/documents/d/fukushi/20260801_seishin_byouin-xlsx-xlsx
2334225,江戸川南クリニック,134-0088,江戸川区,江戸川区西葛西３－３－１　第３ウツイビル１０５号,03-6808-8813,2022-10-01,,byouin,2026-08-01,https://www.fukushi.metro.tokyo.lg.jp/documents/d/fukushi/20260801_seishin_byouin-xlsx-xlsx
2334241,医療法人社団靱生会えどがわ在宅小岩クリニック,133-0056,江戸川区,江戸川区南小岩２－１８－９,03-6801-7058,2026-08-01,,byouin,2026-08-01,https://www.fukushi.metro.tokyo.lg.jp/documents/d/fukushi/20260801_seishin_byouin-xlsx-xlsx
2334290,アグリホームクリニックえどがわ,133-0043,江戸川区,江戸川区松本１－１１－３　佐々木ビル２階,03-6231-5062,2023-02-01,,byouin,2026-08-01,https://www.fukushi.metro.tokyo.lg.jp/documents/d/fukushi/20260801_seishin_byouin-xlsx-xlsx
2334373,ＩＣＨＩ Ｃｌｉｎｉｃ,132-0035,江戸川区,江戸川区平井５－２１－３　ガーデン欣志ビル３０７号,03-6657-2820,2020-08-01,,byouin,2026-08-01,https://www.fukushi.metro.tokyo.lg.jp/documents/d/fukushi/20260801_seishin_byouin-xlsx-xlsx
2334449,葛西ホームクリニック,134-0083,江戸川区,江戸川区中葛西５－４１－５　１階,03-6456-0470,2023-07-01,,byouin,2026-08-01,https://www.fukushi.metro.tokyo.lg.jp/documents/d/fukushi/20260801_seishin_byouin-xlsx-xlsx
2334498,ホームドクターこつこつクリニック,134-0084,江戸川区,江戸川区東葛西５－４０－１　サンエクセル英１０１,03-6661-4365,2023-12-01,,byouin,2026-08-01,https://www.fukushi.metro.tokyo.lg.jp/documents/d/fukushi/20260801_seishin_byouin-xlsx-xlsx
2334530,医療法人社団ともえ会船堀ふじたメンタルクリニック,134-0091,江戸川区,江戸川区船堀４－７－８　グランシャリオ１階,03-5696-2331,2022-01-01,,byouin,2026-08-01,https://www.fukushi.metro.tokyo.lg.jp/documents/d/fukushi/20260801_seishin_byouin-xlsx-xlsx
2334571,医療法人社団さくら篠崎駅前にこにこクリニック,133-0061,江戸川区,江戸川区篠崎町２－７－１５エスタシオン篠崎１階,03-3677-7773,2007-04-01,2025-04-01,byouin,2026-08-01,https://www.fukushi.metro.tokyo.lg.jp/documents/d/fukushi/20260801_seishin_byouin-xlsx-xlsx
2334654,医療法人社団ともえ会一之江ふじたメンタルクリニック,132-0023,江戸川区,江戸川区西一之江３－１－２　ライオンズマンション親水公園南１０５号室,03-5678-9760,2024-05-01,,byouin,2026-08-01,https://www.fukushi.metro.tokyo.lg.jp/documents/d/fukushi/20260801_seishin_byouin-xlsx-xlsx
2334712,医療法人社団楽雲会西葛西駅前家族のクリニック,134-0088,江戸川区,江戸川区西葛西３－１５－１３　第一江の本ビル３階,03-5679-7851,2020-07-01,2026-07-01,byouin,2026-08-01,https://www.fukushi.metro.tokyo.lg.jp/documents/d/fukushi/20260801_seishin_byouin-xlsx-xlsx
2334787,江戸川篠崎こどもと大人のメンタルクリニック,133-0061,江戸川区,江戸川区篠崎町７－２７－２３　ＩＳＩビル４階Ｃ号室,03-5666-8008,2024-11-01,,byouin,2026-08-01,https://www.fukushi.metro.tokyo.lg.jp/documents/d/fukushi/20260801_seishin_byouin-xlsx-xlsx
2334811,医療法人社団明善会 小岩榎本クリニック,133-0057,江戸川区,江戸川区北小岩１－１－１２,03-5622-7221,2018-09-01,2024-09-01,byouin,2026-08-01,https://www.fukushi.metro.tokyo.lg.jp/documents/d/fukushi/20260801_seishin_byouin-xlsx-xlsx
2334852,ＥＢＬクリニック東京西葛西,134-0088,江戸川区,江戸川区西葛西５－６－１９　西葛西内宮ビル７０２,03-5878-1185,2025-01-01,,byouin,2026-08-01,https://www.fukushi.metro.tokyo.lg.jp/documents/d/fukushi/20260801_seishin_byouin-xlsx-xlsx
2334873,医療法人社団月明会あかり在宅クリニック,134-0084,江戸川区,江戸川区東葛西６－１－２８　武企画ビルⅢ１階１０１号室,03-3877-7766,2023-10-01,,byouin,2026-08-01,https://www.fukushi.metro.tokyo.lg.jp/documents/d/fukushi/20260801_seishin_byouin-xlsx-xlsx
2334878,社会医療法人社団森山医会森山総合クリニック,134-0081,江戸川区,江戸川区北葛西４－３－７,03-5675-1211,2025-01-01,,byouin,2026-08-01,https://www.fukushi.metro.tokyo.lg.jp/documents/d/fukushi/20260801_seishin_byouin-xlsx-xlsx
2334944,特定非営利活動法人希少難病ネットつながるつむぐクリニック,132-0021,江戸川区,江戸川区中央４－１１－８　アルカディア親水公園ビル１階,03-6657-9828,2026-04-01,,byouin,2026-08-01,https://www.fukushi.metro.tokyo.lg.jp/documents/d/fukushi/20260801_seishin_byouin-xlsx-xlsx
2335124,あたまとリハビリのクリニック新小岩脳神経外科,132-0021,江戸川区,江戸川区中央４－４－６,03-5879-3588,2026-04-01,,byouin,2026-08-01,https://www.fukushi.metro.tokyo.lg.jp/documents/d/fukushi/20260801_seishin_byouin-xlsx-xlsx
2335131,こころの森クリニック船堀,134-0091,江戸川区,江戸川区船堀３－５－７　船堀駅前トキビル５階,03-3686-5561,2025-10-01,,byouin,2026-08-01,https://www.fukushi.metro.tokyo.lg.jp/documents/d/fukushi/20260801_seishin_byouin-xlsx-xlsx
2335156,医療法人社団月明会あかり在宅クリニック篠崎,133-0061,江戸川区,江戸川区篠崎町７－２０－１９　篠崎ツインプレイス２０番街区０００２号室,03-5664-6686,2026-03-01,,byouin,2026-08-01,https://www.fukushi.metro.tokyo.lg.jp/documents/d/fukushi/20260801_seishin_byouin-xlsx-xlsx
2335164,西内科消化器内視鏡クリニック,132-0035,江戸川区,江戸川区平井４－１５－２０,03-3682-3756,2025-10-01,,byouin,2026-08-01,https://www.fukushi.metro.tokyo.lg.jp/documents/d/fukushi/20260801_seishin_byouin-xlsx-xlsx
2335172,医療法人社団Ｐｌｅｘｕｓ大江戸えどがわクリニック,132-0024,江戸川区,江戸川区一之江８－１９－６　彦新ビルＩ－２階,03-6231-5023,2025-12-01,,byouin,2026-08-01,https://www.fukushi.metro.tokyo.lg.jp/documents/d/fukushi/20260801_seishin_byouin-xlsx-xlsx
2335255,やまもも在宅クリニック,134-0088,江戸川区,江戸川区西葛西５－６－１９　西葛西内宮ビル５０１号室,03-5878-1966,2026-06-01,,byouin,2026-08-01,https://www.fukushi.metro.tokyo.lg.jp/documents/d/fukushi/20260801_seishin_byouin-xlsx-xlsx
2335297,たろうクリニック葛西,134-0084,江戸川区,江戸川区東葛西６－４－３　２０１,03-6808-9059,2021-09-01,,byouin,2026-08-01,https://www.fukushi.metro.tokyo.lg.jp/documents/d/fukushi/20260801_seishin_byouin-xlsx-xlsx
2335305,アンカークリニック江戸川,134-0091,江戸川区,江戸川区船堀３－７－１３　ヴァンテアンビル２階及び３階,03-3686-2233,2026-05-01,,byouin,2026-08-01,https://www.fukushi.metro.tokyo.lg.jp/documents/d/fukushi/20260801_seishin_byouin-xlsx-xlsx
2370872,医療法人社団津端会 京葉病院,132-0025,江戸川区,江戸川区松江２－４３－１２,03-3654-8211,2008-01-01,2026-01-01,byouin,2026-08-01,https://www.fukushi.metro.tokyo.lg.jp/documents/d/fukushi/20260801_seishin_byouin-xlsx-xlsx
2370898,医療法人社団向日葵会 まつしま病院,132-0031,江戸川区,江戸川区松島１－４１－２９,03-3653-5541,2007-01-01,2025-01-01,byouin,2026-08-01,https://www.fukushi.metro.tokyo.lg.jp/documents/d/fukushi/20260801_seishin_byouin-xlsx-xlsx
2370930,医療法人社団昌医会 葛西昌医会病院,134-0084,江戸川区,江戸川区東葛西６－３０－３,03-5696-1611,2007-01-01,2025-01-01,byouin,2026-08-01,https://www.fukushi.metro.tokyo.lg.jp/documents/d/fukushi/20260801_seishin_byouin-xlsx-xlsx
2370989,日本私立学校振興・共済事業団 東京臨海病院,134-0086,江戸川区,江戸川区臨海町１－４－２,03-5605-8811,2007-01-01,2025-01-01,byouin,2026-08-01,https://www.fukushi.metro.tokyo.lg.jp/documents/d/fukushi/20260801_seishin_byouin-xlsx-xlsx
2371011,医療法人社団東京ハートサミット 東京心臓不整脈病院,132-0035,江戸川区,江戸川区平井３－２５－１７,03-3638-2301,2008-01-01,2026-01-01,byouin,2026-08-01,https://www.fukushi.metro.tokyo.lg.jp/documents/d/fukushi/20260801_seishin_byouin-xlsx-xlsx
2371037,医療法人社団 葛西中央病院,134-0091,江戸川区,江戸川区船堀７－１０－３,03-3680-8121,2007-02-01,2025-02-01,byouin,2026-08-01,https://www.fukushi.metro.tokyo.lg.jp/documents/d/fukushi/20260801_seishin_byouin-xlsx-xlsx
2371045,医療法人社団晃山会タムス松江病院,132-0025,江戸川区,江戸川区松江２－６－１５,03-3652-3121,2008-01-01,2026-01-01,byouin,2026-08-01,https://www.fukushi.metro.tokyo.lg.jp/documents/d/fukushi/20260801_seishin_byouin-xlsx-xlsx
2371060,医療法人社団城東桐和会タムスさくら病院江戸川,133-0063,江戸川区,江戸川区東篠崎１－１１－１,03-5664-1701,2013-08-01,2025-08-01,byouin,2026-08-01,https://www.fukushi.metro.tokyo.lg.jp/documents/d/fukushi/20260801_seishin_byouin-xlsx-xlsx
2371094,社会医療法人社団森山医会森山記念病院,134-0088,江戸川区,江戸川区北葛西４－３－１,03-5679-1211,2008-01-01,2026-01-01,byouin,2026-08-01,https://www.fukushi.metro.tokyo.lg.jp/documents/d/fukushi/20260801_seishin_byouin-xlsx-xlsx
2371102,社会医療法人社団森山医会森山脳神経センター病院,134-0088,江戸川区,江戸川区西葛西７－１２－７,03-3675-1211,2008-01-01,2026-01-01,byouin,2026-08-01,https://www.fukushi.metro.tokyo.lg.jp/documents/d/fukushi/20260801_seishin_byouin-xlsx-xlsx
2371128,医療法人社団城東桐和会 タムス瑞江病院,133-0065,江戸川区,江戸川区南篠崎町３－２５－１３,03-5879-7821,2023-03-01,,byouin,2026-08-01,https://www.fukushi.metro.tokyo.lg.jp/documents/d/fukushi/20260801_seishin_byouin-xlsx-xlsx
2911832,医療法人社団東京愛成会 高月病院,192-0005,八王子市,八王子市宮下町１７８,042-691-1131,2007-01-01,2025-01-01,byouin,2026-08-01,https://www.fukushi.metro.tokyo.lg.jp/documents/d/fukushi/20260801_seishin_byouin-xlsx-xlsx
2913697,医療法人財団青溪会 駒木野病院,193-0841,八王子市,八王子市裏高尾町２７３,042-663-2222,2007-01-01,2025-01-01,byouin,2026-08-01,https://www.fukushi.metro.tokyo.lg.jp/documents/d/fukushi/20260801_seishin_byouin-xlsx-xlsx
2913705,医療法人社団玉栄会 東京天使病院,193-0811,八王子市,八王子市上壱分方町５０－１,042-651-5331,2007-02-01,2019-02-01,byouin,2026-08-01,https://www.fukushi.metro.tokyo.lg.jp/documents/d/fukushi/20260801_seishin_byouin-xlsx-xlsx
2913721,一般財団法人高尾保養院 東京高尾病院,193-0844,八王子市,八王子市高尾町２１８７,042-661-6652,2007-01-01,2025-01-01,byouin,2026-08-01,https://www.fukushi.metro.tokyo.lg.jp/documents/d/fukushi/20260801_seishin_byouin-xlsx-xlsx
2913739,医療法人財団緑雲会 多摩病院,192-0015,八王子市,八王子市中野町２０８２,042-623-5308,2007-01-01,2025-01-01,byouin,2026-08-01,https://www.fukushi.metro.tokyo.lg.jp/documents/d/fukushi/20260801_seishin_byouin-xlsx-xlsx
2917375,医療法人社団明和会 西八王子病院,192-0151,八王子市,八王子市上川町２１５０,042-654-4551,2007-01-01,2025-01-01,byouin,2026-08-01,https://www.fukushi.metro.tokyo.lg.jp/documents/d/fukushi/20260801_seishin_byouin-xlsx-xlsx
2917912,医療法人社団鵬友会 協和病院,193-0801,八王子市,八王子市川口町２７５８,042-654-4231,2007-01-01,2025-01-01,byouin,2026-08-01,https://www.fukushi.metro.tokyo.lg.jp/documents/d/fukushi/20260801_seishin_byouin-xlsx-xlsx
2918837,医療法人社団光生会 平川病院,192-0152,八王子市,八王子市美山町１０７６,042-651-3131,2007-01-01,2025-01-01,byouin,2026-08-01,https://www.fukushi.metro.tokyo.lg.jp/documents/d/fukushi/20260801_seishin_byouin-xlsx-xlsx
2919728,医療法人社団小松会 聖パウロ病院,193-0934,八王子市,八王子市小比企町１７１０,042-635-5111,2007-01-01,2025-01-01,byouin,2026-08-01,https://www.fukushi.metro.tokyo.lg.jp/documents/d/fukushi/20260801_seishin_byouin-xlsx-xlsx
2922367,東京都八王子福祉園診療所,192-0153,八王子市,八王子市西寺方町７６,042-651-4114,2006-04-01,2024-04-01,byouin,2026-08-01,https://www.fukushi.metro.tokyo.lg.jp/documents/d/fukushi/20260801_seishin_byouin-xlsx-xlsx
2925071,三井クリニック,192-0084,八王子市,八王子市三崎町９－６－４階,042-621-4560,2007-01-01,2025-01-01,byouin,2026-08-01,https://www.fukushi.metro.tokyo.lg.jp/documents/d/fukushi/20260801_seishin_byouin-xlsx-xlsx
2925121,医療法人社団宏誠会 髙山外科眼科医院,193-0816,八王子市,八王子市大楽寺町４９６,042-625-0148,2006-11-01,2018-11-01,byouin,2026-08-01,https://www.fukushi.metro.tokyo.lg.jp/documents/d/fukushi/20260801_seishin_byouin-xlsx-xlsx
2925592,社会福祉法人聖隷福祉事業団 聖隷クリニック南大沢,192-0364,八王子市,八王子市南大沢３－１６－１　明日見らいふ南大沢２階,042-679-3030,2009-01-01,2021-01-01,byouin,2026-08-01,https://www.fukushi.metro.tokyo.lg.jp/documents/d/fukushi/20260801_seishin_byouin-xlsx-xlsx
2925774,医療法人社団斗南堂八王子クリニック,192-0081,八王子市,八王子市横山町１１－５　斗南堂ビル,042-643-3717,2026-07-01,,byouin,2026-08-01,https://www.fukushi.metro.tokyo.lg.jp/documents/d/fukushi/20260801_seishin_byouin-xlsx-xlsx
2925972,医療法人社団実穂会渡辺医院,193-0824,八王子市,八王子市長房町３７３－２　渡辺ビル１階,042-663-3263,2023-10-01,,byouin,2026-08-01,https://www.fukushi.metro.tokyo.lg.jp/documents/d/fukushi/20260801_seishin_byouin-xlsx-xlsx
2926012,医療法人社団博朋会 神経科精神科ひらかわクリニック,192-0083,八王子市,八王子市旭町１０－１３　４階,042-642-8793,2007-01-01,2025-01-01,byouin,2026-08-01,https://www.fukushi.metro.tokyo.lg.jp/documents/d/fukushi/20260801_seishin_byouin-xlsx-xlsx
2926129,台町クリニック,193-0931,八王子市,八王子市台町３－２４－２６,042-621-6078,2007-01-01,2025-01-01,byouin,2026-08-01,https://www.fukushi.metro.tokyo.lg.jp/documents/d/fukushi/20260801_seishin_byouin-xlsx-xlsx
2926285,医療法人社団豊明会 宮澤内科クリニック,192-0906,八王子市,八王子市北野町５６０－５,042-656-2855,2007-01-01,2025-01-01,byouin,2026-08-01,https://www.fukushi.metro.tokyo.lg.jp/documents/d/fukushi/20260801_seishin_byouin-xlsx-xlsx
2926350,医療法人社団イロハ会 クリニック田島,193-0826,八王子市,八王子市元八王子町３－２２６３－５,042-666-6080,2007-10-01,2025-10-01,byouin,2026-08-01,https://www.fukushi.metro.tokyo.lg.jp/documents/d/fukushi/20260801_seishin_byouin-xlsx-xlsx
2926400,荒川メンタルクリニック,192-0081,八王子市,八王子市横山町２５－１６　フロイデンビル３階,042-645-4710,2007-01-01,2025-01-01,byouin,2026-08-01,https://www.fukushi.metro.tokyo.lg.jp/documents/d/fukushi/20260801_seishin_byouin-xlsx-xlsx
2926814,医療法人社団永生会 永生クリニック,193-0942,八王子市,八王子市椚田町５８８－１７,042-661-7780,2007-02-01,2025-02-01,byouin,2026-08-01,https://www.fukushi.metro.tokyo.lg.jp/documents/d/fukushi/20260801_seishin_byouin-xlsx-xlsx
2926921,大森クリニック,192-0081,八王子市,八王子市横山町３－１３　矢島ビル４階,042-645-2227,2007-01-01,2025-01-01,byouin,2026-08-01,https://www.fukushi.metro.tokyo.lg.jp/documents/d/fukushi/20260801_seishin_byouin-xlsx-xlsx
2926988,医療法人社団恵優会 弐番街メディカルクリニック,192-0373,八王子市,八王子市上柚木３－６－１,042-670-7288,2008-01-01,2026-01-01,byouin,2026-08-01,https://www.fukushi.metro.tokyo.lg.jp/documents/d/fukushi/20260801_seishin_byouin-xlsx-xlsx
2927135,西てらかた医院,192-0153,八王子市,八王子市西寺方町３８３－１,042-650-5055,2015-08-01,2021-08-01,byouin,2026-08-01,https://www.fukushi.metro.tokyo.lg.jp/documents/d/fukushi/20260801_seishin_byouin-xlsx-xlsx
2927275,北野メンタルクリニック,192-0911,八王子市,八王子市打越町３４４－６カリヨンプラス３階,042-648-2229,2007-01-01,2025-01-01,byouin,2026-08-01,https://www.fukushi.metro.tokyo.lg.jp/documents/d/fukushi/20260801_seishin_byouin-xlsx-xlsx
2927630,四谷医院,193-0813,八王子市,八王子市四谷町７２２　健康館１階,042-620-5577,2008-07-01,2026-07-01,byouin,2026-08-01,https://www.fukushi.metro.tokyo.lg.jp/documents/d/fukushi/20260801_seishin_byouin-xlsx-xlsx
2927721,医療法人社団光生会 陵南診療所,193-0835,八王子市,八王子市千人町２－２０－２　ＥＩＧＨＴ　ＢＬＤＧ．－ＮｉｓｈｉｈａｃｈｉⅡ－４階,042-661-7411,2007-01-01,2025-01-01,byouin,2026-08-01,https://www.fukushi.metro.tokyo.lg.jp/documents/d/fukushi/20260801_seishin_byouin-xlsx-xlsx
2927796,医療法人社団青空会 あおぞらクリニック,192-0082,八王子市,八王子市東町３－１１　プレイム八王子ビル３０１号室,042-643-5688,2007-01-01,2025-01-01,byouin,2026-08-01,https://www.fukushi.metro.tokyo.lg.jp/documents/d/fukushi/20260801_seishin_byouin-xlsx-xlsx
2927812,医療法人社団斗南堂八王子クリニック新町,192-0065,八王子市,八王子市新町７－１０　シルバーヒルズ八王子１階及び２階,042-643-1321,2024-10-01,,byouin,2026-08-01,https://www.fukushi.metro.tokyo.lg.jp/documents/d/fukushi/20260801_seishin_byouin-xlsx-xlsx
2927879,青木メンタルクリニック,192-0904,八王子市,八王子市子安町３－６－７　サザンエイトビル２０１,042-646-8061,2007-01-01,2025-01-01,byouin,2026-08-01,https://www.fukushi.metro.tokyo.lg.jp/documents/d/fukushi/20260801_seishin_byouin-xlsx-xlsx
2928331,たけクリニック,192-0081,八王子市,八王子市横山町１１－２,042-656-2536,2008-01-01,2026-01-01,byouin,2026-08-01,https://www.fukushi.metro.tokyo.lg.jp/documents/d/fukushi/20260801_seishin_byouin-xlsx-xlsx
2928638,医療法人社団主正会 かわさきクリニック,192-0154,八王子市,八王子市下恩方町１１４１－１,042-650-6655,2007-08-01,2025-08-01,byouin,2026-08-01,https://www.fukushi.metro.tokyo.lg.jp/documents/d/fukushi/20260801_seishin_byouin-xlsx-xlsx
2928778,医療法人社団悠悠会 八王子メンタルクリニック,192-0081,八王子市,八王子市横山町４－３　八王子メンタルクリニックビル,042-656-2627,2009-05-01,2021-05-01,byouin,2026-08-01,https://www.fukushi.metro.tokyo.lg.jp/documents/d/fukushi/20260801_seishin_byouin-xlsx-xlsx
2928786,数井クリニック,192-0911,八王子市,八王子市打越町２００１－１６－３Ｆ,042-635-1888,2020-12-01,,byouin,2026-08-01,https://www.fukushi.metro.tokyo.lg.jp/documents/d/fukushi/20260801_seishin_byouin-xlsx-xlsx
2928935,医療法人社団ＫＮＩ 北原ライフサポートクリニック,192-0904,八王子市,八王子市子安町４－７－１　サザンスカイタワー八王子１階,042-655-6665,2011-02-01,2023-02-01,byouin,2026-08-01,https://www.fukushi.metro.tokyo.lg.jp/documents/d/fukushi/20260801_seishin_byouin-xlsx-xlsx
2929057,社会福祉法人日本心身障害児協会 島田療育センターはちおうじ,193-0931,八王子市,八王子市台町４－３３－１３,042-634-8511,2011-04-01,2023-04-01,byouin,2026-08-01,https://www.fukushi.metro.tokyo.lg.jp/documents/d/fukushi/20260801_seishin_byouin-xlsx-xlsx
2929222,愛弘クリニック,192-0046,八王子市,八王子市明神町４－２－７　秀和第一八王子レジデンス１０４,042-660-5256,2007-01-01,2025-01-01,byouin,2026-08-01,https://www.fukushi.metro.tokyo.lg.jp/documents/d/fukushi/20260801_seishin_byouin-xlsx-xlsx
2929255,医療法人社団 ニューロアソシエイツ 長池脳神経内科,192-0363,八王子市,八王子市別所１－７５－３,042-678-7360,2007-01-01,2025-01-01,byouin,2026-08-01,https://www.fukushi.metro.tokyo.lg.jp/documents/d/fukushi/20260801_seishin_byouin-xlsx-xlsx
2929396,顕メンタルクリニック,193-0941,八王子市,八王子市狭間町１６８２－５,042-663-7613,2008-01-01,2026-01-01,byouin,2026-08-01,https://www.fukushi.metro.tokyo.lg.jp/documents/d/fukushi/20260801_seishin_byouin-xlsx-xlsx
2929917,医療法人社団清仙会 松本クリニック,193-0835,八王子市,八王子市千人町２－２０－２　クローバービル３階３０３,042-673-4366,2007-02-01,2025-02-01,byouin,2026-08-01,https://www.fukushi.metro.tokyo.lg.jp/documents/d/fukushi/20260801_seishin_byouin-xlsx-xlsx
2930055,にじいろクリニック,193-0815,八王子市,八王子市叶谷町１７７７,042-649-7223,2015-11-01,2021-11-01,byouin,2026-08-01,https://www.fukushi.metro.tokyo.lg.jp/documents/d/fukushi/20260801_seishin_byouin-xlsx-xlsx
2930071,みなみ野こどもクリニック,192-0917,八王子市,八王子市西片倉３－１－４,042-637-5151,2023-10-01,,byouin,2026-08-01,https://www.fukushi.metro.tokyo.lg.jp/documents/d/fukushi/20260801_seishin_byouin-xlsx-xlsx
2930279,医療法人社団 愛友会 中濵クリニック,192-0375,八王子市,八王子市鑓水２－１７５－９,042-676-1234,2022-12-01,,byouin,2026-08-01,https://www.fukushi.metro.tokyo.lg.jp/documents/d/fukushi/20260801_seishin_byouin-xlsx-xlsx
2930303,医療法人社団永生会クリニックグリーングラス,193-0835,八王子市,八王子市千人町４－１２－３,042-673-5558,2019-07-01,2025-07-01,byouin,2026-08-01,https://www.fukushi.metro.tokyo.lg.jp/documents/d/fukushi/20260801_seishin_byouin-xlsx-xlsx
2930386,こころの訪問診療所いこま,192-0911,八王子市,八王子市打越町３４４－４　北野シティプラザ２階,042-649-2528,2019-10-01,2025-10-01,byouin,2026-08-01,https://www.fukushi.metro.tokyo.lg.jp/documents/d/fukushi/20260801_seishin_byouin-xlsx-xlsx
2930394,おのはら心のクリニック,192-0046,八王子市,八王子市明神町４－６－３　みつげんビル３階,042-631-8222,2019-10-01,2025-10-01,byouin,2026-08-01,https://www.fukushi.metro.tokyo.lg.jp/documents/d/fukushi/20260801_seishin_byouin-xlsx-xlsx
2930469,八王子いとうクリニック,192-0085,八王子市,八王子市中町８－３　ＣＩＳビル２階,042-649-3397,2020-01-01,2026-01-01,byouin,2026-08-01,https://www.fukushi.metro.tokyo.lg.jp/documents/d/fukushi/20260801_seishin_byouin-xlsx-xlsx
2930485,医療法人社団信寿会 八王子中町メンタルクリニック,192-0083,八王子市,八王子市旭町１２－１　ファルマ８０２ビル６階,042-655-7321,2009-06-01,2021-06-01,byouin,2026-08-01,https://www.fukushi.metro.tokyo.lg.jp/documents/d/fukushi/20260801_seishin_byouin-xlsx-xlsx
2930493,いずみクリニック,192-0904,八王子市,八王子市子安町１－１１－９,042-649-4032,2016-07-01,2022-07-01,byouin,2026-08-01,https://www.fukushi.metro.tokyo.lg.jp/documents/d/fukushi/20260801_seishin_byouin-xlsx-xlsx
2930535,医療法人社団明和会 こころのクリニック八王子,192-0046,八王子市,八王子市明神町２－２６－９　ＭＺビル２階,042-649-8221,2017-08-01,2023-08-01,byouin,2026-08-01,https://www.fukushi.metro.tokyo.lg.jp/documents/d/fukushi/20260801_seishin_byouin-xlsx-xlsx
2930584,中村訪問クリニック,192-0911,八王子市,八王子市打越町３４４－４　北野シティプラザ４０７,080-3575-0530,2021-04-01,,byouin,2026-08-01,https://www.fukushi.metro.tokyo.lg.jp/documents/d/fukushi/20260801_seishin_byouin-xlsx-xlsx
2930626,医療法人社団実穂会渡辺医院分院,193-0824,八王子市,八王子市長房町３４０－１２　コピオ長房ＳＣ２階,042-673-2110,2023-11-01,,byouin,2026-08-01,https://www.fukushi.metro.tokyo.lg.jp/documents/d/fukushi/20260801_seishin_byouin-xlsx-xlsx
2930717,かなや内科クリニック,193-0832,八王子市,八王子市散田町３－１７－１　コピオ西八王子駅前２Ｆ,042-673-2731,2022-05-01,,byouin,2026-08-01,https://www.fukushi.metro.tokyo.lg.jp/documents/d/fukushi/20260801_seishin_byouin-xlsx-xlsx
2930758,医療法人社団永生会グリーングラス南大沢クリニック,192-0372,八王子市,八王子市下柚木２－２６－１１,042-682-3580,2022-04-01,,byouin,2026-08-01,https://www.fukushi.metro.tokyo.lg.jp/documents/d/fukushi/20260801_seishin_byouin-xlsx-xlsx
2930816,そうわ八王子クリニック,192-0081,八王子市,八王子市横山町１７－１０　加根本ビル２階,042-686-2800,2024-06-01,,byouin,2026-08-01,https://www.fukushi.metro.tokyo.lg.jp/documents/d/fukushi/20260801_seishin_byouin-xlsx-xlsx
2930824,イーアス高尾クリニック,193-0834,八王子市,八王子市東浅川町５５０－１　イーアス高尾２Ｆ,042-673-6610,2023-02-01,,byouin,2026-08-01,https://www.fukushi.metro.tokyo.lg.jp/documents/d/fukushi/20260801_seishin_byouin-xlsx-xlsx
2930832,ほったクリニック,192-0364,八王子市,八王子市南大沢１－２２－３,042-682-3316,2021-11-01,,byouin,2026-08-01,https://www.fukushi.metro.tokyo.lg.jp/documents/d/fukushi/20260801_seishin_byouin-xlsx-xlsx
2930931,松ざきこころクリニック,192-0918,八王子市,八王子市兵衛１－３－１　ミクリスシティ４階,042-683-0660,2023-10-01,,byouin,2026-08-01,https://www.fukushi.metro.tokyo.lg.jp/documents/d/fukushi/20260801_seishin_byouin-xlsx-xlsx
2930998,ことのはメンタルクリニック南大沢,192-0364,八王子市,八王子市南大沢２－２　パオレビル５階,042-673-1245,2024-05-01,,byouin,2026-08-01,https://www.fukushi.metro.tokyo.lg.jp/documents/d/fukushi/20260801_seishin_byouin-xlsx-xlsx
2931046,清栄クリニック,193-0832,八王子市,八王子市散田町３－１８－１１　１０４,042-673-3787,2026-02-01,,byouin,2026-08-01,https://www.fukushi.metro.tokyo.lg.jp/documents/d/fukushi/20260801_seishin_byouin-xlsx-xlsx
2931053,医療法人社団永生会グリーングラス川口町クリニック,193-0801,八王子市,八王子市川口町１５９１－１,042-659-1755,2025-06-01,,byouin,2026-08-01,https://www.fukushi.metro.tokyo.lg.jp/documents/d/fukushi/20260801_seishin_byouin-xlsx-xlsx
2931061,医療法人社団永生会南多摩病院附属クリニック,193-0832,八王子市,八王子市散田町３－９－１５　ライオンズマンション西八王子駅前１０４号,042-663-0118,2024-09-01,,byouin,2026-08-01,https://www.fukushi.metro.tokyo.lg.jp/documents/d/fukushi/20260801_seishin_byouin-xlsx-xlsx
2931210,八王子心療内科・精神科いつでもこころのメンタルクリニック,192-0083,八王子市,八王子市旭町１１－８　アクセスビル２階Ａ号室,042-649-8233,2026-05-01,,byouin,2026-08-01,https://www.fukushi.metro.tokyo.lg.jp/documents/d/fukushi/20260801_seishin_byouin-xlsx-xlsx
2970051,東京医科大学八王子医療センター,193-0998,八王子市,八王子市館町１１６３,042-665-5611,2007-10-01,2025-10-01,byouin,2026-08-01,https://www.fukushi.metro.tokyo.lg.jp/documents/d/fukushi/20260801_seishin_byouin-xlsx-xlsx
2970093,医療法人社団青雲会 北野台病院,192-0911,八王子市,八王子市打越町１０６８,042-637-1001,2007-01-01,2025-01-01,byouin,2026-08-01,https://www.fukushi.metro.tokyo.lg.jp/documents/d/fukushi/20260801_seishin_byouin-xlsx-xlsx
2970150,医療法人永寿会 恩方病院,192-0153,八王子市,八王子市西寺方町１０５,042-651-3411,2007-01-01,2025-01-01,byouin,2026-08-01,https://www.fukushi.metro.tokyo.lg.jp/documents/d/fukushi/20260801_seishin_byouin-xlsx-xlsx
2971034,医療法人社団清伸会高尾厚生病院,193-0846,八王子市,八王子市南浅川町３８１５,042-661-0316,2021-02-01,,byouin,2026-08-01,https://www.fukushi.metro.tokyo.lg.jp/documents/d/fukushi/20260801_seishin_byouin-xlsx-xlsx
2971042,医療法人社団ＫＮＩ 北原国際病院,192-0045,八王子市,八王子市大和田町１－７－２３,042-645-1110,2007-02-01,2025-02-01,byouin,2026-08-01,https://www.fukushi.metro.tokyo.lg.jp/documents/d/fukushi/20260801_seishin_byouin-xlsx-xlsx
2971067,医療法人社団親和会 野猿峠脳神経外科病院,192-0372,八王子市,八王子市下柚木１９７４－１,042-674-1515,2008-01-01,2026-01-01,byouin,2026-08-01,https://www.fukushi.metro.tokyo.lg.jp/documents/d/fukushi/20260801_seishin_byouin-xlsx-xlsx
2971083,東海大学八王子病院,192-0032,八王子市,八王子市石川町１８３８,042-639-1111,2007-01-01,2025-01-01,byouin,2026-08-01,https://www.fukushi.metro.tokyo.lg.jp/documents/d/fukushi/20260801_seishin_byouin-xlsx-xlsx
2971125,医療法人社団ＫＮＩ 北原リハビリテーション病院,192-0012,八王子市,八王子市左入町４６１,042-692-3332,2007-02-01,2025-02-01,byouin,2026-08-01,https://www.fukushi.metro.tokyo.lg.jp/documents/d/fukushi/20260801_seishin_byouin-xlsx-xlsx
2971208,右田病院,192-0043,八王子市,八王子市暁町１－４８－１８,042-622-5155,2024-05-01,,byouin,2026-08-01,https://www.fukushi.metro.tokyo.lg.jp/documents/d/fukushi/20260801_seishin_byouin-xlsx-xlsx
2971232,医療法人社団新山会希望の丘八王子病院,193-0802,八王子市,八王子市犬目町６４１,042-654-6131,2007-07-01,2025-07-01,byouin,2026-08-01,https://www.fukushi.metro.tokyo.lg.jp/documents/d/fukushi/20260801_seishin_byouin-xlsx-xlsx
3015716,国家公務員共済組合連合会 立川病院,190-0022,立川市,立川市錦町４－２－２２,042-523-3131,2007-02-01,2025-02-01,byouin,2026-08-01,https://www.fukushi.metro.tokyo.lg.jp/documents/d/fukushi/20260801_seishin_byouin-xlsx-xlsx
3022936,医療法人社団東迅会 にしの木クリニック,190-0022,立川市,立川市錦町３－１－３３,042-525-7211,2007-01-01,2025-01-01,byouin,2026-08-01,https://www.fukushi.metro.tokyo.lg.jp/documents/d/fukushi/20260801_seishin_byouin-xlsx-xlsx
3023017,医療法人社団 さいわいこどもクリニック,190-0002,立川市,立川市幸町１－１１－３,042-536-7280,2007-01-01,2025-01-01,byouin,2026-08-01,https://www.fukushi.metro.tokyo.lg.jp/documents/d/fukushi/20260801_seishin_byouin-xlsx-xlsx
3023223,曙クリニック,190-0012,立川市,立川市曙町２－３２－３　立川三和ビル２階,042-525-6285,2007-01-01,2025-01-01,byouin,2026-08-01,https://www.fukushi.metro.tokyo.lg.jp/documents/d/fukushi/20260801_seishin_byouin-xlsx-xlsx
3023264,医療法人社団天佑会 けやきメンタルクリニック,190-0023,立川市,立川市柴崎町３－５－７　安田ビル４階,042-523-6693,2007-01-01,2025-01-01,byouin,2026-08-01,https://www.fukushi.metro.tokyo.lg.jp/documents/d/fukushi/20260801_seishin_byouin-xlsx-xlsx
3023314,立川メンタルクリニック,190-0023,立川市,立川市柴崎町２－２－２３　松村ビル３階,042-529-8151,2007-01-01,2025-01-01,byouin,2026-08-01,https://www.fukushi.metro.tokyo.lg.jp/documents/d/fukushi/20260801_seishin_byouin-xlsx-xlsx
3023348,医療法人社団敬好会石井医院,190-0012,立川市,立川市曙町１－１９－４　１階,042-522-2030,2024-01-01,,byouin,2026-08-01,https://www.fukushi.metro.tokyo.lg.jp/documents/d/fukushi/20260801_seishin_byouin-xlsx-xlsx
3023405,立川相互ふれあいクリニック,190-0022,立川市,立川市錦町１－２３－４,042-524-1371,2007-11-01,2025-11-01,byouin,2026-08-01,https://www.fukushi.metro.tokyo.lg.jp/documents/d/fukushi/20260801_seishin_byouin-xlsx-xlsx
3023421,相生メンタルクリニック,190-0023,立川市,立川市柴崎町３－３－２　ＡＢ´ｓビル６階,042-540-8177,2007-02-01,2025-02-01,byouin,2026-08-01,https://www.fukushi.metro.tokyo.lg.jp/documents/d/fukushi/20260801_seishin_byouin-xlsx-xlsx
3023629,立川相互病院付属子ども診療所,190-0022,立川市,立川市錦町１－２３－２５　１階,042-525-6555,2007-01-01,2025-01-01,byouin,2026-08-01,https://www.fukushi.metro.tokyo.lg.jp/documents/d/fukushi/20260801_seishin_byouin-xlsx-xlsx
3024007,立川パークサイドクリニック,190-0012,立川市,立川市曙町１－２８－１０　ウェストウィング２階,042-526-3105,2008-11-01,2020-11-01,byouin,2026-08-01,https://www.fukushi.metro.tokyo.lg.jp/documents/d/fukushi/20260801_seishin_byouin-xlsx-xlsx
3024171,医療法人社団上杉会 上杉クリニック,190-0023,立川市,立川市柴崎町２－１－８　第２中島ビル４階,042-529-5570,2007-01-01,2025-01-01,byouin,2026-08-01,https://www.fukushi.metro.tokyo.lg.jp/documents/d/fukushi/20260801_seishin_byouin-xlsx-xlsx
3024460,鈴木慶やすらぎクリニック,190-0001,立川市,立川市若葉町３－３－３,042-538-7135,2007-08-01,2025-08-01,byouin,2026-08-01,https://www.fukushi.metro.tokyo.lg.jp/documents/d/fukushi/20260801_seishin_byouin-xlsx-xlsx
3024536,医療法人社団慶真会 アイコールメディカル在宅クリニック,190-0012,立川市,立川市曙町１－３０－１２　ＪＰトラストビル２階,042-519-3078,2014-06-01,2026-06-01,byouin,2026-08-01,https://www.fukushi.metro.tokyo.lg.jp/documents/d/fukushi/20260801_seishin_byouin-xlsx-xlsx
3024569,医療法人社団東京石心会立川新緑クリニック,190-0001,立川市,立川市若葉町３－５４－１６,042-535-8711,2024-12-01,,byouin,2026-08-01,https://www.fukushi.metro.tokyo.lg.jp/documents/d/fukushi/20260801_seishin_byouin-xlsx-xlsx
3024643,ホームケアクリニック立川,190-0023,立川市,立川市柴崎町２－１２－３－１０２,042-512-5616,2016-02-01,2022-02-01,byouin,2026-08-01,https://www.fukushi.metro.tokyo.lg.jp/documents/d/fukushi/20260801_seishin_byouin-xlsx-xlsx
3024692,三多摩在宅クリニック,190-0012,立川市,立川市曙町１－１９－３　薬袋ビル２階　２０１号,042-595-6057,2015-07-01,2021-07-01,byouin,2026-08-01,https://www.fukushi.metro.tokyo.lg.jp/documents/d/fukushi/20260801_seishin_byouin-xlsx-xlsx
3024767,医療法人社団悠悠会 オアシスクリニック,190-0012,立川市,立川市曙町１－１５－３,042-523-8639,2007-11-01,2025-11-01,byouin,2026-08-01,https://www.fukushi.metro.tokyo.lg.jp/documents/d/fukushi/20260801_seishin_byouin-xlsx-xlsx
3024841,医療法人社団 弘基会 おおたか脳神経外科・内科,190-0004,立川市,立川市柏町４－５６－１　グローバルビル１階　Ａ,042-535-1177,2016-07-01,2022-07-01,byouin,2026-08-01,https://www.fukushi.metro.tokyo.lg.jp/documents/d/fukushi/20260801_seishin_byouin-xlsx-xlsx
3024882,楓クリニック ららぽーと立川立飛,190-0015,立川市,立川市泉町９３５－１,042-512-5201,2021-05-01,,byouin,2026-08-01,https://www.fukushi.metro.tokyo.lg.jp/documents/d/fukushi/20260801_seishin_byouin-xlsx-xlsx
3025020,医療法人社団東京愛成会あいせいかいココロのクリニック,190-0012,立川市,立川市曙町１－２９－７　キングストンパレス立川地下１階Ｂ,042-512-5078,2019-05-01,2025-05-01,byouin,2026-08-01,https://www.fukushi.metro.tokyo.lg.jp/documents/d/fukushi/20260801_seishin_byouin-xlsx-xlsx
3025194,医療法人社団季邦会街のクリニック立川・村山,190-0004,立川市,立川市柏町４－６３－２５　ヴィアーレ玉川上水１０１,042-535-3974,2024-06-01,,byouin,2026-08-01,https://www.fukushi.metro.tokyo.lg.jp/documents/d/fukushi/20260801_seishin_byouin-xlsx-xlsx
3025277,医療法人社団ＹＭＲ立川脳神経外科クリニック,190-0023,立川市,立川市柴崎町６－１９－１６,042-522-5155,2019-08-01,2025-08-01,byouin,2026-08-01,https://www.fukushi.metro.tokyo.lg.jp/documents/d/fukushi/20260801_seishin_byouin-xlsx-xlsx
3025293,医療法人社団山本メンタルクリニック,190-0022,立川市,立川市錦町１－３－３　ビュープラザ立川６階,042-595-9907,2007-01-01,2025-01-01,byouin,2026-08-01,https://www.fukushi.metro.tokyo.lg.jp/documents/d/fukushi/20260801_seishin_byouin-xlsx-xlsx
3025491,けいあい在宅クリニック,190-0032,立川市,立川市上砂町２－４－１２　レエンデ敬愛１階,042-537-9199,2024-09-01,,byouin,2026-08-01,https://www.fukushi.metro.tokyo.lg.jp/documents/d/fukushi/20260801_seishin_byouin-xlsx-xlsx
3025541,医療法人社団幸悠会立川こころのクリニック,190-0012,立川市,立川市曙町２－８－５　シネマシティビル１２階１２０２区画,042-521-4139,2007-01-01,2025-01-01,byouin,2026-08-01,https://www.fukushi.metro.tokyo.lg.jp/documents/d/fukushi/20260801_seishin_byouin-xlsx-xlsx
3025566,立川相互錦町クリニック,190-0022,立川市,立川市錦町１－１６－１５,042-512-8720,2007-01-01,2025-01-01,byouin,2026-08-01,https://www.fukushi.metro.tokyo.lg.jp/documents/d/fukushi/20260801_seishin_byouin-xlsx-xlsx
3025624,立川心療内科ゆうメンタルクリニック立川院,190-0012,立川市,立川市曙町２－３－１　４階,042-506-0808,2026-01-01,,byouin,2026-08-01,https://www.fukushi.metro.tokyo.lg.jp/documents/d/fukushi/20260801_seishin_byouin-xlsx-xlsx
3025632,医療法人社団おおぞら会つばさクリニック立川,190-0023,立川市,立川市柴崎町２－１－６　エルタワー・タチ３階,042-518-9409,2025-08-01,,byouin,2026-08-01,https://www.fukushi.metro.tokyo.lg.jp/documents/d/fukushi/20260801_seishin_byouin-xlsx-xlsx
3025699,医療法人社団成令会在宅２４クリニック立川国立,190-0023,立川市,立川市柴崎町３－５－８　名取ビル３０１号,042-316-5720,2025-11-01,,byouin,2026-08-01,https://www.fukushi.metro.tokyo.lg.jp/documents/d/fukushi/20260801_seishin_byouin-xlsx-xlsx
3025715,ぽかぽかメンタルクリニック,190-0013,立川市,立川市富士見町１－３１－１８　西立川ＫＩビル３階,042-512-5021,2026-03-01,,byouin,2026-08-01,https://www.fukushi.metro.tokyo.lg.jp/documents/d/fukushi/20260801_seishin_byouin-xlsx-xlsx
3070349,立川相互病院,190-8578,立川市,立川市緑町４－１,042-525-2585,2022-03-01,,byouin,2026-08-01,https://www.fukushi.metro.tokyo.lg.jp/documents/d/fukushi/20260801_seishin_byouin-xlsx-xlsx
8670077,独立行政法人国立病院機構 災害医療センター,190-0014,立川市,立川市緑町３２５６,042-526-5511,2007-09-01,2025-09-01,byouin,2026-08-01,https://www.fukushi.metro.tokyo.lg.jp/documents/d/fukushi/20260801_seishin_byouin-xlsx-xlsx
3315728,武蔵野赤十字病院,180-8610,武蔵野市,武蔵野市境南町１－２６－１,0422-32-3111,2007-02-01,2025-02-01,byouin,2026-08-01,https://www.fukushi.metro.tokyo.lg.jp/documents/d/fukushi/20260801_seishin_byouin-xlsx-xlsx
3323508,医療法人社団救世会 床鍋診療所,180-0001,武蔵野市,武蔵野市吉祥寺北町１－１－１,0422-22-1587,2007-02-01,2025-02-01,byouin,2026-08-01,https://www.fukushi.metro.tokyo.lg.jp/documents/d/fukushi/20260801_seishin_byouin-xlsx-xlsx
3323623,高橋医院,180-0006,武蔵野市,武蔵野市中町２－１３－２５,0422-52-3149,2007-02-01,2025-02-01,byouin,2026-08-01,https://www.fukushi.metro.tokyo.lg.jp/documents/d/fukushi/20260801_seishin_byouin-xlsx-xlsx
3323649,めぐみクリニック,180-0022,武蔵野市,武蔵野市境１－３－２　セントラルＶＩＶＯ１３２　３階Ａ,0422-37-9886,2007-01-01,2025-01-01,byouin,2026-08-01,https://www.fukushi.metro.tokyo.lg.jp/documents/d/fukushi/20260801_seishin_byouin-xlsx-xlsx
3323847,樋口クリニック,180-0006,武蔵野市,武蔵野市中町１－１３－１　２階,0422-56-3588,2007-01-01,2025-01-01,byouin,2026-08-01,https://www.fukushi.metro.tokyo.lg.jp/documents/d/fukushi/20260801_seishin_byouin-xlsx-xlsx
3324001,椎名医院,180-0003,武蔵野市,武蔵野市吉祥寺南町１－１８－６,0422-44-3478,2007-01-01,2025-01-01,byouin,2026-08-01,https://www.fukushi.metro.tokyo.lg.jp/documents/d/fukushi/20260801_seishin_byouin-xlsx-xlsx
3324027,末広通りくろさわクリニック,180-0003,武蔵野市,武蔵野市吉祥寺南町２－６－５　ワイズビル２階,0422-76-6755,2007-01-01,2025-01-01,byouin,2026-08-01,https://www.fukushi.metro.tokyo.lg.jp/documents/d/fukushi/20260801_seishin_byouin-xlsx-xlsx
3324233,安岡整形外科脳外科クリニック,180-0004,武蔵野市,武蔵野市吉祥寺本町２－１４－８,0422-20-2010,2015-10-01,2021-10-01,byouin,2026-08-01,https://www.fukushi.metro.tokyo.lg.jp/documents/d/fukushi/20260801_seishin_byouin-xlsx-xlsx
3324696,医療法人社団 若狭内科クリニック,180-0023,武蔵野市,武蔵野市境南町２－１２－１２　ヴィラキャスケード１階,0422-34-5266,2007-01-01,2025-01-01,byouin,2026-08-01,https://www.fukushi.metro.tokyo.lg.jp/documents/d/fukushi/20260801_seishin_byouin-xlsx-xlsx
3324977,ゆいメンタルクリニック,180-0005,武蔵野市,武蔵野市御殿山１－６－１１　Ｋ２ビル５階,0422-71-2681,2007-01-01,2025-01-01,byouin,2026-08-01,https://www.fukushi.metro.tokyo.lg.jp/documents/d/fukushi/20260801_seishin_byouin-xlsx-xlsx
3325222,吉祥寺中医クリニック,180-0004,武蔵野市,武蔵野市吉祥寺本町１－１３－６　古谷ビル５階,0422-20-4110,2008-03-01,2026-03-01,byouin,2026-08-01,https://www.fukushi.metro.tokyo.lg.jp/documents/d/fukushi/20260801_seishin_byouin-xlsx-xlsx
3325248,おざき心のクリニック,180-0004,武蔵野市,武蔵野市吉祥寺本町１－３５－１４　ユニアス七井ビル２階,0422-20-5587,2006-07-01,2024-07-01,byouin,2026-08-01,https://www.fukushi.metro.tokyo.lg.jp/documents/d/fukushi/20260801_seishin_byouin-xlsx-xlsx
3325388,吉祥寺クローバークリニック,180-0004,武蔵野市,武蔵野市吉祥寺本町２－２５－７　吉祥寺プラザ３階,0422-28-7377,2007-08-01,2025-08-01,byouin,2026-08-01,https://www.fukushi.metro.tokyo.lg.jp/documents/d/fukushi/20260801_seishin_byouin-xlsx-xlsx
3325487,野の花メンタルクリニック,180-0004,武蔵野市,武蔵野市吉祥寺本町１－２１－２－２０３,0422-28-1587,2007-01-01,2025-01-01,byouin,2026-08-01,https://www.fukushi.metro.tokyo.lg.jp/documents/d/fukushi/20260801_seishin_byouin-xlsx-xlsx
3325545,ポレポレクリニック,180-0023,武蔵野市,武蔵野市境南町２－３－４　五番館ビル４階,0422-39-2266,2009-04-01,2021-04-01,byouin,2026-08-01,https://www.fukushi.metro.tokyo.lg.jp/documents/d/fukushi/20260801_seishin_byouin-xlsx-xlsx
3325560,医療法人社団ひのき会 証クリニック吉祥寺,180-0004,武蔵野市,武蔵野市吉祥寺本町２－１０－７　くもんぴあ吉祥寺ビル２階,0422-21-7701,2017-11-01,2023-11-01,byouin,2026-08-01,https://www.fukushi.metro.tokyo.lg.jp/documents/d/fukushi/20260801_seishin_byouin-xlsx-xlsx
3325669,医療法人社団白百合会 スイング・ビル野崎クリニック,180-0022,武蔵野市,武蔵野市境２－１４－１　スイング８階,0422-36-3534,2007-02-01,2025-02-01,byouin,2026-08-01,https://www.fukushi.metro.tokyo.lg.jp/documents/d/fukushi/20260801_seishin_byouin-xlsx-xlsx
3325693,医療法人社団 白百合会 タワーズ内科クリニック,180-0006,武蔵野市,武蔵野市中町１－１２－１０　武蔵野タワーズスカイゲートタワー５階　クリニックモールＢ号,0422-50-1331,2011-10-01,2023-10-01,byouin,2026-08-01,https://www.fukushi.metro.tokyo.lg.jp/documents/d/fukushi/20260801_seishin_byouin-xlsx-xlsx
3325792,医療法人社団エトワール会 たんぽぽクリニック,180-0001,武蔵野市,武蔵野市吉祥寺北町３－５－８－１０７,0422-51-5143,2019-07-01,2025-07-01,byouin,2026-08-01,https://www.fukushi.metro.tokyo.lg.jp/documents/d/fukushi/20260801_seishin_byouin-xlsx-xlsx
3325842,吉祥寺こころの診療所,180-0004,武蔵野市,武蔵野市吉祥寺本町１－１８－２　Ｍ９ビル７階,0422-27-1282,2011-09-01,2023-09-01,byouin,2026-08-01,https://www.fukushi.metro.tokyo.lg.jp/documents/d/fukushi/20260801_seishin_byouin-xlsx-xlsx
3325941,医療法人社団 わきクリニック,180-0006,武蔵野市,武蔵野市中町１－９－８　三協第一ビル２階,0422-55-5530,2007-01-01,2025-01-01,byouin,2026-08-01,https://www.fukushi.metro.tokyo.lg.jp/documents/d/fukushi/20260801_seishin_byouin-xlsx-xlsx
3325958,吉祥寺たかのメンタルクリニック,180-0004,武蔵野市,武蔵野市吉祥寺本町２－１３－４　井野ビル３０１,0422-27-1077,2012-06-01,2024-06-01,byouin,2026-08-01,https://www.fukushi.metro.tokyo.lg.jp/documents/d/fukushi/20260801_seishin_byouin-xlsx-xlsx
3326493,司馬クリニック,180-0022,武蔵野市,武蔵野市境２－２－３　渡辺ビル５０１,0422-55-8707,2007-01-01,2025-01-01,byouin,2026-08-01,https://www.fukushi.metro.tokyo.lg.jp/documents/d/fukushi/20260801_seishin_byouin-xlsx-xlsx
3326592,吉祥寺いろはメンタルクリニック,180-0003,武蔵野市,武蔵野市吉祥寺南町１－１０－１０　Ｓビル２階,0422-29-8656,2017-11-01,2023-11-01,byouin,2026-08-01,https://www.fukushi.metro.tokyo.lg.jp/documents/d/fukushi/20260801_seishin_byouin-xlsx-xlsx
3326824,医療法人社団 緑友会 らいおんハート武蔵野脳神経外科内科クリニック,180-0011,武蔵野市,武蔵野市八幡町３－１－２５,0422-52-6600,2022-07-01,,byouin,2026-08-01,https://www.fukushi.metro.tokyo.lg.jp/documents/d/fukushi/20260801_seishin_byouin-xlsx-xlsx
3326832,三鷹北口たなかクリニック,180-0006,武蔵野市,武蔵野市中町１－１５－５　三鷹ノースヒルズ２階,0422-27-7661,2020-05-01,2026-05-01,byouin,2026-08-01,https://www.fukushi.metro.tokyo.lg.jp/documents/d/fukushi/20260801_seishin_byouin-xlsx-xlsx
3326881,むさしのメンタルクリニック,180-0022,武蔵野市,武蔵野市境２－１４－８　アドニス・モリヤ１階,0422-53-5155,2007-01-01,2025-01-01,byouin,2026-08-01,https://www.fukushi.metro.tokyo.lg.jp/documents/d/fukushi/20260801_seishin_byouin-xlsx-xlsx
3326998,医療法人社団 Ｈｅａｒｔ Ｓｔａｔｉｏｎ こころ診療所 吉祥寺駅前,180-0003,武蔵野市,武蔵野市吉祥寺南町１－４－３　ニューセンタービル６階,0422-26-5695,2021-08-01,,byouin,2026-08-01,https://www.fukushi.metro.tokyo.lg.jp/documents/d/fukushi/20260801_seishin_byouin-xlsx-xlsx
3327129,よしざわクリニック,180-0006,武蔵野市,武蔵野市中町２－１５－１３,0422-38-5320,2022-08-01,,byouin,2026-08-01,https://www.fukushi.metro.tokyo.lg.jp/documents/d/fukushi/20260801_seishin_byouin-xlsx-xlsx
3327194,やまでらクリニック,180-0006,武蔵野市,武蔵野市中町１－２２－２　ナッツビル５階,0422-55-1556,2012-06-01,2024-06-01,byouin,2026-08-01,https://www.fukushi.metro.tokyo.lg.jp/documents/d/fukushi/20260801_seishin_byouin-xlsx-xlsx
3327210,ファミリーケアクリニック吉祥寺,180-0002,武蔵野市,武蔵野市吉祥寺東町２－７－３,0422-21-4800,2023-06-01,,byouin,2026-08-01,https://www.fukushi.metro.tokyo.lg.jp/documents/d/fukushi/20260801_seishin_byouin-xlsx-xlsx
3327244,武蔵境こころのクリニック,180-0022,武蔵野市,武蔵野市境２－２－２０　スクエア武蔵境３階３０１,0422-39-8772,2023-06-01,,byouin,2026-08-01,https://www.fukushi.metro.tokyo.lg.jp/documents/d/fukushi/20260801_seishin_byouin-xlsx-xlsx
3327376,医療法人社団スリープクリニック スリープクリニック三鷹,180-0005,武蔵野市,武蔵野市御殿山２－２１－２１　御殿山ＯＨビル３階,0422-26-9990,2024-05-01,,byouin,2026-08-01,https://www.fukushi.metro.tokyo.lg.jp/documents/d/fukushi/20260801_seishin_byouin-xlsx-xlsx
3327442,たけうち診療所,180-0006,武蔵野市,武蔵野市中町１－１０－６　三鷹北口共同ビル２階,0422-27-7675,2018-05-01,2024-05-01,byouin,2026-08-01,https://www.fukushi.metro.tokyo.lg.jp/documents/d/fukushi/20260801_seishin_byouin-xlsx-xlsx
3327517,吉祥寺おおさき内科・脳神経内科,180-0003,武蔵野市,武蔵野市吉祥寺南町２－２－４　ＲＮビル２階,0422-72-0026,2024-12-01,,byouin,2026-08-01,https://www.fukushi.metro.tokyo.lg.jp/documents/d/fukushi/20260801_seishin_byouin-xlsx-xlsx
3327533,あおいメンタルクリニック,180-0023,武蔵野市,武蔵野市境南町２－３－１６　第一高木ビル１階,0422-26-4200,2025-04-01,,byouin,2026-08-01,https://www.fukushi.metro.tokyo.lg.jp/documents/d/fukushi/20260801_seishin_byouin-xlsx-xlsx
3327657,あすを生きるメンタルクリニック吉祥寺,180-0004,武蔵野市,武蔵野市吉祥寺本町１－１５－９　岩崎吉祥寺ビル７階Ａ,042-229-3712,2026-04-01,,byouin,2026-08-01,https://www.fukushi.metro.tokyo.lg.jp/documents/d/fukushi/20260801_seishin_byouin-xlsx-xlsx
3370152,医療法人 啓仁会 吉祥寺南病院,180-8551,武蔵野市,武蔵野市吉祥寺南町３－１４－４,0422-45-2161,2012-09-01,2018-09-01,byouin,2026-08-01,https://www.fukushi.metro.tokyo.lg.jp/documents/d/fukushi/20260801_seishin_byouin-xlsx-xlsx
3613791,公益財団法人 井之頭病院,181-8531,三鷹市,三鷹市上連雀４－１４－１,0422-44-5331,2007-01-01,2025-01-01,byouin,2026-08-01,https://www.fukushi.metro.tokyo.lg.jp/documents/d/fukushi/20260801_seishin_byouin-xlsx-xlsx
3613874,医療法人社団積信会長谷川病院,181-0015,三鷹市,三鷹市大沢２－２０－３６,0422-31-8600,2007-01-01,2025-01-01,byouin,2026-08-01,https://www.fukushi.metro.tokyo.lg.jp/documents/d/fukushi/20260801_seishin_byouin-xlsx-xlsx
3619285,杏林大学医学部付属病院,181-0004,三鷹市,三鷹市新川６－２０－２,0422-47-5511,2007-01-01,2025-01-01,byouin,2026-08-01,https://www.fukushi.metro.tokyo.lg.jp/documents/d/fukushi/20260801_seishin_byouin-xlsx-xlsx
3622453,小川クリニック,181-0013,三鷹市,三鷹市下連雀３－３４－２２　ライオンズプラザ三鷹駅前２０１,0422-47-4545,2007-01-01,2025-01-01,byouin,2026-08-01,https://www.fukushi.metro.tokyo.lg.jp/documents/d/fukushi/20260801_seishin_byouin-xlsx-xlsx
3623048,みこしばクリニック,181-0001,三鷹市,三鷹市井の頭２－１９－２５,0422-46-0755,2007-01-01,2025-01-01,byouin,2026-08-01,https://www.fukushi.metro.tokyo.lg.jp/documents/d/fukushi/20260801_seishin_byouin-xlsx-xlsx
3623329,施無畏クリニック,181-0013,三鷹市,三鷹市下連雀３－２８－２－２階,0422-41-4615,2007-01-01,2025-01-01,byouin,2026-08-01,https://www.fukushi.metro.tokyo.lg.jp/documents/d/fukushi/20260801_seishin_byouin-xlsx-xlsx
3623436,ノムラクリニック,181-0012,三鷹市,三鷹市上連雀１－３－１３,0422-36-0612,2007-01-01,2025-01-01,byouin,2026-08-01,https://www.fukushi.metro.tokyo.lg.jp/documents/d/fukushi/20260801_seishin_byouin-xlsx-xlsx
3623485,医療法人社団翔香会 天文台クリニック,181-0015,三鷹市,三鷹市大沢１－１７－２,0422-30-7929,2007-01-01,2025-01-01,byouin,2026-08-01,https://www.fukushi.metro.tokyo.lg.jp/documents/d/fukushi/20260801_seishin_byouin-xlsx-xlsx
3623600,三鷹駅前こころのクリニック,181-0013,三鷹市,三鷹市下連雀３－２７－１　三鷹三協ビル１階Ｂ室,0422-72-5600,2006-11-01,2024-11-01,byouin,2026-08-01,https://www.fukushi.metro.tokyo.lg.jp/documents/d/fukushi/20260801_seishin_byouin-xlsx-xlsx
3624426,花楯こころ・からだのクリニック,181-0013,三鷹市,三鷹市下連雀３－３４－１５　アトラス三鷹レジデンス２０３号,0422-72-0022,2007-07-01,2025-07-01,byouin,2026-08-01,https://www.fukushi.metro.tokyo.lg.jp/documents/d/fukushi/20260801_seishin_byouin-xlsx-xlsx
3624434,医療法人社団正悠会 みたか中村脳神経外科クリニック,181-0013,三鷹市,三鷹市下連雀３－３４－１５　アトラス三鷹レジデンス２０２,0422-40-5070,2008-08-01,2020-08-01,byouin,2026-08-01,https://www.fukushi.metro.tokyo.lg.jp/documents/d/fukushi/20260801_seishin_byouin-xlsx-xlsx
3624764,武蔵野みどり診療所,181-0001,三鷹市,三鷹市井の頭５－７－３６ＳＡＫＵＲＡ１階,0422-24-9333,2021-01-01,,byouin,2026-08-01,https://www.fukushi.metro.tokyo.lg.jp/documents/d/fukushi/20260801_seishin_byouin-xlsx-xlsx
3624772,医療法人社団慈泰会 みたかの森こころのクリニック,181-0013,三鷹市,三鷹市下連雀３－３６－１　トリコナ３階,0422-29-9966,2019-07-01,2025-07-01,byouin,2026-08-01,https://www.fukushi.metro.tokyo.lg.jp/documents/d/fukushi/20260801_seishin_byouin-xlsx-xlsx
3625092,医療法人社団和光会キノメディッククリニックつつじヶ丘,181-0005,三鷹市,三鷹市中原１－６－２５,03-6909-0290,2023-11-01,,byouin,2026-08-01,https://www.fukushi.metro.tokyo.lg.jp/documents/d/fukushi/20260801_seishin_byouin-xlsx-xlsx
3625118,医療法人社団おはなの会 三鷹駅こころえがおクリニック,181-0012,三鷹市,三鷹市上連雀２－１－１０　ＫＢビル３０１号,0422-71-3556,2021-09-01,,byouin,2026-08-01,https://www.fukushi.metro.tokyo.lg.jp/documents/d/fukushi/20260801_seishin_byouin-xlsx-xlsx
3625126,医療法人社団安真会 所澤クリニック,181-0005,三鷹市,三鷹市中原３－１－１９,0422-76-6055,2016-05-01,2022-05-01,byouin,2026-08-01,https://www.fukushi.metro.tokyo.lg.jp/documents/d/fukushi/20260801_seishin_byouin-xlsx-xlsx
3625134,医療法人社団ひかり会のぞみメモリークリニック,181-0013,三鷹市,三鷹市下連雀４－２－８,0422-70-3880,2015-02-01,2021-02-01,byouin,2026-08-01,https://www.fukushi.metro.tokyo.lg.jp/documents/d/fukushi/20260801_seishin_byouin-xlsx-xlsx
3625175,みたかホームケアクリニック,181-0013,三鷹市,三鷹市下連雀７－１－５,0422-72-5550,2024-12-01,,byouin,2026-08-01,https://www.fukushi.metro.tokyo.lg.jp/documents/d/fukushi/20260801_seishin_byouin-xlsx-xlsx
3625217,医療法人社団向生會 ぴあ訪問クリニック三鷹,181-0013,三鷹市,三鷹市下連雀３－４３－２１　藤和三鷹ホームズ２０3,0422-29-8388,2017-06-01,,byouin,2026-08-01,https://www.fukushi.metro.tokyo.lg.jp/documents/d/fukushi/20260801_seishin_byouin-xlsx-xlsx
3625233,プライムクリニック三鷹,181-0013,三鷹市,三鷹市下連雀３－２２－１４　岡田ビル２０１,0422-26-5686,2018-02-01,2024-02-01,byouin,2026-08-01,https://www.fukushi.metro.tokyo.lg.jp/documents/d/fukushi/20260801_seishin_byouin-xlsx-xlsx
3625308,ホームクリニックえにし武蔵野,181-0013,三鷹市,三鷹市下連雀３－３－５０　パークファミリア５０１号室,0422-26-7901,2025-07-01,,byouin,2026-08-01,https://www.fukushi.metro.tokyo.lg.jp/documents/d/fukushi/20260801_seishin_byouin-xlsx-xlsx
2815744,市立青梅総合医療センター,198-0042,青梅市,青梅市東青梅４－１６－５,0428-22-3191,2007-01-01,2025-01-01,byouin,2026-08-01,https://www.fukushi.metro.tokyo.lg.jp/documents/d/fukushi/20260801_seishin_byouin-xlsx-xlsx
2820603,博仁会診療所,198-0002,青梅市,青梅市富岡１－３１８,0428-74-4411,2007-02-01,2025-02-01,byouin,2026-08-01,https://www.fukushi.metro.tokyo.lg.jp/documents/d/fukushi/20260801_seishin_byouin-xlsx-xlsx
2820694,河辺皮膚科メンタルクリニック,198-0036,青梅市,青梅市河辺町１０－１３－１,0428-24-3055,2014-06-01,2026-06-01,byouin,2026-08-01,https://www.fukushi.metro.tokyo.lg.jp/documents/d/fukushi/20260801_seishin_byouin-xlsx-xlsx
2821379,中野クリニック,198-0036,青梅市,青梅市河辺町５－２１－３　ベリテビル３０１号,0428-24-8771,2007-01-01,2025-01-01,byouin,2026-08-01,https://www.fukushi.metro.tokyo.lg.jp/documents/d/fukushi/20260801_seishin_byouin-xlsx-xlsx
2821510,医療法人社団瀧川メンタルクリニック,198-0031,青梅市,青梅市師岡町４－１－８,0428-25-2277,2007-01-01,2025-01-01,byouin,2026-08-01,https://www.fukushi.metro.tokyo.lg.jp/documents/d/fukushi/20260801_seishin_byouin-xlsx-xlsx
2870087,医療法人社団倭林会 武蔵野台病院,198-0023,青梅市,青梅市今井１－２５８６,0428-31-6632,2007-02-01,2025-02-01,byouin,2026-08-01,https://www.fukushi.metro.tokyo.lg.jp/documents/d/fukushi/20260801_seishin_byouin-xlsx-xlsx
2870111,医療法人財団岩尾会 東京青梅病院,198-0002,青梅市,青梅市富岡３－１２５４,0428-74-7111,2007-01-01,2025-01-01,byouin,2026-08-01,https://www.fukushi.metro.tokyo.lg.jp/documents/d/fukushi/20260801_seishin_byouin-xlsx-xlsx
2870723,医療法人財団岩尾会 東京海道病院,198-0025,青梅市,青梅市末広町１－４－５,0428-32-0111,2007-01-01,2025-01-01,byouin,2026-08-01,https://www.fukushi.metro.tokyo.lg.jp/documents/d/fukushi/20260801_seishin_byouin-xlsx-xlsx
2870731,医療法人社団和風会 多摩リハビリテーション病院,198-0052,青梅市,青梅市長淵９－１４１２－４,0428-24-3798,2007-01-01,2025-01-01,byouin,2026-08-01,https://www.fukushi.metro.tokyo.lg.jp/documents/d/fukushi/20260801_seishin_byouin-xlsx-xlsx
2870756,医療法人社団幸悠会 鈴木慈光病院,198-0052,青梅市,青梅市長淵５－１０８６,0428-22-3126,2007-01-01,2025-01-01,byouin,2026-08-01,https://www.fukushi.metro.tokyo.lg.jp/documents/d/fukushi/20260801_seishin_byouin-xlsx-xlsx
2870798,医療法人財団良心会 青梅成木台病院,198-0001,青梅市,青梅市成木１－４４７,0428-74-4111,2007-01-01,2025-01-01,byouin,2026-08-01,https://www.fukushi.metro.tokyo.lg.jp/documents/d/fukushi/20260801_seishin_byouin-xlsx-xlsx
2870855,医療法人社団長生会 成木長生病院,198-0001,青梅市,青梅市成木４－５７６,0428-74-5121,2007-02-01,2025-02-01,byouin,2026-08-01,https://www.fukushi.metro.tokyo.lg.jp/documents/d/fukushi/20260801_seishin_byouin-xlsx-xlsx
3814068,医療法人社団根岸病院,183-0042,府中市,府中市武蔵台２－１２－２,042-572-4121,2007-01-01,2025-01-01,byouin,2026-08-01,https://www.fukushi.metro.tokyo.lg.jp/documents/d/fukushi/20260801_seishin_byouin-xlsx-xlsx
3814076,府中恵仁会病院,183-0034,府中市,府中市住吉町５－２１－１,042-365-1211,2007-02-01,2025-02-01,byouin,2026-08-01,https://www.fukushi.metro.tokyo.lg.jp/documents/d/fukushi/20260801_seishin_byouin-xlsx-xlsx
3818499,東京都立府中療育センター,183-0042,府中市,府中市武蔵台２－９－２,042-323-5115,2007-01-01,2025-01-01,byouin,2026-08-01,https://www.fukushi.metro.tokyo.lg.jp/documents/d/fukushi/20260801_seishin_byouin-xlsx-xlsx
3820834,田口医院,183-0001,府中市,府中市浅間町３－３－１８,042-361-9518,2007-01-01,2025-01-01,byouin,2026-08-01,https://www.fukushi.metro.tokyo.lg.jp/documents/d/fukushi/20260801_seishin_byouin-xlsx-xlsx
3822517,府中診療所,183-0055,府中市,府中市府中町１－１３－３,042-365-0321,2008-05-01,2026-05-01,byouin,2026-08-01,https://www.fukushi.metro.tokyo.lg.jp/documents/d/fukushi/20260801_seishin_byouin-xlsx-xlsx
3822723,吉沢メンタルクリニック,183-0023,府中市,府中市宮町２－２－８－３０１,042-364-9363,2007-01-01,2025-01-01,byouin,2026-08-01,https://www.fukushi.metro.tokyo.lg.jp/documents/d/fukushi/20260801_seishin_byouin-xlsx-xlsx
3822970,メンタルクリニックあんどう,183-0022,府中市,府中市宮西町４－１２－１１　モア府中２階,042-367-8055,2007-01-01,2025-01-01,byouin,2026-08-01,https://www.fukushi.metro.tokyo.lg.jp/documents/d/fukushi/20260801_seishin_byouin-xlsx-xlsx
3823325,医療法人社団松堂会 西原町脳神経外科クリニック,183-0046,府中市,府中市西原町２－１８－１　マツシマビル２階,042-571-9571,2007-01-01,2025-01-01,byouin,2026-08-01,https://www.fukushi.metro.tokyo.lg.jp/documents/d/fukushi/20260801_seishin_byouin-xlsx-xlsx
3823622,医療法人社団卓心会 ながた内科クリニック,183-0013,府中市,府中市小柳町２－１２－２,042-369-0707,2007-04-01,2025-04-01,byouin,2026-08-01,https://www.fukushi.metro.tokyo.lg.jp/documents/d/fukushi/20260801_seishin_byouin-xlsx-xlsx
3823655,医療法人社団朋木会 ささきクリニック,183-0023,府中市,府中市宮町１－３４－２　サンスクエアビル２階,042-365-9111,2007-01-01,2025-01-01,byouin,2026-08-01,https://www.fukushi.metro.tokyo.lg.jp/documents/d/fukushi/20260801_seishin_byouin-xlsx-xlsx
3823713,府中メンタルクリニック,183-0055,府中市,府中市府中町１－３０－３　オークワン２階,042-340-5551,2007-01-01,2025-01-01,byouin,2026-08-01,https://www.fukushi.metro.tokyo.lg.jp/documents/d/fukushi/20260801_seishin_byouin-xlsx-xlsx
3823911,だいこくさまクリニック,183-0015,府中市,府中市清水が丘１－１－３　第一勇心ビル５０２,042-358-8880,2006-08-01,2024-08-01,byouin,2026-08-01,https://www.fukushi.metro.tokyo.lg.jp/documents/d/fukushi/20260801_seishin_byouin-xlsx-xlsx
3824356,府中脳神経外科診療所,183-0022,府中市,府中市宮西町１－１４－１６,042-360-7655,2007-01-01,2025-01-01,byouin,2026-08-01,https://www.fukushi.metro.tokyo.lg.jp/documents/d/fukushi/20260801_seishin_byouin-xlsx-xlsx
3824646,愛和診療所,183-0051,府中市,府中市栄町３－１２－１,042-314-1551,2014-06-01,2026-06-01,byouin,2026-08-01,https://www.fukushi.metro.tokyo.lg.jp/documents/d/fukushi/20260801_seishin_byouin-xlsx-xlsx
3824786,寿町クリニック,183-0056,府中市,府中市寿町１－３－１０　藤和府中コープ１０１号,042-354-3111,2012-01-01,2024-01-01,byouin,2026-08-01,https://www.fukushi.metro.tokyo.lg.jp/documents/d/fukushi/20260801_seishin_byouin-xlsx-xlsx
3824869,医療法人社団栄友会府中ゆずクリニック,183-0011,府中市,府中市白糸台１－６３－１　リレ府中白糸台１階,042-370-1816,2024-10-01,,byouin,2026-08-01,https://www.fukushi.metro.tokyo.lg.jp/documents/d/fukushi/20260801_seishin_byouin-xlsx-xlsx
3824927,医療法人社団城東桐和会 タムス総合クリニック府中駅前,183-0023,府中市,府中市宮町１－１００　４階,042-319-8383,2013-08-01,2025-08-01,byouin,2026-08-01,https://www.fukushi.metro.tokyo.lg.jp/documents/d/fukushi/20260801_seishin_byouin-xlsx-xlsx
3824992,医療法人社団Ｈｅａｒｔ Ｓｔａｔｉｏｎ 府中こころ診療所,183-0022,府中市,府中市宮西町１－１－３　三和ビル２階・３階・４階,042-319-7887,2018-04-01,2024-04-01,byouin,2026-08-01,https://www.fukushi.metro.tokyo.lg.jp/documents/d/fukushi/20260801_seishin_byouin-xlsx-xlsx
3825049,医療法人社団平郁会 府中みどりクリニック,183-0033,府中市,府中市片町２－２０－３　サンノーブル１階１０３号室,042-361-5805,2016-09-01,2022-09-01,byouin,2026-08-01,https://www.fukushi.metro.tokyo.lg.jp/documents/d/fukushi/20260801_seishin_byouin-xlsx-xlsx
3825296,分梅クリニック,183-0045,府中市,府中市美好町３－４－１　芝嵜ビル４０１号,042-352-8671,2021-09-01,,byouin,2026-08-01,https://www.fukushi.metro.tokyo.lg.jp/documents/d/fukushi/20260801_seishin_byouin-xlsx-xlsx
3825320,すみれクリニック,183-0021,府中市,府中市片町３－２６－１４,042-401-8461,2008-12-01,2020-12-01,byouin,2026-08-01,https://www.fukushi.metro.tokyo.lg.jp/documents/d/fukushi/20260801_seishin_byouin-xlsx-xlsx
3825395,にしやまクリニック,183-0023,府中市,府中市宮町１－５０　くるる１階,042-310-9817,2024-02-01,,byouin,2026-08-01,https://www.fukushi.metro.tokyo.lg.jp/documents/d/fukushi/20260801_seishin_byouin-xlsx-xlsx
3825403,府中よりそいクリニック,183-0067,府中市,府中市晴見町１－７－１　府中メディカルキューブ２階,042-360-0874,2022-11-01,,byouin,2026-08-01,https://www.fukushi.metro.tokyo.lg.jp/documents/d/fukushi/20260801_seishin_byouin-xlsx-xlsx
3825551,みんなのホームクリニック,183-0023,府中市,府中市宮町２－３０－４　Ｃｕｐｐｕｃｃｉｎｏ１階,042-319-9336,2024-01-01,,byouin,2026-08-01,https://www.fukushi.metro.tokyo.lg.jp/documents/d/fukushi/20260801_seishin_byouin-xlsx-xlsx
3825650,府の森メンタルクリニック,183-0023,府中市,府中市宮町１－１１－２　六社堂ビル３階,042-360-6333,2007-01-01,2025-01-01,byouin,2026-08-01,https://www.fukushi.metro.tokyo.lg.jp/documents/d/fukushi/20260801_seishin_byouin-xlsx-xlsx
3825692,府中すみよしクリニック,183-0034,府中市,府中市住吉町５－１－４,042-334-2223,2007-01-01,2025-01-01,byouin,2026-08-01,https://www.fukushi.metro.tokyo.lg.jp/documents/d/fukushi/20260801_seishin_byouin-xlsx-xlsx
3825742,森のやすらぎクリニック,183-0014,府中市,府中市是政５－１７－１４　ＴＷＴビル１階,042-306-5227,2026-05-01,,byouin,2026-08-01,https://www.fukushi.metro.tokyo.lg.jp/documents/d/fukushi/20260801_seishin_byouin-xlsx-xlsx
3825759,医療法人社団府中の森脳神経外科府中の森脳神経外科・内科,183-0005,府中市,府中市若松町４－６－１　アリエス若松町ビル１０２,042-310-9200,2024-11-01,,byouin,2026-08-01,https://www.fukushi.metro.tokyo.lg.jp/documents/d/fukushi/20260801_seishin_byouin-xlsx-xlsx
3870060,医療法人財団赤光会 斎藤病院,183-0001,府中市,府中市浅間町４－１,042-363-8121,2007-01-01,2025-01-01,byouin,2026-08-01,https://www.fukushi.metro.tokyo.lg.jp/documents/d/fukushi/20260801_seishin_byouin-xlsx-xlsx
3870144,地方独立行政法人 東京都立病院機構 東京都立神経病院,183-0042,府中市,府中市武蔵台２－６－１,042-323-5110,2007-02-01,2025-02-01,byouin,2026-08-01,https://www.fukushi.metro.tokyo.lg.jp/documents/d/fukushi/20260801_seishin_byouin-xlsx-xlsx
3870151,地方独立行政法人 東京都立病院機構 東京都立小児総合医療センター,183-0042,府中市,府中市武蔵台２－８－２９,042-300-5111,2007-02-01,2025-02-01,byouin,2026-08-01,https://www.fukushi.metro.tokyo.lg.jp/documents/d/fukushi/20260801_seishin_byouin-xlsx-xlsx
3870169,地方独立行政法人 東京都立病院機構 東京都立多摩総合医療センター,183-0042,府中市,府中市武蔵台２－８－２９,042-323-5111,2007-01-01,2025-01-01,byouin,2026-08-01,https://www.fukushi.metro.tokyo.lg.jp/documents/d/fukushi/20260801_seishin_byouin-xlsx-xlsx
4020525,社会福祉法人同胞互助会 愛全診療所,196-0014,昭島市,昭島市田中町２－２５－３,042-546-7791,2007-01-01,2025-01-01,byouin,2026-08-01,https://www.fukushi.metro.tokyo.lg.jp/documents/d/fukushi/20260801_seishin_byouin-xlsx-xlsx
4021226,昭島相互診療所,196-0031,昭島市,昭島市福島町９０８－１７,042-545-2712,2007-04-01,2025-04-01,byouin,2026-08-01,https://www.fukushi.metro.tokyo.lg.jp/documents/d/fukushi/20260801_seishin_byouin-xlsx-xlsx
4021655,中西クリニック,196-0005,昭島市,昭島市代官山２－３－２　モリタウン西館４階,042-541-2611,2007-02-01,2025-02-01,byouin,2026-08-01,https://www.fukushi.metro.tokyo.lg.jp/documents/d/fukushi/20260801_seishin_byouin-xlsx-xlsx
4022091,医療法人社団東京愛成会 たかつきクリニック,196-0005,昭島市,昭島市代官山２－４－４　昭島昭和第２ビル２階Ｂ－１号室,042-543-6781,2007-01-01,2025-01-01,byouin,2026-08-01,https://www.fukushi.metro.tokyo.lg.jp/documents/d/fukushi/20260801_seishin_byouin-xlsx-xlsx
4070025,医療法人社団大日会 太陽こども病院,196-0003,昭島市,昭島市松原町１－２－１,042-544-7511,2007-01-01,2025-01-01,byouin,2026-08-01,https://www.fukushi.metro.tokyo.lg.jp/documents/d/fukushi/20260801_seishin_byouin-xlsx-xlsx
4070843,あきしま相互病院,196-0035,昭島市,昭島市もくせいの杜２－２－１,042-500-2077,2026-03-01,,byouin,2026-08-01,https://www.fukushi.metro.tokyo.lg.jp/documents/d/fukushi/20260801_seishin_byouin-xlsx-xlsx
4070850,医療法人徳洲会東京西徳洲会病院,196-0003,昭島市,昭島市松原町３－１－１,042-500-4433,2007-02-01,2025-02-01,byouin,2026-08-01,https://www.fukushi.metro.tokyo.lg.jp/documents/d/fukushi/20260801_seishin_byouin-xlsx-xlsx
4214052,医療法人社団欣助会 吉祥寺病院,182-0011,調布市,調布市深大寺北町４－１７－１,042-482-9151,2007-01-01,2025-01-01,byouin,2026-08-01,https://www.fukushi.metro.tokyo.lg.jp/documents/d/fukushi/20260801_seishin_byouin-xlsx-xlsx
4216701,医療法人社団青山会 青木病院,182-0035,調布市,調布市上石原３－３３－１７,042-483-1355,2007-01-01,2025-01-01,byouin,2026-08-01,https://www.fukushi.metro.tokyo.lg.jp/documents/d/fukushi/20260801_seishin_byouin-xlsx-xlsx
4222113,飯田医院,182-0004,調布市,調布市入間町２－１１－１４,03-3488-6061,2007-01-01,2025-01-01,byouin,2026-08-01,https://www.fukushi.metro.tokyo.lg.jp/documents/d/fukushi/20260801_seishin_byouin-xlsx-xlsx
4222238,野瀬クリニック,182-0024,調布市,調布市布田４－１９－１１－３０１,042-486-8886,2019-10-01,2025-10-01,byouin,2026-08-01,https://www.fukushi.metro.tokyo.lg.jp/documents/d/fukushi/20260801_seishin_byouin-xlsx-xlsx
4222865,医療法人社団心身会 大枝医院,182-0024,調布市,調布市布田６－２５－２,042-484-5065,2007-01-01,2025-01-01,byouin,2026-08-01,https://www.fukushi.metro.tokyo.lg.jp/documents/d/fukushi/20260801_seishin_byouin-xlsx-xlsx
4222998,野ヶ谷クリニック,182-0012,調布市,調布市深大寺東町３－２１－１０,042-482-4098,2007-02-01,2025-02-01,byouin,2026-08-01,https://www.fukushi.metro.tokyo.lg.jp/documents/d/fukushi/20260801_seishin_byouin-xlsx-xlsx
4223517,仙川ムラタクリニック,182-0002,調布市,調布市仙川町１－１９－１７,03-5314-1630,2007-01-01,2025-01-01,byouin,2026-08-01,https://www.fukushi.metro.tokyo.lg.jp/documents/d/fukushi/20260801_seishin_byouin-xlsx-xlsx
4223640,おぎもと内科クリニック,182-0022,調布市,調布市国領町２－１３－８,042-489-6658,2008-01-01,2026-01-01,byouin,2026-08-01,https://www.fukushi.metro.tokyo.lg.jp/documents/d/fukushi/20260801_seishin_byouin-xlsx-xlsx
4223715,山口内科クリニック,182-0034,調布市,調布市下石原２－３２－２　２階,042-440-1886,2007-03-01,2025-03-01,byouin,2026-08-01,https://www.fukushi.metro.tokyo.lg.jp/documents/d/fukushi/20260801_seishin_byouin-xlsx-xlsx
4223798,医療法人社団すずらん会 くらしなクリニック,182-0002,調布市,調布市仙川町１－１２－４５　サンエービル２階,03-5313-3781,2007-01-01,2025-01-01,byouin,2026-08-01,https://www.fukushi.metro.tokyo.lg.jp/documents/d/fukushi/20260801_seishin_byouin-xlsx-xlsx
4223822,都丸メンタルクリニック,182-0022,調布市,調布市国領町２－５－１５　コクティー２階Ａ－２０６,042-443-9788,2007-01-01,2025-01-01,byouin,2026-08-01,https://www.fukushi.metro.tokyo.lg.jp/documents/d/fukushi/20260801_seishin_byouin-xlsx-xlsx
4223830,博愛医院,182-0024,調布市,調布市布田１－２６－１２　ダイアパレス調布５０１号,042-440-8518,2007-01-01,2025-01-01,byouin,2026-08-01,https://www.fukushi.metro.tokyo.lg.jp/documents/d/fukushi/20260801_seishin_byouin-xlsx-xlsx
4223996,まりあクリニック,182-0022,調布市,調布市国領町４－１４－１０,042-442-2188,2008-09-01,2020-09-01,byouin,2026-08-01,https://www.fukushi.metro.tokyo.lg.jp/documents/d/fukushi/20260801_seishin_byouin-xlsx-xlsx
4224457,仙川駅前いたがきメンタルクリニック,182-0002,調布市,調布市仙川町１－１８－２　３階Ｆ区画,03-5315-5505,2010-08-01,2022-08-01,byouin,2026-08-01,https://www.fukushi.metro.tokyo.lg.jp/documents/d/fukushi/20260801_seishin_byouin-xlsx-xlsx
4224499,調布はしもとクリニック,182-0024,調布市,調布市布田１－４４－３　高橋ビル６０３号,042-486-7833,2007-01-01,2025-01-01,byouin,2026-08-01,https://www.fukushi.metro.tokyo.lg.jp/documents/d/fukushi/20260801_seishin_byouin-xlsx-xlsx
4224549,つつじヶ丘メンタルクリニック,182-0006,調布市,調布市西つつじケ丘３－３４－６池田ビル２階,042-442-8505,2011-05-01,2023-05-01,byouin,2026-08-01,https://www.fukushi.metro.tokyo.lg.jp/documents/d/fukushi/20260801_seishin_byouin-xlsx-xlsx
4224630,医療法人社団スリープクリニック スリープクリニック調布,182-0026,調布市,調布市小島町２－５３－１,042-490-0700,2006-11-01,2024-11-01,byouin,2026-08-01,https://www.fukushi.metro.tokyo.lg.jp/documents/d/fukushi/20260801_seishin_byouin-xlsx-xlsx
4224697,医療法人社団青山会 青木病院付属青明クリニック,182-0035,調布市,調布市上石原３－３３－１７　青明寮５０７号室,042-483-1302,2013-06-01,2025-06-01,byouin,2026-08-01,https://www.fukushi.metro.tokyo.lg.jp/documents/d/fukushi/20260801_seishin_byouin-xlsx-xlsx
4224739,医療法人社団心身会調布脳神経外科,182-0026,調布市,調布市小島町２－５１－１　３階,042-490-6165,2023-06-01,,byouin,2026-08-01,https://www.fukushi.metro.tokyo.lg.jp/documents/d/fukushi/20260801_seishin_byouin-xlsx-xlsx
4224812,こころのクリニック調布,182-0024,調布市,調布市布田２－５１－６　みこしビル４０２号室,042-444-8527,2015-06-01,2021-06-01,byouin,2026-08-01,https://www.fukushi.metro.tokyo.lg.jp/documents/d/fukushi/20260801_seishin_byouin-xlsx-xlsx
4224846,医療法人社団敬寿会 わかば町クリニック,182-0003,調布市,調布市若葉町２－１－６,03-5313-3331,2008-01-01,2026-01-01,byouin,2026-08-01,https://www.fukushi.metro.tokyo.lg.jp/documents/d/fukushi/20260801_seishin_byouin-xlsx-xlsx
4225256,潤クリニック,182-0022,調布市,調布市国領町５－７０－２　サン・ルーシー３階３０２号,042-480-0556,2019-04-01,2025-04-01,byouin,2026-08-01,https://www.fukushi.metro.tokyo.lg.jp/documents/d/fukushi/20260801_seishin_byouin-xlsx-xlsx
4225454,医療法人社団悠翠会悠翠会うえまつクリニック,182-0026,調布市,調布市小島町３－６９－１４　第二荒井麗峰ビル４階,042-452-8199,2024-07-01,,byouin,2026-08-01,https://www.fukushi.metro.tokyo.lg.jp/documents/d/fukushi/20260801_seishin_byouin-xlsx-xlsx
4225496,調布の森クリニック,182-0022,調布市,調布市国領町３－３－２０　よろずやビル３階,042-426-9105,2021-05-01,,byouin,2026-08-01,https://www.fukushi.metro.tokyo.lg.jp/documents/d/fukushi/20260801_seishin_byouin-xlsx-xlsx
4225520,調布聖美会クリニック,182-0026,調布市,調布市小島町１－３５－５,042-426-7650,2021-12-01,,byouin,2026-08-01,https://www.fukushi.metro.tokyo.lg.jp/documents/d/fukushi/20260801_seishin_byouin-xlsx-xlsx
4225587,せたがや仙川クリニック,182-0002,調布市,調布市仙川町２－２１－１３　仙川ビルＢ館３階,03-3305-3400,2019-07-01,2025-07-01,byouin,2026-08-01,https://www.fukushi.metro.tokyo.lg.jp/documents/d/fukushi/20260801_seishin_byouin-xlsx-xlsx
4225710,医療法人社団三柚会調布在宅クリニック,182-0024,調布市,調布市布田３－１－７　２階,042-426-7750,2025-07-01,,byouin,2026-08-01,https://www.fukushi.metro.tokyo.lg.jp/documents/d/fukushi/20260801_seishin_byouin-xlsx-xlsx
4225769,医療法人社団榎本内科クリニック,182-0036,調布市,調布市飛田給２－１４－３７,042-444-0456,2014-01-01,2026-01-01,byouin,2026-08-01,https://www.fukushi.metro.tokyo.lg.jp/documents/d/fukushi/20260801_seishin_byouin-xlsx-xlsx
4225801,つつじヶ丘こころのクリニック,182-0005,調布市,調布市東つつじヶ丘１－３－３,03-6909-1139,2023-11-01,,byouin,2026-08-01,https://www.fukushi.metro.tokyo.lg.jp/documents/d/fukushi/20260801_seishin_byouin-xlsx-xlsx
4225827,調布メンタルクリニック,182-0026,調布市,調布市小島町２－４５－２１　千早ビル２階２０１,042-488-5432,2007-01-01,2025-01-01,byouin,2026-08-01,https://www.fukushi.metro.tokyo.lg.jp/documents/d/fukushi/20260801_seishin_byouin-xlsx-xlsx
4225835,つつじヶ丘駅前内科クリニック,182-0006,調布市,調布市西つつじケ丘４－６－２　ル・ヴィザージュ１０９号室,03-6825-2600,2024-02-01,,byouin,2026-08-01,https://www.fukushi.metro.tokyo.lg.jp/documents/d/fukushi/20260801_seishin_byouin-xlsx-xlsx
4225918,プライムクリニック,182-0004,調布市,調布市入間町２－２８－３６　ウエリスオリーブ成城学園前１階,050-1746-1165,2021-02-01,,byouin,2026-08-01,https://www.fukushi.metro.tokyo.lg.jp/documents/d/fukushi/20260801_seishin_byouin-xlsx-xlsx
4225942,しらかわ醫院,182-0006,調布市,調布市西つつじケ丘２－１７－２,03-6279-6161,2024-06-01,,byouin,2026-08-01,https://www.fukushi.metro.tokyo.lg.jp/documents/d/fukushi/20260801_seishin_byouin-xlsx-xlsx
4225983,一般社団法人Ｆｏｒｔｈ ＧＥＮ ＭＥＮＴＡＬ ＣＬＩＮＩＣ,182-0002,調布市,調布市仙川町１－１５－２７　ＷＥＬＬＳＱＵＡＲＥＰＬＡＺＡＳＥＮＧＡＷＡ２階,03-5969-9360,2025-06-01,,byouin,2026-08-01,https://www.fukushi.metro.tokyo.lg.jp/documents/d/fukushi/20260801_seishin_byouin-xlsx-xlsx
4226130,医療法人社団ｐｒｅｍｏ調布こころの訪問クリニック,182-0022,調布市,調布市国領町４－８－３　調布亀の子ビル地下１階,042-444-5547,2023-06-01,,byouin,2026-08-01,https://www.fukushi.metro.tokyo.lg.jp/documents/d/fukushi/20260801_seishin_byouin-xlsx-xlsx
4270054,医療法人社団桐光会 調布病院,182-0034,調布市,調布市下石原３－４５－１,042-484-2626,2008-01-01,2026-01-01,byouin,2026-08-01,https://www.fukushi.metro.tokyo.lg.jp/documents/d/fukushi/20260801_seishin_byouin-xlsx-xlsx
4270062,医療法人社団東山会 調布東山病院,182-0026,調布市,調布市小島町２－３２－１７,042-481-5511,2007-02-01,2025-02-01,byouin,2026-08-01,https://www.fukushi.metro.tokyo.lg.jp/documents/d/fukushi/20260801_seishin_byouin-xlsx-xlsx
4270104,特定医療法人社団研精会東京さつきホスピタル,182-0005,調布市,調布市東つつじが丘２－２７－１,03-3308-8281,2007-01-01,2025-01-01,byouin,2026-08-01,https://www.fukushi.metro.tokyo.lg.jp/documents/d/fukushi/20260801_seishin_byouin-xlsx-xlsx
3214111,更生保護法人鶴舞会 飛鳥病院,194-0005,町田市,町田市南町田３－８－１,042-795-2080,2007-01-01,2025-01-01,byouin,2026-08-01,https://www.fukushi.metro.tokyo.lg.jp/documents/d/fukushi/20260801_seishin_byouin-xlsx-xlsx
3214160,町田市民病院,194-0023,町田市,町田市旭町２－１５－４１,042-722-2230,2007-01-01,2025-01-01,byouin,2026-08-01,https://www.fukushi.metro.tokyo.lg.jp/documents/d/fukushi/20260801_seishin_byouin-xlsx-xlsx
3224433,医療法人社団 はやしクリニック,194-0035,町田市,町田市忠生２－２８－７,042-793-3055,2007-03-01,2025-03-01,byouin,2026-08-01,https://www.fukushi.metro.tokyo.lg.jp/documents/d/fukushi/20260801_seishin_byouin-xlsx-xlsx
3224979,医療法人社団はやしクリニック分院,194-0032,町田市,町田市本町田２９４３－１　サンライズヒル２階,042-720-8868,2008-01-01,2026-01-01,byouin,2026-08-01,https://www.fukushi.metro.tokyo.lg.jp/documents/d/fukushi/20260801_seishin_byouin-xlsx-xlsx
3225067,医療法人社団三翔会 町田脳神経外科,194-0034,町田市,町田市根岸町１００９－４,042-798-7337,2007-01-01,2025-01-01,byouin,2026-08-01,https://www.fukushi.metro.tokyo.lg.jp/documents/d/fukushi/20260801_seishin_byouin-xlsx-xlsx
3225620,医療法人社団 石井メンタルクリニック,195-0053,町田市,町田市能ケ谷１－８－１　神蔵ビル１階１０１号室,042-737-0122,2007-01-01,2025-01-01,byouin,2026-08-01,https://www.fukushi.metro.tokyo.lg.jp/documents/d/fukushi/20260801_seishin_byouin-xlsx-xlsx
3225729,町田こころのクリニック,194-0021,町田市,町田市中町１－３－１　小田桐ビル２階,042-710-2782,2007-01-01,2025-01-01,byouin,2026-08-01,https://www.fukushi.metro.tokyo.lg.jp/documents/d/fukushi/20260801_seishin_byouin-xlsx-xlsx
3225745,大蔵メンタルクリニック,195-0062,町田市,町田市大蔵町２２２１－２　ＮＳビル,042-734-6468,2007-01-01,2025-01-01,byouin,2026-08-01,https://www.fukushi.metro.tokyo.lg.jp/documents/d/fukushi/20260801_seishin_byouin-xlsx-xlsx
3225786,医療法人社団小林メデイカルこばやしクリニック,194-0013,町田市,町田市原町田６－３－３　町映ビル４階,042-710-3183,2026-06-01,,byouin,2026-08-01,https://www.fukushi.metro.tokyo.lg.jp/documents/d/fukushi/20260801_seishin_byouin-xlsx-xlsx
3225869,玉川学園土屋クリニック,194-0031,町田市,町田市南大谷４－３９－３８,042-729-5228,2008-01-01,2026-01-01,byouin,2026-08-01,https://www.fukushi.metro.tokyo.lg.jp/documents/d/fukushi/20260801_seishin_byouin-xlsx-xlsx
3226024,すこやかクリニック,194-0022,町田市,町田市森野１－３７－１１　フラワー吉田ビル３０１号,042-724-2889,2007-01-01,2025-01-01,byouin,2026-08-01,https://www.fukushi.metro.tokyo.lg.jp/documents/d/fukushi/20260801_seishin_byouin-xlsx-xlsx
3226370,社会福祉法人みずき福祉会 町田福祉園診療所,194-0203,町田市,町田市図師町９７１－２,042-793-2819,2006-09-01,2024-09-01,byouin,2026-08-01,https://www.fukushi.metro.tokyo.lg.jp/documents/d/fukushi/20260801_seishin_byouin-xlsx-xlsx
3226453,町田心療クリニック,194-0022,町田市,町田市森野１－３６－１０　杉井ビル７階,042-720-2877,2006-11-01,2024-11-01,byouin,2026-08-01,https://www.fukushi.metro.tokyo.lg.jp/documents/d/fukushi/20260801_seishin_byouin-xlsx-xlsx
3226586,医療法人社団絢雄会 佐藤寿一クリニック,194-0013,町田市,町田市原町田１－７－１７　ガレリア町田ビル２階,042-710-2251,2007-05-01,2025-05-01,byouin,2026-08-01,https://www.fukushi.metro.tokyo.lg.jp/documents/d/fukushi/20260801_seishin_byouin-xlsx-xlsx
3226719,医療法人社団ハートクリニック ハートクリニック町田,194-0013,町田市,町田市原町田３－２－２　第２タストンビル３階,042-722-8228,2007-05-01,2025-05-01,byouin,2026-08-01,https://www.fukushi.metro.tokyo.lg.jp/documents/d/fukushi/20260801_seishin_byouin-xlsx-xlsx
3226982,雅クリニック,194-0013,町田市,町田市原町田６－１７－４　芳村ビル１階,042-850-8790,2010-02-01,2022-02-01,byouin,2026-08-01,https://www.fukushi.metro.tokyo.lg.jp/documents/d/fukushi/20260801_seishin_byouin-xlsx-xlsx
3227139,いのうえ内科クリニック,194-0004,町田市,町田市鶴間１－１８－１３　南町田駅前診療館２階,042-706-2630,2014-05-01,2026-05-01,byouin,2026-08-01,https://www.fukushi.metro.tokyo.lg.jp/documents/d/fukushi/20260801_seishin_byouin-xlsx-xlsx
3227543,医療法人財団コンフォート コンフォート鶴川クリニック,195-0062,町田市,町田市大蔵町１５０－２,042-860-5845,2016-11-01,2022-11-01,byouin,2026-08-01,https://www.fukushi.metro.tokyo.lg.jp/documents/d/fukushi/20260801_seishin_byouin-xlsx-xlsx
3227691,医療法人社団おおぞら会つばさクリニック町田,194-0035,町田市,町田市忠生３－２５－１１　忠生ビル１－Ａ号室,042-794-6811,2012-06-01,2024-06-01,byouin,2026-08-01,https://www.fukushi.metro.tokyo.lg.jp/documents/d/fukushi/20260801_seishin_byouin-xlsx-xlsx
3227840,すずき脳神経外科クリニック,194-0023,町田市,町田市旭町３－１－１５　旭町メディカルビル２階,042-710-6577,2015-07-01,2021-07-01,byouin,2026-08-01,https://www.fukushi.metro.tokyo.lg.jp/documents/d/fukushi/20260801_seishin_byouin-xlsx-xlsx
3227931,成瀬メンタルクリニック,194-0045,町田市,町田市南成瀬１－１－２　プラザ成瀬２－１５,042-710-7657,2007-02-01,2025-02-01,byouin,2026-08-01,https://www.fukushi.metro.tokyo.lg.jp/documents/d/fukushi/20260801_seishin_byouin-xlsx-xlsx
3227980,医療法人社団まごころ会 町田まごころクリニック,194-0022,町田市,町田市森野２－８－１５　ＡＷＡ渋谷ビル地下１階,042-851-7824,2011-01-01,2023-01-01,byouin,2026-08-01,https://www.fukushi.metro.tokyo.lg.jp/documents/d/fukushi/20260801_seishin_byouin-xlsx-xlsx
3228152,医療法人社団天恵会 敬愛クリニック,194-0035,町田市,町田市忠生４－５－１０　ウエルストンアネックス１階,042-794-9106,2012-04-01,2024-04-01,byouin,2026-08-01,https://www.fukushi.metro.tokyo.lg.jp/documents/d/fukushi/20260801_seishin_byouin-xlsx-xlsx
3228186,一般社団法人共進会 つくし野駅前クリニック,194-0001,町田市,町田市つくし野２－２６－４,042-788-2029,2019-06-01,2025-06-01,byouin,2026-08-01,https://www.fukushi.metro.tokyo.lg.jp/documents/d/fukushi/20260801_seishin_byouin-xlsx-xlsx
3228277,町田クリニック,194-0023,町田市,町田市旭町３－１－１５　旭町メディカルビル３階,042-850-8123,2021-06-01,,byouin,2026-08-01,https://www.fukushi.metro.tokyo.lg.jp/documents/d/fukushi/20260801_seishin_byouin-xlsx-xlsx
3228376,なかはら脳神経クリニック,194-0013,町田市,町田市原町田４－１４－１４　Ｌｉｆｉｘビル１階,042-709-3851,2016-11-01,2022-11-01,byouin,2026-08-01,https://www.fukushi.metro.tokyo.lg.jp/documents/d/fukushi/20260801_seishin_byouin-xlsx-xlsx
3228475,社会医療法人社団正志会 南町田ペンギン在宅診療所,194-0004,町田市,町田市鶴間４－５－８,042-850-5416,2018-09-01,2024-09-01,byouin,2026-08-01,https://www.fukushi.metro.tokyo.lg.jp/documents/d/fukushi/20260801_seishin_byouin-xlsx-xlsx
3228509,成瀬台ホームケアクリニック,194-0043,町田市,町田市成瀬台４－２３－１３,090-4730-2405,2026-02-01,,byouin,2026-08-01,https://www.fukushi.metro.tokyo.lg.jp/documents/d/fukushi/20260801_seishin_byouin-xlsx-xlsx
3228541,あさひの丘メンタルクリニック,195-0074,町田市,町田市山崎町２０５５番地２グランハート町田Ｂ棟２０１号室,042-851-9851,2018-09-01,2024-09-01,byouin,2026-08-01,https://www.fukushi.metro.tokyo.lg.jp/documents/d/fukushi/20260801_seishin_byouin-xlsx-xlsx
3228616,花いかだ心療クリニック,194-0212,町田市,町田市小山町４４０５番地１,042-703-8130,2019-02-01,2025-02-01,byouin,2026-08-01,https://www.fukushi.metro.tokyo.lg.jp/documents/d/fukushi/20260801_seishin_byouin-xlsx-xlsx
3228988,アグリホームクリニックまちだ,194-0011,町田市,町田市成瀬が丘１－３－２,042-850-5557,2022-01-01,,byouin,2026-08-01,https://www.fukushi.metro.tokyo.lg.jp/documents/d/fukushi/20260801_seishin_byouin-xlsx-xlsx
3229119,医療法人社団平郁会 みんなの町田クリニック,194-0022,町田市,町田市森野１－３３－１１　町田森野ビル５階５０１号,042-860-7914,2018-04-01,2024-04-01,byouin,2026-08-01,https://www.fukushi.metro.tokyo.lg.jp/documents/d/fukushi/20260801_seishin_byouin-xlsx-xlsx
3229127,あすかメンタルクリニック町田,194-0013,町田市,町田市原町田４－２０－１８　永井ビル１０１,042-722-3416,2007-01-01,2025-01-01,byouin,2026-08-01,https://www.fukushi.metro.tokyo.lg.jp/documents/d/fukushi/20260801_seishin_byouin-xlsx-xlsx
3229143,脳神経まちだクリニック,194-0013,町田市,町田市原町田６－２１－２６　フォーラム町田３Ｂ,042-732-6077,2022-09-01,,byouin,2026-08-01,https://www.fukushi.metro.tokyo.lg.jp/documents/d/fukushi/20260801_seishin_byouin-xlsx-xlsx
3229242,すずかけ台診療所,194-0001,町田市,町田市つくし野３－１７－９,042-795-2121,2007-01-01,2025-01-01,byouin,2026-08-01,https://www.fukushi.metro.tokyo.lg.jp/documents/d/fukushi/20260801_seishin_byouin-xlsx-xlsx
3229275,つるまるクリニック,194-0022,町田市,町田市森野１－３５－８　ヴィンテージⅡ４階,042-728-0166,2007-01-01,2025-01-01,byouin,2026-08-01,https://www.fukushi.metro.tokyo.lg.jp/documents/d/fukushi/20260801_seishin_byouin-xlsx-xlsx
3229283,ふなだまり診療所,194-0022,町田市,町田市森野２－３－３　ニュー森野ハイツ１０２号,042-850-9251,2023-12-01,,byouin,2026-08-01,https://www.fukushi.metro.tokyo.lg.jp/documents/d/fukushi/20260801_seishin_byouin-xlsx-xlsx
3229291,つるかわ心療クリニック,195-0053,町田市,町田市能ケ谷１－５－８　鶴川インペリアルビル４階－Ｄ,042-734-0913,2006-11-01,2024-11-01,byouin,2026-08-01,https://www.fukushi.metro.tokyo.lg.jp/documents/d/fukushi/20260801_seishin_byouin-xlsx-xlsx
3229317,和クリニック,195-0062,町田市,町田市大蔵町５００２－２　鶴川メディカルモール　１０３,042-737-5055,2013-01-01,2025-01-01,byouin,2026-08-01,https://www.fukushi.metro.tokyo.lg.jp/documents/d/fukushi/20260801_seishin_byouin-xlsx-xlsx
3229358,さんりつ在宅クリニック町田,194-0013,町田市,町田市原町田４－１７－１０　アンセスターズＮ－１　６階,042-860-7678,2024-06-01,,byouin,2026-08-01,https://www.fukushi.metro.tokyo.lg.jp/documents/d/fukushi/20260801_seishin_byouin-xlsx-xlsx
3229366,医療法人社団和啓会メディクス町田クリニック,194-0021,町田市,町田市中町１－２６－１７　朝日リビング６ビル３階,042-709-3532,2025-11-01,,byouin,2026-08-01,https://www.fukushi.metro.tokyo.lg.jp/documents/d/fukushi/20260801_seishin_byouin-xlsx-xlsx
3229424,ＧＩＶＩＮＧ ＴＲＥＥ ＣＬＩＮＩＣ,194-0013,町田市,町田市原町田６－１３－２０　アズハーツ３３　２階,042-732-3399,2024-05-01,,byouin,2026-08-01,https://www.fukushi.metro.tokyo.lg.jp/documents/d/fukushi/20260801_seishin_byouin-xlsx-xlsx
3229432,こころのクリニック町田駅前,194-0013,町田市,町田市原町田４－２－１０　３階,042-723-7770,2024-03-01,,byouin,2026-08-01,https://www.fukushi.metro.tokyo.lg.jp/documents/d/fukushi/20260801_seishin_byouin-xlsx-xlsx
3229465,医療法人社団いやさかやました内科・脳神経クリニック,195-0074,町田市,町田市山崎町２０５５－２ グランハート町田Ｂ－１０７,042-794-6327,2019-04-01,2025-04-01,byouin,2026-08-01,https://www.fukushi.metro.tokyo.lg.jp/documents/d/fukushi/20260801_seishin_byouin-xlsx-xlsx
3229531,医療法人社団Ｋｉｎｄｎｅｓｓまちだファミリークリニック,195-0053,町田市,町田市能ヶ谷４－３－１８　第２京香ビル１０１,042-708-9208,2019-08-01,2025-08-01,byouin,2026-08-01,https://www.fukushi.metro.tokyo.lg.jp/documents/d/fukushi/20260801_seishin_byouin-xlsx-xlsx
3229564,タイムケアクリニック南町田,194-0004,町田市,町田市鶴間３－２－４　パークサイド南町田１０２号室,042-706-8546,2025-08-01,,byouin,2026-08-01,https://www.fukushi.metro.tokyo.lg.jp/documents/d/fukushi/20260801_seishin_byouin-xlsx-xlsx
3229630,ぽかぽか内科・在宅総合クリニック,194-0002,町田市,町田市南つくし野２－２８－８,042-706-8420,2026-05-01,,byouin,2026-08-01,https://www.fukushi.metro.tokyo.lg.jp/documents/d/fukushi/20260801_seishin_byouin-xlsx-xlsx
3229747,鶴川脳神経クリニック,195-0053,町田市,町田市能ヶ谷１－５－４　ルーブル夏目２０１,042-708-8297,2026-04-01,,byouin,2026-08-01,https://www.fukushi.metro.tokyo.lg.jp/documents/d/fukushi/20260801_seishin_byouin-xlsx-xlsx
3229770,東京町田アーク内科・呼吸器クリニック,194-0045,町田市,町田市南成瀬５－３３－１　南成瀬メディカルヴィレッジ東棟１階,042-709-3837,2026-04-01,,byouin,2026-08-01,https://www.fukushi.metro.tokyo.lg.jp/documents/d/fukushi/20260801_seishin_byouin-xlsx-xlsx
3229796,りらホームクリニック,194-0012,町田市,町田市金森２－２５－３０　１階,042-799-4165,2023-07-01,,byouin,2026-08-01,https://www.fukushi.metro.tokyo.lg.jp/documents/d/fukushi/20260801_seishin_byouin-xlsx-xlsx
3229820,みやじま在宅クリニック,194-0022,町田市,町田市森野６－８３－１　かさ山ハイツ１０２号室,042-785-4600,2026-05-01,,byouin,2026-08-01,https://www.fukushi.metro.tokyo.lg.jp/documents/d/fukushi/20260801_seishin_byouin-xlsx-xlsx
3229846,医療法人社団武寿会 町田メンタル内科クリニック,194-0021,町田市,町田市中町１－１６－１２　エレメンツ町田ビル２０１号,042-710-2207,2007-01-01,2025-01-01,byouin,2026-08-01,https://www.fukushi.metro.tokyo.lg.jp/documents/d/fukushi/20260801_seishin_byouin-xlsx-xlsx
3270022,医療法人財団明理会イムス明理会東京町田病院,195-0051,町田市,町田市真光寺町１９７,042-735-2222,2007-01-01,2025-01-01,byouin,2026-08-01,https://www.fukushi.metro.tokyo.lg.jp/documents/d/fukushi/20260801_seishin_byouin-xlsx-xlsx
3270055,鶴川さくら病院,195-0064,町田市,町田市小野路町１６３２,042-735-2621,2007-01-01,2025-01-01,byouin,2026-08-01,https://www.fukushi.metro.tokyo.lg.jp/documents/d/fukushi/20260801_seishin_byouin-xlsx-xlsx
3270071,一般財団法人ひふみ会 まちだ丘の上病院,195-0064,町田市,町田市小野路町１１－１,042-735-3731,2020-05-01,2026-05-01,byouin,2026-08-01,https://www.fukushi.metro.tokyo.lg.jp/documents/d/fukushi/20260801_seishin_byouin-xlsx-xlsx
3270121,医療法人社団鶴永会 鶴が丘ガーデンホスピタル,195-0055,町田市,町田市三輪緑山２－２１３３－１,044-988-3121,2007-01-01,2025-01-01,byouin,2026-08-01,https://www.fukushi.metro.tokyo.lg.jp/documents/d/fukushi/20260801_seishin_byouin-xlsx-xlsx
3270147,医療法人社団敬寿会よしの病院,194-0203,町田市,町田市図師町２２５２,042-791-0734,2007-01-01,2025-01-01,byouin,2026-08-01,https://www.fukushi.metro.tokyo.lg.jp/documents/d/fukushi/20260801_seishin_byouin-xlsx-xlsx
3270774,医療法人社団幸隆会多摩丘陵リハビリテーション病院,194-0297,町田市,町田市下小山田町１４９１,042-797-1701,2007-10-01,2025-10-01,byouin,2026-08-01,https://www.fukushi.metro.tokyo.lg.jp/documents/d/fukushi/20260801_seishin_byouin-xlsx-xlsx
3270790,医療法人社団創生会 町田病院,194-0036,町田市,町田市木曽東４－２１－４３,042-789-0502,2007-02-01,2025-02-01,byouin,2026-08-01,https://www.fukushi.metro.tokyo.lg.jp/documents/d/fukushi/20260801_seishin_byouin-xlsx-xlsx
3270808,医療法人社団天紀会 こころのホスピタル町田,194-0201,町田市,町田市上小山田町２１４０,042-797-0957,2007-01-01,2025-01-01,byouin,2026-08-01,https://www.fukushi.metro.tokyo.lg.jp/documents/d/fukushi/20260801_seishin_byouin-xlsx-xlsx
3270816,社会医療法人社団正志会 南町田病院,194-0004,町田市,町田市鶴間４－４－１,042-799-6161,2021-09-01,,byouin,2026-08-01,https://www.fukushi.metro.tokyo.lg.jp/documents/d/fukushi/20260801_seishin_byouin-xlsx-xlsx
3270832,医療法人社団慶泉会町田慶泉病院,194-0005,町田市,町田市南町田２－１－４７,042-795-1668,2008-01-01,2026-01-01,byouin,2026-08-01,https://www.fukushi.metro.tokyo.lg.jp/documents/d/fukushi/20260801_seishin_byouin-xlsx-xlsx
3270857,ふれあい町田ホスピタル,194-0215,町田市,町田市小山ヶ丘１－３－８,042-798-1121,2017-10-01,2023-10-01,byouin,2026-08-01,https://www.fukushi.metro.tokyo.lg.jp/documents/d/fukushi/20260801_seishin_byouin-xlsx-xlsx
3270923,医療法人社団幸隆会 多摩丘陵病院,194-0202,町田市,町田市下小山田町１４０１,042-797-1511,2023-06-01,,byouin,2026-08-01,https://www.fukushi.metro.tokyo.lg.jp/documents/d/fukushi/20260801_seishin_byouin-xlsx-xlsx
4113973,医療法人社団総合会 武蔵野中央病院,184-8585,小金井市,小金井市東町１－４４－２６,0422-31-1231,2007-01-01,2025-01-01,byouin,2026-08-01,https://www.fukushi.metro.tokyo.lg.jp/documents/d/fukushi/20260801_seishin_byouin-xlsx-xlsx
4113999,医療法人財団美生会 小金井病院,184-0013,小金井市,小金井市前原町４－４－４７,042-381-1658,2007-01-01,2025-01-01,byouin,2026-08-01,https://www.fukushi.metro.tokyo.lg.jp/documents/d/fukushi/20260801_seishin_byouin-xlsx-xlsx
4114005,社会福祉法人聖ヨハネ会 桜町病院,184-8511,小金井市,小金井市桜町１－２－２０,042-383-4111,2007-01-01,2025-01-01,byouin,2026-08-01,https://www.fukushi.metro.tokyo.lg.jp/documents/d/fukushi/20260801_seishin_byouin-xlsx-xlsx
4121968,医療法人社団一白会 菊地脳神経外科・整形外科,184-0011,小金井市,小金井市東町３－１２－１１,0422-31-1220,2008-08-01,2020-08-01,byouin,2026-08-01,https://www.fukushi.metro.tokyo.lg.jp/documents/d/fukushi/20260801_seishin_byouin-xlsx-xlsx
4122065,飯森クリニック,184-0004,小金井市,小金井市本町５－１９－３４　ネオコート小金井１０１,042-382-3166,2007-09-01,2025-09-01,byouin,2026-08-01,https://www.fukushi.metro.tokyo.lg.jp/documents/d/fukushi/20260801_seishin_byouin-xlsx-xlsx
4122297,むさしの小児発達クリニック,184-0015,小金井市,小金井市貫井北町５－１２－１,042-359-6050,2007-01-01,2025-01-01,byouin,2026-08-01,https://www.fukushi.metro.tokyo.lg.jp/documents/d/fukushi/20260801_seishin_byouin-xlsx-xlsx
4122693,小金井メンタルクリニック,184-0004,小金井市,小金井市本町１－９－７　大嶋ビル４階,042-316-7356,2013-05-01,2025-05-01,byouin,2026-08-01,https://www.fukushi.metro.tokyo.lg.jp/documents/d/fukushi/20260801_seishin_byouin-xlsx-xlsx
4122933,医療法人社団ひなた会 いせだ脳神経外科,184-0002,小金井市,小金井市梶野町５－１１－５　パピスプラザ１階,042-316-1518,2015-10-01,2021-10-01,byouin,2026-08-01,https://www.fukushi.metro.tokyo.lg.jp/documents/d/fukushi/20260801_seishin_byouin-xlsx-xlsx
4122958,医療法人社団樹会武蔵小金井南口心療クリニック,184-0004,小金井市,小金井市本町６－１－１５　ＩＲＩＥ武蔵野１０１号室,042-385-0221,2007-01-01,2025-01-01,byouin,2026-08-01,https://www.fukushi.metro.tokyo.lg.jp/documents/d/fukushi/20260801_seishin_byouin-xlsx-xlsx
4122966,医療法人社団 公懌会 小金井メディカルクリニック,184-0004,小金井市,小金井市本町２－１－１２　けやきビル２階,042-401-2938,2018-04-01,2024-04-01,byouin,2026-08-01,https://www.fukushi.metro.tokyo.lg.jp/documents/d/fukushi/20260801_seishin_byouin-xlsx-xlsx
4123022,東小金井駅前メンタルクリニック,184-0002,小金井市,小金井市梶野町５－３－６　東小金井フラワーメディカルモール２０３号,042-401-1037,2019-10-01,2025-10-01,byouin,2026-08-01,https://www.fukushi.metro.tokyo.lg.jp/documents/d/fukushi/20260801_seishin_byouin-xlsx-xlsx
4123147,医療法人社団成令会 在宅２４クリニック小金井,184-0013,小金井市,小金井市前原町３－１６－１４　玉野屋コーポラス１０２号,042-316-5720,2020-04-01,2026-04-01,byouin,2026-08-01,https://www.fukushi.metro.tokyo.lg.jp/documents/d/fukushi/20260801_seishin_byouin-xlsx-xlsx
4123204,小金井ファミリークリニック,184-0004,小金井市,小金井市本町１－１３－１３,042-382-3633,2020-03-01,2026-03-01,byouin,2026-08-01,https://www.fukushi.metro.tokyo.lg.jp/documents/d/fukushi/20260801_seishin_byouin-xlsx-xlsx
4123253,医療法人社団かけはし東小金井小児神経・脳神経内科クリニック,184-0002,小金井市,小金井市梶野町５－３－６　東小金井フラワーメディカルモール２０１,042-316-7810,2020-04-01,2026-04-01,byouin,2026-08-01,https://www.fukushi.metro.tokyo.lg.jp/documents/d/fukushi/20260801_seishin_byouin-xlsx-xlsx
4123386,あさがおクリニック武蔵小金井院,184-0004,小金井市,小金井市本町１－９－８　４階,03-6820-3185,2025-04-01,,byouin,2026-08-01,https://www.fukushi.metro.tokyo.lg.jp/documents/d/fukushi/20260801_seishin_byouin-xlsx-xlsx
4314209,緑成会病院,187-0035,小平市,小平市小川西町２－３５－１,042-341-3011,2008-01-01,2026-01-01,byouin,2026-08-01,https://www.fukushi.metro.tokyo.lg.jp/documents/d/fukushi/20260801_seishin_byouin-xlsx-xlsx
4314274,社会福祉法人多摩済生医療団 多摩済生病院,187-0041,小平市,小平市美園町３－１１－１,042-341-1611,2007-01-01,2025-01-01,byouin,2026-08-01,https://www.fukushi.metro.tokyo.lg.jp/documents/d/fukushi/20260801_seishin_byouin-xlsx-xlsx
4314407,公立昭和病院,187-8510,小平市,小平市花小金井８－１－１,042-461-0052,2007-02-01,2025-02-01,byouin,2026-08-01,https://www.fukushi.metro.tokyo.lg.jp/documents/d/fukushi/20260801_seishin_byouin-xlsx-xlsx
4314423,社会福祉法人黎明会 南台病院,187-0032,小平市,小平市小川町１－４８５,042-341-7111,2007-02-01,2025-02-01,byouin,2026-08-01,https://www.fukushi.metro.tokyo.lg.jp/documents/d/fukushi/20260801_seishin_byouin-xlsx-xlsx
4321493,宮村クリニック,187-0045,小平市,小平市学園西町２－１３－３７　カミデビル３階,042-342-5588,2007-05-01,2025-05-01,byouin,2026-08-01,https://www.fukushi.metro.tokyo.lg.jp/documents/d/fukushi/20260801_seishin_byouin-xlsx-xlsx
4321980,あかしあ脳神経外科,187-0042,小平市,小平市仲町４２５－１２,042-345-7444,2008-01-01,2026-01-01,byouin,2026-08-01,https://www.fukushi.metro.tokyo.lg.jp/documents/d/fukushi/20260801_seishin_byouin-xlsx-xlsx
4322129,医療法人社団 仲谷クリニック,187-0043,小平市,小平市学園東町３－３－３６,042-341-5270,2007-01-01,2025-01-01,byouin,2026-08-01,https://www.fukushi.metro.tokyo.lg.jp/documents/d/fukushi/20260801_seishin_byouin-xlsx-xlsx
4322152,おかだクリニック,187-0002,小平市,小平市花小金井３－２－５　ドミール黒澤１階,042-460-8777,2007-01-01,2025-01-01,byouin,2026-08-01,https://www.fukushi.metro.tokyo.lg.jp/documents/d/fukushi/20260801_seishin_byouin-xlsx-xlsx
4322327,医療法人社団育友会 小平駅前クリニック,187-0041,小平市,小平市美園町２－３－２０,042-342-6878,2007-01-01,2025-01-01,byouin,2026-08-01,https://www.fukushi.metro.tokyo.lg.jp/documents/d/fukushi/20260801_seishin_byouin-xlsx-xlsx
4322343,医療法人社団ふた葉会 いとう小児科,187-0003,小平市,小平市花小金井南町２－２１－７,042-465-2288,2008-01-01,2026-01-01,byouin,2026-08-01,https://www.fukushi.metro.tokyo.lg.jp/documents/d/fukushi/20260801_seishin_byouin-xlsx-xlsx
4322392,むさしクリニック,187-0041,小平市,小平市美園町１－７－１７　エスエフビル２階,042-347-0631,2007-01-01,2025-01-01,byouin,2026-08-01,https://www.fukushi.metro.tokyo.lg.jp/documents/d/fukushi/20260801_seishin_byouin-xlsx-xlsx
4322574,医療法人社団有心会 タムラクリニック,187-0003,小平市,小平市花小金井南町１－１８－２５　ＮＲ花小金井駅前２階Ｄ,042-451-5533,2007-01-01,2025-01-01,byouin,2026-08-01,https://www.fukushi.metro.tokyo.lg.jp/documents/d/fukushi/20260801_seishin_byouin-xlsx-xlsx
4322590,医療法人社団日清会 清水小児科内科医院,187-0001,小平市,小平市大沼町４－４３－３２,042-343-2255,2007-01-01,2025-01-01,byouin,2026-08-01,https://www.fukushi.metro.tokyo.lg.jp/documents/d/fukushi/20260801_seishin_byouin-xlsx-xlsx
4323218,医療法人社団野苺会 小平仲町クリニック,187-0042,小平市,小平市仲町６５２－１,042-346-0888,2015-07-01,2021-07-01,byouin,2026-08-01,https://www.fukushi.metro.tokyo.lg.jp/documents/d/fukushi/20260801_seishin_byouin-xlsx-xlsx
4323325,医療法人社団和光会 キノメディッククリニック小平,187-0041,小平市,小平市美園町２－１０－１９　リアンレーヴ小平弐番館１階,042-312-3967,2016-07-01,2022-07-01,byouin,2026-08-01,https://www.fukushi.metro.tokyo.lg.jp/documents/d/fukushi/20260801_seishin_byouin-xlsx-xlsx
4323366,新小平クリニック,187-0032,小平市,小平市小川町２－１９７５－８,042-312-1185,2009-10-01,2021-10-01,byouin,2026-08-01,https://www.fukushi.metro.tokyo.lg.jp/documents/d/fukushi/20260801_seishin_byouin-xlsx-xlsx
4323556,あいクリニック,187-0035,小平市,小平市小川西町５－２２－１２,042-313-4115,2021-09-01,,byouin,2026-08-01,https://www.fukushi.metro.tokyo.lg.jp/documents/d/fukushi/20260801_seishin_byouin-xlsx-xlsx
4323564,コスモスこころのクリニック花小金井,187-0002,小平市,小平市花小金井１－１０－１１　８７５ビル４Ｆ,042-452-7506,2021-11-01,,byouin,2026-08-01,https://www.fukushi.metro.tokyo.lg.jp/documents/d/fukushi/20260801_seishin_byouin-xlsx-xlsx
4323614,花小金井駅前こどもクリニック,187-0002,小平市,小平市花小金井１－１０－１１　８７５ビル２０１号,042-465-2255,2022-11-01,,byouin,2026-08-01,https://www.fukushi.metro.tokyo.lg.jp/documents/d/fukushi/20260801_seishin_byouin-xlsx-xlsx
4323622,医療法人社団悠翔会 ケアタウン小平クリニック,187-0012,小平市,小平市御幸町１３１－５,042-321-7575,2022-08-01,,byouin,2026-08-01,https://www.fukushi.metro.tokyo.lg.jp/documents/d/fukushi/20260801_seishin_byouin-xlsx-xlsx
4323630,ｖｉｌｌａあい小平クリニック,187-0032,小平市,小平市小川町１－３０１４－７　ｖｉｌｌａあい小平１階,042-313-4115,2022-07-01,,byouin,2026-08-01,https://www.fukushi.metro.tokyo.lg.jp/documents/d/fukushi/20260801_seishin_byouin-xlsx-xlsx
4323663,医療法人社団おおぞら会つばさクリニック小平,187-0041,小平市,小平市美園町２－６－２,042-312-3556,2023-04-01,,byouin,2026-08-01,https://www.fukushi.metro.tokyo.lg.jp/documents/d/fukushi/20260801_seishin_byouin-xlsx-xlsx
4323747,カラムンの森こどもクリニック,187-0032,小平市,小平市小川町２－１２１０,042-313-4455,2020-05-01,2026-05-01,byouin,2026-08-01,https://www.fukushi.metro.tokyo.lg.jp/documents/d/fukushi/20260801_seishin_byouin-xlsx-xlsx
4323812,トモニこころのクリニック,187-0031,小平市,小平市小川東町５－７－７　２階,042-313-2555,2025-06-01,,byouin,2026-08-01,https://www.fukushi.metro.tokyo.lg.jp/documents/d/fukushi/20260801_seishin_byouin-xlsx-xlsx
4323820,ユーファミリークリニック,187-0043,小平市,小平市学園東町１－４－７　ニューオリエント一橋学園２０３号室,042-312-1400,2025-06-01,,byouin,2026-08-01,https://www.fukushi.metro.tokyo.lg.jp/documents/d/fukushi/20260801_seishin_byouin-xlsx-xlsx
4370052,医療法人晴生会晴生会東京病院,187-0031,小平市,小平市小川東町２－１１－１,042-341-3211,2007-01-01,2025-01-01,byouin,2026-08-01,https://www.fukushi.metro.tokyo.lg.jp/documents/d/fukushi/20260801_seishin_byouin-xlsx-xlsx
4370060,緑成会整育園,187-0032,小平市,小平市小川町１－７４１－３４,042-341-3013,2007-01-01,2025-01-01,byouin,2026-08-01,https://www.fukushi.metro.tokyo.lg.jp/documents/d/fukushi/20260801_seishin_byouin-xlsx-xlsx
4370078,医療法人社団晃悠会むさしの救急病院,187-0031,小平市,小平市小川東町１－２４－１,042-313-5520,2025-01-01,,byouin,2026-08-01,https://www.fukushi.metro.tokyo.lg.jp/documents/d/fukushi/20260801_seishin_byouin-xlsx-xlsx
8715542,国立研究開発法人国立精神・神経医療研究センター病院,187-0031,小平市,小平市小川東町４－１－１,042-341-2711,2007-03-01,2025-03-01,byouin,2026-08-01,https://www.fukushi.metro.tokyo.lg.jp/documents/d/fukushi/20260801_seishin_byouin-xlsx-xlsx
3516432,医療法人社団清愛会 七生病院,191-0055,日野市,日野市西平山１－２４－１,042-584-0623,2007-01-01,2025-01-01,byouin,2026-08-01,https://www.fukushi.metro.tokyo.lg.jp/documents/d/fukushi/20260801_seishin_byouin-xlsx-xlsx
3520525,日野台診療所,191-0003,日野市,日野市日野台４－２６－１６,042-581-6175,2006-12-01,2024-12-01,byouin,2026-08-01,https://www.fukushi.metro.tokyo.lg.jp/documents/d/fukushi/20260801_seishin_byouin-xlsx-xlsx
3520533,福岡医院,191-0041,日野市,日野市南平８－１０－２７,042-591-3600,2006-12-01,2024-12-01,byouin,2026-08-01,https://www.fukushi.metro.tokyo.lg.jp/documents/d/fukushi/20260801_seishin_byouin-xlsx-xlsx
3522349,医療法人社団 晴和会 高幡駅前川崎クリニック,191-0031,日野市,日野市高幡１０００－２　三井住友銀行高幡不動ビル６階,042-599-0036,2007-01-01,2025-01-01,byouin,2026-08-01,https://www.fukushi.metro.tokyo.lg.jp/documents/d/fukushi/20260801_seishin_byouin-xlsx-xlsx
3522513,医療法人社団あすか アスカクリニック,191-0031,日野市,日野市高幡１００１－８　久野第２ビル２階,042-594-6381,2007-01-01,2025-01-01,byouin,2026-08-01,https://www.fukushi.metro.tokyo.lg.jp/documents/d/fukushi/20260801_seishin_byouin-xlsx-xlsx
3522539,医療法人社団佐々木クリニック 佐々木クリニック豊田,191-0054,日野市,日野市東平山３－１－１,042-585-8063,2007-01-01,2025-01-01,byouin,2026-08-01,https://www.fukushi.metro.tokyo.lg.jp/documents/d/fukushi/20260801_seishin_byouin-xlsx-xlsx
3522570,医療法人社団康明会 康明会ホームケアクリニック,191-0012,日野市,日野市日野１４５１－１　シルバービレッジ日野クリニックビル１階,042-589-0009,2009-05-01,2021-05-01,byouin,2026-08-01,https://www.fukushi.metro.tokyo.lg.jp/documents/d/fukushi/20260801_seishin_byouin-xlsx-xlsx
3522828,医療法人社団緑のこころ 南平山の上クリニック,191-0041,日野市,日野市南平８－４－２６,042-599-7877,2007-01-01,2025-01-01,byouin,2026-08-01,https://www.fukushi.metro.tokyo.lg.jp/documents/d/fukushi/20260801_seishin_byouin-xlsx-xlsx
3523180,朝がおクリニック,191-0062,日野市,日野市多摩平２－５－１　クレヴィア豊田多摩平の森ＲＥＳＩＤＥＮＳＥ１１１号室,042-506-9304,2009-06-01,2021-06-01,byouin,2026-08-01,https://www.fukushi.metro.tokyo.lg.jp/documents/d/fukushi/20260801_seishin_byouin-xlsx-xlsx
3523305,こころクリニック,191-0061,日野市,日野市大坂上１－３２－４　根本ビル２階,042-848-9745,2019-06-01,2025-06-01,byouin,2026-08-01,https://www.fukushi.metro.tokyo.lg.jp/documents/d/fukushi/20260801_seishin_byouin-xlsx-xlsx
3523347,日野オリーブ坂診療所,191-0061,日野市,日野市大坂上１－３０－１９　シルバーアロービル３Ｆ,042-583-2244,2019-07-01,2025-07-01,byouin,2026-08-01,https://www.fukushi.metro.tokyo.lg.jp/documents/d/fukushi/20260801_seishin_byouin-xlsx-xlsx
3523362,明星大学診療所,191-8506,日野市,日野市程久保２－１－１,042-591-5320,2019-12-01,2025-12-01,byouin,2026-08-01,https://www.fukushi.metro.tokyo.lg.jp/documents/d/fukushi/20260801_seishin_byouin-xlsx-xlsx
3523511,ふじこどものこころクリニック,191-0031,日野市,日野市高幡１００９－３　エンフォート高幡２０３号,042-506-5223,2023-05-01,,byouin,2026-08-01,https://www.fukushi.metro.tokyo.lg.jp/documents/d/fukushi/20260801_seishin_byouin-xlsx-xlsx
3523685,日野駅前ファミリークリニック,191-0061,日野市,日野市大坂上１－３２－１１　伊藤ビル１階,042-506-2885,2023-09-01,,byouin,2026-08-01,https://www.fukushi.metro.tokyo.lg.jp/documents/d/fukushi/20260801_seishin_byouin-xlsx-xlsx
3523693,ひのとよだ心のクリニック,191-0062,日野市,日野市多摩平１－４－１９　藤ビル４階４０２号室,042-518-8770,2025-08-01,,byouin,2026-08-01,https://www.fukushi.metro.tokyo.lg.jp/documents/d/fukushi/20260801_seishin_byouin-xlsx-xlsx
3523719,おおつき在宅クリニック,191-0062,日野市,日野市多摩平１－２－１　多摩平第一ビルマンション４０２号室,042-800-2004,2025-07-01,,byouin,2026-08-01,https://www.fukushi.metro.tokyo.lg.jp/documents/d/fukushi/20260801_seishin_byouin-xlsx-xlsx
3570058,医療法人社団康明会 康明会病院,191-0053,日野市,日野市豊田２－３２－１,042-584-5251,2016-06-01,2022-06-01,byouin,2026-08-01,https://www.fukushi.metro.tokyo.lg.jp/documents/d/fukushi/20260801_seishin_byouin-xlsx-xlsx
3570074,日野市立病院,191-0062,日野市,日野市多摩平４－３－１,042-581-2677,2008-01-01,2026-01-01,byouin,2026-08-01,https://www.fukushi.metro.tokyo.lg.jp/documents/d/fukushi/20260801_seishin_byouin-xlsx-xlsx
3570108,多摩平の森の病院,191-0062,日野市,日野市多摩平３－１－１７,042-843-1777,2007-01-01,2025-01-01,byouin,2026-08-01,https://www.fukushi.metro.tokyo.lg.jp/documents/d/fukushi/20260801_seishin_byouin-xlsx-xlsx
2714350,医療法人社団恵友会 三恵病院,189-0002,東村山市,東村山市青葉町３－２９－１,042-391-3035,2007-01-01,2025-01-01,byouin,2026-08-01,https://www.fukushi.metro.tokyo.lg.jp/documents/d/fukushi/20260801_seishin_byouin-xlsx-xlsx
2715498,社会福祉法人白十字会 東京白十字病院,189-0021,東村山市,東村山市諏訪町２－２６－１,042-391-6111,2007-01-01,2025-01-01,byouin,2026-08-01,https://www.fukushi.metro.tokyo.lg.jp/documents/d/fukushi/20260801_seishin_byouin-xlsx-xlsx
2720811,ハトホーム診療所,189-0024,東村山市,東村山市富士見町２－７－５,042-393-7574,2007-01-01,2025-01-01,byouin,2026-08-01,https://www.fukushi.metro.tokyo.lg.jp/documents/d/fukushi/20260801_seishin_byouin-xlsx-xlsx
2721520,久保クリニック,189-0011,東村山市,東村山市恩多町１－３０－１,042-390-3477,2007-01-01,2025-01-01,byouin,2026-08-01,https://www.fukushi.metro.tokyo.lg.jp/documents/d/fukushi/20260801_seishin_byouin-xlsx-xlsx
2721678,医療法人社団ＶＩＴＡ（ヴィータ）和田医院,189-0023,東村山市,東村山市美住町１－７－３３,042-394-7655,2021-02-01,,byouin,2026-08-01,https://www.fukushi.metro.tokyo.lg.jp/documents/d/fukushi/20260801_seishin_byouin-xlsx-xlsx
2722122,医療法人社団飛白会 山下医院,189-0013,東村山市,東村山市栄町２－９－３２　晃正プラザ３０１,042-396-4614,2007-01-01,2025-01-01,byouin,2026-08-01,https://www.fukushi.metro.tokyo.lg.jp/documents/d/fukushi/20260801_seishin_byouin-xlsx-xlsx
2722213,おのクリニック,189-0014,東村山市,東村山市本町２－３－９２　東住本社ビル５階,042-308-0600,2011-06-01,2017-06-01,byouin,2026-08-01,https://www.fukushi.metro.tokyo.lg.jp/documents/d/fukushi/20260801_seishin_byouin-xlsx-xlsx
2722320,さくらコート青葉町診療所,189-0002,東村山市,東村山市青葉町１－７－７０,042-390-1170,2015-06-01,2021-06-01,byouin,2026-08-01,https://www.fukushi.metro.tokyo.lg.jp/documents/d/fukushi/20260801_seishin_byouin-xlsx-xlsx
2722478,茜在宅クリニック,189-0024,東村山市,東村山市富士見町１－１４－３　南台シニアセンター１Ｆ,042-390-0023,2022-12-01,,byouin,2026-08-01,https://www.fukushi.metro.tokyo.lg.jp/documents/d/fukushi/20260801_seishin_byouin-xlsx-xlsx
2722643,やまだこどもクリニック,189-0001,東村山市,東村山市秋津町５－１３－３　セゾン新秋津,042-399-2285,2013-05-01,2025-05-01,byouin,2026-08-01,https://www.fukushi.metro.tokyo.lg.jp/documents/d/fukushi/20260801_seishin_byouin-xlsx-xlsx
2722734,医療法人社団成令会 在宅２４クリニック東村山,189-0013,東村山市,東村山市栄町１－６－２　リシェス久米川２号館２１１,042-316-5720,2022-01-01,,byouin,2026-08-01,https://www.fukushi.metro.tokyo.lg.jp/documents/d/fukushi/20260801_seishin_byouin-xlsx-xlsx
2722809,やまだこどもクリニック久米川,189-0013,東村山市,東村山市栄町２－９－１４　東晃第２ビル１階・２階・４階,042-306-2960,2023-11-01,,byouin,2026-08-01,https://www.fukushi.metro.tokyo.lg.jp/documents/d/fukushi/20260801_seishin_byouin-xlsx-xlsx
2722874,絆在宅クリニック,189-0013,東村山市,東村山市栄町３－１１－１　輪ＲＩＮ,042-306-3721,2021-08-01,,byouin,2026-08-01,https://www.fukushi.metro.tokyo.lg.jp/documents/d/fukushi/20260801_seishin_byouin-xlsx-xlsx
2770063,医療法人社団新新会 多摩あおば病院,189-0002,東村山市,東村山市青葉町２－２７－１,042-393-2881,2007-01-01,2025-01-01,byouin,2026-08-01,https://www.fukushi.metro.tokyo.lg.jp/documents/d/fukushi/20260801_seishin_byouin-xlsx-xlsx
2770089,医療法人社団幸悠会 逸見病院,189-0012,東村山市,東村山市萩山町３－２６－１６,042-391-1903,2007-01-01,2025-01-01,byouin,2026-08-01,https://www.fukushi.metro.tokyo.lg.jp/documents/d/fukushi/20260801_seishin_byouin-xlsx-xlsx
2770113,地方独立行政法人 東京都立病院機構 東京都立多摩北部医療センター,189-0002,東村山市,東村山市青葉町１－７－１,042-396-3811,2007-02-01,2025-02-01,byouin,2026-08-01,https://www.fukushi.metro.tokyo.lg.jp/documents/d/fukushi/20260801_seishin_byouin-xlsx-xlsx
9120726,東京都 東村山福祉園診療所,189-0012,東村山市,東村山市萩山町１－３５－１,042-343-8141,2007-01-01,2025-01-01,byouin,2026-08-01,https://www.fukushi.metro.tokyo.lg.jp/documents/d/fukushi/20260801_seishin_byouin-xlsx-xlsx
3121779,国分寺駅前クリニック,185-0021,国分寺市,国分寺市南町３－１５－１０　ヒラキビル２階,042-323-4667,2007-01-01,2025-01-01,byouin,2026-08-01,https://www.fukushi.metro.tokyo.lg.jp/documents/d/fukushi/20260801_seishin_byouin-xlsx-xlsx
3122488,国分寺メンタルクリニック,185-0012,国分寺市,国分寺市本町１－７－３,042-316-7766,2008-01-01,2026-01-01,byouin,2026-08-01,https://www.fukushi.metro.tokyo.lg.jp/documents/d/fukushi/20260801_seishin_byouin-xlsx-xlsx
3122496,マシュマロこどもクリニック,185-0003,国分寺市,国分寺市戸倉４－４５－５,042-320-1155,2008-05-01,2026-05-01,byouin,2026-08-01,https://www.fukushi.metro.tokyo.lg.jp/documents/d/fukushi/20260801_seishin_byouin-xlsx-xlsx
3122611,本多クリニック,185-0011,国分寺市,国分寺市本多５－２８－６,042-321-0866,2007-01-01,2025-01-01,byouin,2026-08-01,https://www.fukushi.metro.tokyo.lg.jp/documents/d/fukushi/20260801_seishin_byouin-xlsx-xlsx
3122710,医療法人社団実幸会 武蔵国分寺公園クリニック,185-0023,国分寺市,国分寺市西元町２－１６－３４－１２７,042-320-4970,2013-07-01,2025-07-01,byouin,2026-08-01,https://www.fukushi.metro.tokyo.lg.jp/documents/d/fukushi/20260801_seishin_byouin-xlsx-xlsx
3122751,多摩国分寺こころのクリニック,185-0021,国分寺市,国分寺市南町３－１７－２　東海ビル６階,042-325-5286,2009-07-01,2021-07-01,byouin,2026-08-01,https://www.fukushi.metro.tokyo.lg.jp/documents/d/fukushi/20260801_seishin_byouin-xlsx-xlsx
3122777,医療法人社団 むさしの国分寺クリニック,185-0012,国分寺市,国分寺市本町４－１－９　国分寺市本町クリスタルビル３階,042-328-5660,2007-01-01,2025-01-01,byouin,2026-08-01,https://www.fukushi.metro.tokyo.lg.jp/documents/d/fukushi/20260801_seishin_byouin-xlsx-xlsx
3122843,あおば心療内科国分寺南クリニック,185-0021,国分寺市,国分寺市南町３－２２－３１　国分寺南町ビル３階,042-328-5680,2013-08-01,2025-08-01,byouin,2026-08-01,https://www.fukushi.metro.tokyo.lg.jp/documents/d/fukushi/20260801_seishin_byouin-xlsx-xlsx
3122892,たかの内科・脳神経外科クリニック,185-0012,国分寺市,国分寺市本町２－１０－９　島田ビル２階Ｃ区画,042-312-4110,2014-12-01,2020-12-01,byouin,2026-08-01,https://www.fukushi.metro.tokyo.lg.jp/documents/d/fukushi/20260801_seishin_byouin-xlsx-xlsx
3122926,国分寺在宅ケアクリニック,185-0012,国分寺市,国分寺市本町４－１３－１２　第五荒田ビル３１０,042-329-3993,2015-10-01,2021-10-01,byouin,2026-08-01,https://www.fukushi.metro.tokyo.lg.jp/documents/d/fukushi/20260801_seishin_byouin-xlsx-xlsx
3122942,医療法人社団ソラ にしむらクリニック,185-0012,国分寺市,国分寺市本町２－１０－９　島田ビル２階,042-324-4733,2012-10-01,2024-10-01,byouin,2026-08-01,https://www.fukushi.metro.tokyo.lg.jp/documents/d/fukushi/20260801_seishin_byouin-xlsx-xlsx
3122975,大学通り武蔵野催眠クリニック,185-0012,国分寺市,国分寺市本町２－９－１７　アスクムデルフィオーレ１０１号,042-349-6223,2016-05-01,2022-05-01,byouin,2026-08-01,https://www.fukushi.metro.tokyo.lg.jp/documents/d/fukushi/20260801_seishin_byouin-xlsx-xlsx
3123148,医療法人社団国分寺すずかけ心療クリニック,185-0011,国分寺市,国分寺市本多２－３－３　国分寺市商工会館５階,042-312-4406,2010-05-01,2022-05-01,byouin,2026-08-01,https://www.fukushi.metro.tokyo.lg.jp/documents/d/fukushi/20260801_seishin_byouin-xlsx-xlsx
3123254,西国分寺しろくまクリニック,185-0024,国分寺市,国分寺市泉町３－３７－２５　天龍ビル３階,042-313-8820,2022-11-01,,byouin,2026-08-01,https://www.fukushi.metro.tokyo.lg.jp/documents/d/fukushi/20260801_seishin_byouin-xlsx-xlsx
3123288,クメンタクリニック,185-0012,国分寺市,国分寺市本町４－１２－３,042-312-0135,2019-12-01,2025-12-01,byouin,2026-08-01,https://www.fukushi.metro.tokyo.lg.jp/documents/d/fukushi/20260801_seishin_byouin-xlsx-xlsx
3123320,医療法人社団友尊会やながわ内科クリニック,185-0024,国分寺市,国分寺市泉町２－９－３　泉ビル３階,042-320-5055,2007-11-01,2025-11-01,byouin,2026-08-01,https://www.fukushi.metro.tokyo.lg.jp/documents/d/fukushi/20260801_seishin_byouin-xlsx-xlsx
3123361,絆在宅クリニック国分寺,185-0003,国分寺市,国分寺市戸倉１－２－４３　結,043-349-6030,2024-05-01,,byouin,2026-08-01,https://www.fukushi.metro.tokyo.lg.jp/documents/d/fukushi/20260801_seishin_byouin-xlsx-xlsx
3123387,アゼリアこころクリニック国分寺,185-0012,国分寺市,国分寺市本町３－５－１５　富貴屋ビル地下１階,050-5810-6233,2024-08-01,,byouin,2026-08-01,https://www.fukushi.metro.tokyo.lg.jp/documents/d/fukushi/20260801_seishin_byouin-xlsx-xlsx
3123411,医療法人社団平郁会みんなの在宅クリニック国分寺,185-0012,国分寺市,国分寺市本町４－３－１６　サンクレストビル５階,042-312-2102,2024-10-01,,byouin,2026-08-01,https://www.fukushi.metro.tokyo.lg.jp/documents/d/fukushi/20260801_seishin_byouin-xlsx-xlsx
3123437,ポラリスこころのクリニック国分寺,185-0021,国分寺市,国分寺市南町３－１６－７　ダイワビル６階－１,042-313-9215,2025-05-01,,byouin,2026-08-01,https://www.fukushi.metro.tokyo.lg.jp/documents/d/fukushi/20260801_seishin_byouin-xlsx-xlsx
3123460,国分寺イーストクリニック,185-0021,国分寺市,国分寺市南町３－１８－１４　天下ビル２階,042-312-2216,2020-02-01,,byouin,2026-08-01,https://www.fukushi.metro.tokyo.lg.jp/documents/d/fukushi/20260801_seishin_byouin-xlsx-xlsx
3421187,医療法人社団つくし会 新田クリニック,186-0005,国立市,国立市西２－２６－２９,042-574-3355,2007-01-01,2025-01-01,byouin,2026-08-01,https://www.fukushi.metro.tokyo.lg.jp/documents/d/fukushi/20260801_seishin_byouin-xlsx-xlsx
3421302,三多摩医療生活協同組合 くにたち南口診療所,186-0004,国立市,国立市中１－１６－２５　シャトレクインテス国立ビル１階,042-577-8953,2006-12-01,2024-12-01,byouin,2026-08-01,https://www.fukushi.metro.tokyo.lg.jp/documents/d/fukushi/20260801_seishin_byouin-xlsx-xlsx
3421575,石川クリニック,186-0002,国立市,国立市東１－１－３０　駅前マンション国立２０１,042-501-0520,2007-01-01,2025-01-01,byouin,2026-08-01,https://www.fukushi.metro.tokyo.lg.jp/documents/d/fukushi/20260801_seishin_byouin-xlsx-xlsx
3421815,旭通やのクリニック,186-0002,国立市,国立市東１－１５－３０　北島第５ビル５階,042-575-2002,2007-01-01,2025-01-01,byouin,2026-08-01,https://www.fukushi.metro.tokyo.lg.jp/documents/d/fukushi/20260801_seishin_byouin-xlsx-xlsx
3421948,緑風メンタルクリニック,186-0001,国立市,国立市北１－９－１　エムビル地下１階,042-574-7087,2008-06-01,2026-06-01,byouin,2026-08-01,https://www.fukushi.metro.tokyo.lg.jp/documents/d/fukushi/20260801_seishin_byouin-xlsx-xlsx
3421989,医療法人社団聖フランシスコ会 国立聖林クリニック,186-0005,国立市,国立市西２－１０－１０　国立オリエントプラザ１階,042-580-6102,2008-03-01,2026-03-01,byouin,2026-08-01,https://www.fukushi.metro.tokyo.lg.jp/documents/d/fukushi/20260801_seishin_byouin-xlsx-xlsx
3422243,土橋脳神経外科,186-0002,国立市,国立市東１－８－６　国立メディカルセンタービル２０５,042-580-0118,2014-05-01,2026-05-01,byouin,2026-08-01,https://www.fukushi.metro.tokyo.lg.jp/documents/d/fukushi/20260801_seishin_byouin-xlsx-xlsx
3422441,小沢こころのクリニック,186-0002,国立市,国立市東１－１７－２０　サンライズビル２０２,042-580-1385,2007-01-01,2025-01-01,byouin,2026-08-01,https://www.fukushi.metro.tokyo.lg.jp/documents/d/fukushi/20260801_seishin_byouin-xlsx-xlsx
3422607,国立駅前やすらいクリニック,186-0002,国立市,国立市東１－４－８　国立セントラルビル４階,042-505-6117,2024-05-01,,byouin,2026-08-01,https://www.fukushi.metro.tokyo.lg.jp/documents/d/fukushi/20260801_seishin_byouin-xlsx-xlsx
3422664,ペンギンクリニック,186-0002,国立市,国立市東１－６－２４　新プリンスビル４階及び５階,042-843-0832,2025-08-01,,byouin,2026-08-01,https://www.fukushi.metro.tokyo.lg.jp/documents/d/fukushi/20260801_seishin_byouin-xlsx-xlsx
4420675,医療法人社団幹人会 福生クリニック,197-0012,福生市,福生市加美平３－３５－１３,042-551-2312,2007-01-01,2025-01-01,byouin,2026-08-01,https://www.fukushi.metro.tokyo.lg.jp/documents/d/fukushi/20260801_seishin_byouin-xlsx-xlsx
4420808,医療法人社団弘福会 笠井クリニック,197-0012,福生市,福生市加美平１－１５－６　フルヤビル１階,042-551-6611,2007-01-01,2025-01-01,byouin,2026-08-01,https://www.fukushi.metro.tokyo.lg.jp/documents/d/fukushi/20260801_seishin_byouin-xlsx-xlsx
4421079,河内クリニック,197-0011,福生市,福生市福生９９２－２　ＮＴビル１階,042-552-5515,2007-01-01,2025-01-01,byouin,2026-08-01,https://www.fukushi.metro.tokyo.lg.jp/documents/d/fukushi/20260801_seishin_byouin-xlsx-xlsx
4421293,牛浜こころの森クリニック,197-0024,福生市,福生市牛浜１５８　メディカルビーンズ２階,042-513-6480,2015-09-01,2021-09-01,byouin,2026-08-01,https://www.fukushi.metro.tokyo.lg.jp/documents/d/fukushi/20260801_seishin_byouin-xlsx-xlsx
4421400,医療法人社団悠救会 波多野医院,197-0011,福生市,福生市福生７７４－１３,042-551-7545,2007-01-01,2025-01-01,byouin,2026-08-01,https://www.fukushi.metro.tokyo.lg.jp/documents/d/fukushi/20260801_seishin_byouin-xlsx-xlsx
4470050,公立福生病院,197-0012,福生市,福生市加美平１－６－１,042-551-1111,2007-02-01,2025-02-01,byouin,2026-08-01,https://www.fukushi.metro.tokyo.lg.jp/documents/d/fukushi/20260801_seishin_byouin-xlsx-xlsx
4470068,医療法人社団葵 熊川病院,197-0003,福生市,福生市大字熊川１５４,042-553-3001,2007-01-01,2025-01-01,byouin,2026-08-01,https://www.fukushi.metro.tokyo.lg.jp/documents/d/fukushi/20260801_seishin_byouin-xlsx-xlsx
4514188,東京慈恵会医科大学西部医療センター,201-8601,狛江市,狛江市和泉本町４－１１－１,03-3480-1151,2007-01-01,2025-01-01,byouin,2026-08-01,https://www.fukushi.metro.tokyo.lg.jp/documents/d/fukushi/20260801_seishin_byouin-xlsx-xlsx
4521027,狛江のんびりクリニック,201-0014,狛江市,狛江市東和泉１－８－８,03-5438-6110,2007-01-01,2025-01-01,byouin,2026-08-01,https://www.fukushi.metro.tokyo.lg.jp/documents/d/fukushi/20260801_seishin_byouin-xlsx-xlsx
4521035,医療法人社団慈翔会 かたやま内科クリニック,201-0012,狛江市,狛江市中和泉５－１－２０－１０１,03-3488-6051,2009-06-01,2021-06-01,byouin,2026-08-01,https://www.fukushi.metro.tokyo.lg.jp/documents/d/fukushi/20260801_seishin_byouin-xlsx-xlsx
4521332,ライズ訪問診療クリニック,201-0004,狛江市,狛江市岩戸北２－１２－１２　チェスナテラス５号,03-4405-6372,2016-12-01,2022-12-01,byouin,2026-08-01,https://www.fukushi.metro.tokyo.lg.jp/documents/d/fukushi/20260801_seishin_byouin-xlsx-xlsx
4521407,トータス往診クリニック,201-0005,狛江市,狛江市岩戸南４－２２－７　メゾン・サンライズ・アイ１０２,03-5761-2752,2016-06-01,2022-06-01,byouin,2026-08-01,https://www.fukushi.metro.tokyo.lg.jp/documents/d/fukushi/20260801_seishin_byouin-xlsx-xlsx
4521456,医療法人社団すまる在宅クリニック,201-0012,狛江市,狛江市中和泉１－４－２７　１階,03-5761-5584,2018-07-01,2024-07-01,byouin,2026-08-01,https://www.fukushi.metro.tokyo.lg.jp/documents/d/fukushi/20260801_seishin_byouin-xlsx-xlsx
4521472,医療法人社団悠翠会うえまつ在宅クリニック,201-0014,狛江市,狛江市東和泉３－１２－２　鈴文ビル２階,03-5761-4199,2016-04-01,2022-04-01,byouin,2026-08-01,https://www.fukushi.metro.tokyo.lg.jp/documents/d/fukushi/20260801_seishin_byouin-xlsx-xlsx
4521571,医療法人社団あまね会 あまね在宅クリニック,201-0012,狛江市,狛江市中和泉１－２７−５　アモール狛江１０５,03-5761-7611,2021-11-01,,byouin,2026-08-01,https://www.fukushi.metro.tokyo.lg.jp/documents/d/fukushi/20260801_seishin_byouin-xlsx-xlsx
4521589,往診メンタルクリニックゆっくり,201-0013,狛江市,狛江市元和泉１－１１－１４－２０１,03-5761-5990,2021-09-01,,byouin,2026-08-01,https://www.fukushi.metro.tokyo.lg.jp/documents/d/fukushi/20260801_seishin_byouin-xlsx-xlsx
4521639,あたまとおなか宝田クリニック,201-0003,狛江市,狛江市和泉本町１－２－１０　グランデュリエ狛江１階,03-5761-8980,2025-04-01,,byouin,2026-08-01,https://www.fukushi.metro.tokyo.lg.jp/documents/d/fukushi/20260801_seishin_byouin-xlsx-xlsx
4615514,社会医療法人財団大和会 東大和病院,207-0014,東大和市,東大和市南街１－１３－１２,042-562-1411,2007-03-01,2025-03-01,byouin,2026-08-01,https://www.fukushi.metro.tokyo.lg.jp/documents/d/fukushi/20260801_seishin_byouin-xlsx-xlsx
4620720,医療法人社団杢心会内野医院,207-0032,東大和市,東大和市蔵敷１－４２９,042-561-3009,2026-07-01,,byouin,2026-08-01,https://www.fukushi.metro.tokyo.lg.jp/documents/d/fukushi/20260801_seishin_byouin-xlsx-xlsx
4621090,多摩湖クリニック,207-0013,東大和市,東大和市向原６－１２０１－１７　東大和メディカル,042-565-1311,2007-01-01,2025-01-01,byouin,2026-08-01,https://www.fukushi.metro.tokyo.lg.jp/documents/d/fukushi/20260801_seishin_byouin-xlsx-xlsx
4621181,東大和ホームケアクリニック,207-0014,東大和市,東大和市南街２－４９－３,042-562-5738,2016-01-01,2022-01-01,byouin,2026-08-01,https://www.fukushi.metro.tokyo.lg.jp/documents/d/fukushi/20260801_seishin_byouin-xlsx-xlsx
4621215,社会医療法人財団大和会 東大和病院附属セントラルクリニック,207-0014,東大和市,東大和市南街２－３－１,042-562-5511,2014-10-01,2020-10-01,byouin,2026-08-01,https://www.fukushi.metro.tokyo.lg.jp/documents/d/fukushi/20260801_seishin_byouin-xlsx-xlsx
4621264,山手クリニック,207-0011,東大和市,東大和市清原１－１北１６店舗,042-561-1866,2018-09-01,2024-09-01,byouin,2026-08-01,https://www.fukushi.metro.tokyo.lg.jp/documents/d/fukushi/20260801_seishin_byouin-xlsx-xlsx
4621371,プライムファミリークリニック東大和,207-0012,東大和市,東大和市新堀３－１１－１３　１階Ｂ・２階,050-1754-1111,2023-01-01,,byouin,2026-08-01,https://www.fukushi.metro.tokyo.lg.jp/documents/d/fukushi/20260801_seishin_byouin-xlsx-xlsx
4621447,ひだまりの森こどもクリニック,207-0011,東大和市,東大和市清原１－１２１３－７　東大和リビングテラス内,042-843-6385,2025-01-01,,byouin,2026-08-01,https://www.fukushi.metro.tokyo.lg.jp/documents/d/fukushi/20260801_seishin_byouin-xlsx-xlsx
4621454,こころのクリニック桜が丘,207-0022,東大和市,東大和市桜が丘２－１４２－１　ＬＩＣＯＰＡ東大和テラス棟２階,042-843-8011,2025-11-01,,byouin,2026-08-01,https://www.fukushi.metro.tokyo.lg.jp/documents/d/fukushi/20260801_seishin_byouin-xlsx-xlsx
4670022,東京都立東大和療育センター,207-0022,東大和市,東大和市桜が丘３－４４－１０,042-567-0222,2007-01-01,2025-01-01,byouin,2026-08-01,https://www.fukushi.metro.tokyo.lg.jp/documents/d/fukushi/20260801_seishin_byouin-xlsx-xlsx
4714440,社会福祉法人信愛報恩会 信愛病院,204-0024,清瀬市,清瀬市梅園２－５－９,042-491-3211,2007-01-01,2025-01-01,byouin,2026-08-01,https://www.fukushi.metro.tokyo.lg.jp/documents/d/fukushi/20260801_seishin_byouin-xlsx-xlsx
4715538,公益財団法人結核予防会 複十字病院,204-8522,清瀬市,清瀬市松山３－１－２４,042-491-4111,2007-12-01,2025-12-01,byouin,2026-08-01,https://www.fukushi.metro.tokyo.lg.jp/documents/d/fukushi/20260801_seishin_byouin-xlsx-xlsx
4715603,ベトレヘムの園病院,204-0024,清瀬市,清瀬市梅園３－１４－７２,042-491-2525,2008-01-01,2026-01-01,byouin,2026-08-01,https://www.fukushi.metro.tokyo.lg.jp/documents/d/fukushi/20260801_seishin_byouin-xlsx-xlsx
4720546,医療法人社団ホスピティウム聖十字会 中島医院,204-0021,清瀬市,清瀬市元町１－３－４５,042-495-6727,2008-08-01,2020-08-01,byouin,2026-08-01,https://www.fukushi.metro.tokyo.lg.jp/documents/d/fukushi/20260801_seishin_byouin-xlsx-xlsx
4720579,医療法人社団和清会 浜野クリニック,204-0021,清瀬市,清瀬市元町１－１－１３メース清瀬１０１号,042-493-8300,2007-01-01,2025-01-01,byouin,2026-08-01,https://www.fukushi.metro.tokyo.lg.jp/documents/d/fukushi/20260801_seishin_byouin-xlsx-xlsx
4720785,緑蔭通りクリニック,204-0023,清瀬市,清瀬市竹丘３－１０－３１,042-497-1782,2007-01-01,2025-01-01,byouin,2026-08-01,https://www.fukushi.metro.tokyo.lg.jp/documents/d/fukushi/20260801_seishin_byouin-xlsx-xlsx
4720884,医療法人社団 誠徹会 清瀬博済堂クリニック,204-0023,清瀬市,清瀬市竹丘２－１５－１５　中原ビル,042-410-0001,2021-01-01,,byouin,2026-08-01,https://www.fukushi.metro.tokyo.lg.jp/documents/d/fukushi/20260801_seishin_byouin-xlsx-xlsx
4720934,とみまつ小児科循環器クリニック,204-0021,清瀬市,清瀬市元町１－１－１４　プランドールＪ２階,042-497-3456,2009-10-01,2021-10-01,byouin,2026-08-01,https://www.fukushi.metro.tokyo.lg.jp/documents/d/fukushi/20260801_seishin_byouin-xlsx-xlsx
4720975,医療法人社団順洋会 武蔵野総合クリニック,204-0021,清瀬市,清瀬市元町１－８－３０,042-496-7015,2007-01-01,2025-01-01,byouin,2026-08-01,https://www.fukushi.metro.tokyo.lg.jp/documents/d/fukushi/20260801_seishin_byouin-xlsx-xlsx
4721007,医療法人社団弘善会 ふじみクリニック,204-0022,清瀬市,清瀬市松山１－５－５,042-495-7121,2013-06-01,2025-06-01,byouin,2026-08-01,https://www.fukushi.metro.tokyo.lg.jp/documents/d/fukushi/20260801_seishin_byouin-xlsx-xlsx
4721031,医療法人社団慧悠会 吉森クリニック,204-0022,清瀬市,清瀬市松山１－１２－１４,042-495-9511,2007-01-01,2025-01-01,byouin,2026-08-01,https://www.fukushi.metro.tokyo.lg.jp/documents/d/fukushi/20260801_seishin_byouin-xlsx-xlsx
4721049,医療法人社団功和会平野クリニック,204-0022,清瀬市,清瀬市松山１－４－１９　ＨＲＮビル１階から３階まで,042-495-7320,2025-06-01,,byouin,2026-08-01,https://www.fukushi.metro.tokyo.lg.jp/documents/d/fukushi/20260801_seishin_byouin-xlsx-xlsx
4721171,ひのきホームケアクリニック,204-0004,清瀬市,清瀬市野塩５－２６８　グリーンリーブスⅠＢ号室,042-497-8815,2024-10-01,,byouin,2026-08-01,https://www.fukushi.metro.tokyo.lg.jp/documents/d/fukushi/20260801_seishin_byouin-xlsx-xlsx
4770087,医療法人社団雅会 山本病院,204-0004,清瀬市,清瀬市野塩１－３２８,042-491-0706,2008-01-01,2026-01-01,byouin,2026-08-01,https://www.fukushi.metro.tokyo.lg.jp/documents/d/fukushi/20260801_seishin_byouin-xlsx-xlsx
4770103,医療法人社団雄心会 山崎病院,204-0023,清瀬市,清瀬市竹丘３－４－２５,042-491-2711,2007-01-01,2025-01-01,byouin,2026-08-01,https://www.fukushi.metro.tokyo.lg.jp/documents/d/fukushi/20260801_seishin_byouin-xlsx-xlsx
4770111,医療法人社団弘善会 清瀬富士見病院,204-0012,清瀬市,清瀬市中清戸５－２７,042-492-0311,2007-01-01,2025-01-01,byouin,2026-08-01,https://www.fukushi.metro.tokyo.lg.jp/documents/d/fukushi/20260801_seishin_byouin-xlsx-xlsx
8715567,独立行政法人国立病院機構 東京病院,204-8585,清瀬市,清瀬市竹丘３－１－１,042-491-2111,2008-01-01,2026-01-01,byouin,2026-08-01,https://www.fukushi.metro.tokyo.lg.jp/documents/d/fukushi/20260801_seishin_byouin-xlsx-xlsx
4820981,医療法人社団実幸会 石橋クリニック,203-0014,東久留米市,東久留米市東本町８－９,042-477-5566,2007-01-01,2025-01-01,byouin,2026-08-01,https://www.fukushi.metro.tokyo.lg.jp/documents/d/fukushi/20260801_seishin_byouin-xlsx-xlsx
4821047,医療法人社団苑田会滝山クリニック,203-0033,東久留米市,東久留米市滝山４－１２－１５　滝山中央ビル１階８号室,042-470-0155,2007-02-01,2025-02-01,byouin,2026-08-01,https://www.fukushi.metro.tokyo.lg.jp/documents/d/fukushi/20260801_seishin_byouin-xlsx-xlsx
4821260,医療法人社団潤明会 鈴木クリニック,203-0023,東久留米市,東久留米市南沢５－１８－５０,042-460-8502,2008-01-01,2026-01-01,byouin,2026-08-01,https://www.fukushi.metro.tokyo.lg.jp/documents/d/fukushi/20260801_seishin_byouin-xlsx-xlsx
4821591,医療法人社団祐仁会 あだち醫院,203-0053,東久留米市,東久留米市本町３－１１－１５,042-420-5661,2015-08-01,2021-08-01,byouin,2026-08-01,https://www.fukushi.metro.tokyo.lg.jp/documents/d/fukushi/20260801_seishin_byouin-xlsx-xlsx
4821674,すずのね内科・神経内科,203-0032,東久留米市,東久留米市前沢４－７－１１,042-474-1112,2018-02-01,2024-02-01,byouin,2026-08-01,https://www.fukushi.metro.tokyo.lg.jp/documents/d/fukushi/20260801_seishin_byouin-xlsx-xlsx
4821757,東久留米メンタルクリニック,203-0053,東久留米市,東久留米市本町１－５－１６　東久留米駅西口メディカルビル２Ｆ,042-420-6132,2020-03-01,2026-03-01,byouin,2026-08-01,https://www.fukushi.metro.tokyo.lg.jp/documents/d/fukushi/20260801_seishin_byouin-xlsx-xlsx
4821831,東久留米こころのクリニック,203-0053,東久留米市,東久留米市本町１－３－５　大森ビル２Ｆ,042-420-5257,2022-05-01,,byouin,2026-08-01,https://www.fukushi.metro.tokyo.lg.jp/documents/d/fukushi/20260801_seishin_byouin-xlsx-xlsx
4821914,ひがしくるめ在宅クリニック,203-0053,東久留米市,東久留米市本町２－３－１　ハイツ東久留米２１０,042-420-7761,2019-09-01,2025-09-01,byouin,2026-08-01,https://www.fukushi.metro.tokyo.lg.jp/documents/d/fukushi/20260801_seishin_byouin-xlsx-xlsx
4821955,東くるめ東口クリニック,203-0013,東久留米市,東久留米市新川町１－３－３５　２階,042-420-6037,2026-03-01,,byouin,2026-08-01,https://www.fukushi.metro.tokyo.lg.jp/documents/d/fukushi/20260801_seishin_byouin-xlsx-xlsx
4870069,医療法人社団山本・前田記念会 前田病院,203-0054,東久留米市,東久留米市中央町５－１３－３４,042-473-2133,2007-09-01,2025-09-01,byouin,2026-08-01,https://www.fukushi.metro.tokyo.lg.jp/documents/d/fukushi/20260801_seishin_byouin-xlsx-xlsx
4870085,医療法人社団良江会 久留米ヶ丘病院,203-0051,東久留米市,東久留米市小山５－７－３,042-471-0122,2007-01-01,2025-01-01,byouin,2026-08-01,https://www.fukushi.metro.tokyo.lg.jp/documents/d/fukushi/20260801_seishin_byouin-xlsx-xlsx
4916763,社会福祉法人鶴風会 東京小児療育病院,208-0011,武蔵村山市,武蔵村山市学園４－１０－１,042-561-2521,2007-01-01,2025-01-01,byouin,2026-08-01,https://www.fukushi.metro.tokyo.lg.jp/documents/d/fukushi/20260801_seishin_byouin-xlsx-xlsx
4920681,くりはら循環器内科クリニック,208-0022,武蔵村山市,武蔵村山市榎２－８５－１,042-565-7123,2021-05-01,,byouin,2026-08-01,https://www.fukushi.metro.tokyo.lg.jp/documents/d/fukushi/20260801_seishin_byouin-xlsx-xlsx
4920765,北條医院,208-0034,武蔵村山市,武蔵村山市残堀４－１１３－１,042-560-3541,2021-10-01,,byouin,2026-08-01,https://www.fukushi.metro.tokyo.lg.jp/documents/d/fukushi/20260801_seishin_byouin-xlsx-xlsx
4970042,社会医療法人財団大和会武蔵村山病院,208-0022,武蔵村山市,武蔵村山市榎１－１－５,042-566-3111,2008-01-01,2026-01-01,byouin,2026-08-01,https://www.fukushi.metro.tokyo.lg.jp/documents/d/fukushi/20260801_seishin_byouin-xlsx-xlsx
4970059,医療法人社団清峰会村山中央病院,208-0001,武蔵村山市,武蔵村山市中藤５－７０,042-561-0174,2025-06-01,,byouin,2026-08-01,https://www.fukushi.metro.tokyo.lg.jp/documents/d/fukushi/20260801_seishin_byouin-xlsx-xlsx
5015672,社会福祉法人桜ヶ丘社会事業協会 桜ヶ丘記念病院,206-0021,多摩市,多摩市連光寺１－１－１,042-375-6311,2007-01-01,2025-01-01,byouin,2026-08-01,https://www.fukushi.metro.tokyo.lg.jp/documents/d/fukushi/20260801_seishin_byouin-xlsx-xlsx
5016746,社会福祉法人日本心身障害児協会 島田療育センター,206-0036,多摩市,多摩市中沢１－３１－１,042-374-2071,2007-01-01,2025-01-01,byouin,2026-08-01,https://www.fukushi.metro.tokyo.lg.jp/documents/d/fukushi/20260801_seishin_byouin-xlsx-xlsx
5020268,池田クリニック,206-0024,多摩市,多摩市諏訪５－１０－５,042-374-6200,2007-02-01,2025-02-01,byouin,2026-08-01,https://www.fukushi.metro.tokyo.lg.jp/documents/d/fukushi/20260801_seishin_byouin-xlsx-xlsx
5021183,医療法人社団武蔵会 桜ヶ丘診療所,206-0002,多摩市,多摩市一ノ宮３－４－６　ウ゛ェルドミール多摩桜ヶ丘１階１０１号,042-337-0366,2007-01-01,2025-01-01,byouin,2026-08-01,https://www.fukushi.metro.tokyo.lg.jp/documents/d/fukushi/20260801_seishin_byouin-xlsx-xlsx
5021928,医療法人社団めぐみ会 田村クリニック,206-0033,多摩市,多摩市落合１－３２－１　多摩センターペペリビル４階・５階,042-356-0677,2007-01-01,2025-01-01,byouin,2026-08-01,https://www.fukushi.metro.tokyo.lg.jp/documents/d/fukushi/20260801_seishin_byouin-xlsx-xlsx
5021969,医療法人社団ながやまメンタルクリニック,206-0025,多摩市,多摩市永山１－４　永山センター１号館５０３－１Ａ,042-310-0800,2007-01-01,2025-01-01,byouin,2026-08-01,https://www.fukushi.metro.tokyo.lg.jp/documents/d/fukushi/20260801_seishin_byouin-xlsx-xlsx
5022074,松田健身クリニック,206-0013,多摩市,多摩市桜ケ丘２－１０－１７,042-375-3337,2007-01-01,2025-01-01,byouin,2026-08-01,https://www.fukushi.metro.tokyo.lg.jp/documents/d/fukushi/20260801_seishin_byouin-xlsx-xlsx
5022116,多摩クリニック,206-0024,多摩市,多摩市諏訪５－１０－１,042-375-7753,2007-08-01,2025-08-01,byouin,2026-08-01,https://www.fukushi.metro.tokyo.lg.jp/documents/d/fukushi/20260801_seishin_byouin-xlsx-xlsx
5022348,多摩心療クリニック,206-0033,多摩市,多摩市落合１－９－９　多摩クレイドゥルビル２Ａ,042-319-3057,2009-01-01,2021-01-01,byouin,2026-08-01,https://www.fukushi.metro.tokyo.lg.jp/documents/d/fukushi/20260801_seishin_byouin-xlsx-xlsx
5022462,東京都立多摩総合精神保健福祉センター,206-0036,多摩市,多摩市中沢２－１－３,042-376-1111,2007-01-01,2025-01-01,byouin,2026-08-01,https://www.fukushi.metro.tokyo.lg.jp/documents/d/fukushi/20260801_seishin_byouin-xlsx-xlsx
5022488,聖蹟桜ヶ丘メンタルクリニック,206-0016,多摩市,多摩市関戸４－７２　ヴィータモールせいせき５階,042-400-7781,2012-05-01,2024-05-01,byouin,2026-08-01,https://www.fukushi.metro.tokyo.lg.jp/documents/d/fukushi/20260801_seishin_byouin-xlsx-xlsx
5022504,たけしたクリニック,206-0025,多摩市,多摩市永山１－８－１７　ボヌール永山２階２０５号室,042-373-1541,2006-07-01,2024-07-01,byouin,2026-08-01,https://www.fukushi.metro.tokyo.lg.jp/documents/d/fukushi/20260801_seishin_byouin-xlsx-xlsx
5022736,あいクリニック,206-0012,多摩市,多摩市貝取１４３１－３,042-375-9581,2007-01-01,2025-01-01,byouin,2026-08-01,https://www.fukushi.metro.tokyo.lg.jp/documents/d/fukushi/20260801_seishin_byouin-xlsx-xlsx
5022744,あいクリニック中沢,206-0036,多摩市,多摩市中沢２－５－３　ゆいま～る中沢Ａ棟１Ｆ,042-311-2820,2020-07-01,2026-07-01,byouin,2026-08-01,https://www.fukushi.metro.tokyo.lg.jp/documents/d/fukushi/20260801_seishin_byouin-xlsx-xlsx
5022868,医療法人社団栄友会多摩ゆずクリニック,206-0033,多摩市,多摩市落合１－７－１２　ライティングビル６階,042-400-0467,2018-10-01,2024-10-01,byouin,2026-08-01,https://www.fukushi.metro.tokyo.lg.jp/documents/d/fukushi/20260801_seishin_byouin-xlsx-xlsx
5022942,風と森メンタルクリニック,206-0033,多摩市,多摩市落合１－３５　ライオンズプラザ多摩センター３階,042-400-6111,2020-08-01,,byouin,2026-08-01,https://www.fukushi.metro.tokyo.lg.jp/documents/d/fukushi/20260801_seishin_byouin-xlsx-xlsx
5023023,医療法人社団おおぞら会つばさクリニック多摩,206-0002,多摩市,多摩市一ノ宮３－１－３　桜ケ丘Ｋビル４階Ｃ室,042-401-9472,2022-02-01,,byouin,2026-08-01,https://www.fukushi.metro.tokyo.lg.jp/documents/d/fukushi/20260801_seishin_byouin-xlsx-xlsx
5023072,多摩やすらぎクリニック,206-0033,多摩市,多摩市落合１－９－２　クロダビル６階,042-400-6866,2023-05-01,,byouin,2026-08-01,https://www.fukushi.metro.tokyo.lg.jp/documents/d/fukushi/20260801_seishin_byouin-xlsx-xlsx
5023098,医療法人社団栄友会せいせきゆずクリニック,206-0011,多摩市,多摩市関戸１－２０－２　サクテラスモール３階３０２,042-401-8100,2024-06-01,,byouin,2026-08-01,https://www.fukushi.metro.tokyo.lg.jp/documents/d/fukushi/20260801_seishin_byouin-xlsx-xlsx
5070016,日本医科大学多摩永山病院,206-0025,多摩市,多摩市永山１－７－１,042-371-2111,2007-01-01,2025-01-01,byouin,2026-08-01,https://www.fukushi.metro.tokyo.lg.jp/documents/d/fukushi/20260801_seishin_byouin-xlsx-xlsx
5070024,医療法人社団聖美会 多摩中央病院,206-0021,多摩市,多摩市連光寺２－６２－２,042-374-2111,2007-01-01,2025-01-01,byouin,2026-08-01,https://www.fukushi.metro.tokyo.lg.jp/documents/d/fukushi/20260801_seishin_byouin-xlsx-xlsx
5070099,天本病院,206-0036,多摩市,多摩市中沢２－５－１,042-310-0333,2007-01-01,2025-01-01,byouin,2026-08-01,https://www.fukushi.metro.tokyo.lg.jp/documents/d/fukushi/20260801_seishin_byouin-xlsx-xlsx
5070107,地方独立行政法人 東京都立病院機構 東京都立多摩南部地域病院,206-0036,多摩市,多摩市中沢２－１－２,042-338-5111,2007-02-01,2025-02-01,byouin,2026-08-01,https://www.fukushi.metro.tokyo.lg.jp/documents/d/fukushi/20260801_seishin_byouin-xlsx-xlsx
5114483,稲城市立病院,206-0801,稲城市,稲城市大丸１１７１,042-377-0931,2007-02-01,2025-02-01,byouin,2026-08-01,https://www.fukushi.metro.tokyo.lg.jp/documents/d/fukushi/20260801_seishin_byouin-xlsx-xlsx
5119615,特定医療法人社団研精会 稲城台病院,206-0824,稲城市,稲城市若葉台３－７－１,042-331-5531,2007-01-01,2025-01-01,byouin,2026-08-01,https://www.fukushi.metro.tokyo.lg.jp/documents/d/fukushi/20260801_seishin_byouin-xlsx-xlsx
5120373,立花こどもクリニック,206-0802,稲城市,稲城市東長沼３１０６－３　オークプラザ２階,042-378-7277,2007-02-01,2025-02-01,byouin,2026-08-01,https://www.fukushi.metro.tokyo.lg.jp/documents/d/fukushi/20260801_seishin_byouin-xlsx-xlsx
5120993,あいクリニック平尾,206-0823,稲城市,稲城市平尾３－７－４　コーシャンハイム平尾１階,042-350-5062,2017-09-01,2023-09-01,byouin,2026-08-01,https://www.fukushi.metro.tokyo.lg.jp/documents/d/fukushi/20260801_seishin_byouin-xlsx-xlsx
5121207,元気クリニック内科・脳神経内科,206-0802,稲城市,稲城市東長沼５３４－１,042-401-6333,2024-09-01,,byouin,2026-08-01,https://www.fukushi.metro.tokyo.lg.jp/documents/d/fukushi/20260801_seishin_byouin-xlsx-xlsx
5121231,もりや脳神経クリニック,206-0823,稲城市,稲城市平尾１－３３－３４,042-350-3885,2022-01-01,,byouin,2026-08-01,https://www.fukushi.metro.tokyo.lg.jp/documents/d/fukushi/20260801_seishin_byouin-xlsx-xlsx
5320411,五ノ神クリニック,205-0011,羽村市,羽村市五ノ神４－１４－５　サンシティ２階,042-570-1570,2007-01-01,2025-01-01,byouin,2026-08-01,https://www.fukushi.metro.tokyo.lg.jp/documents/d/fukushi/20260801_seishin_byouin-xlsx-xlsx
5320601,羽村相互診療所,205-0023,羽村市,羽村市神明台１－３０－５,042-554-5420,2008-01-01,2026-01-01,byouin,2026-08-01,https://www.fukushi.metro.tokyo.lg.jp/documents/d/fukushi/20260801_seishin_byouin-xlsx-xlsx
5320627,前田外科クリニック,205-0011,羽村市,羽村市五ノ神４－１４－５サンシティー３Ｆ－Ｄ,042-578-8875,2019-08-01,2025-08-01,byouin,2026-08-01,https://www.fukushi.metro.tokyo.lg.jp/documents/d/fukushi/20260801_seishin_byouin-xlsx-xlsx
5320676,医療法人社団紫陽花会 ちひろメンタルクリニック,205-0011,羽村市,羽村市五ノ神１－２－２　メディカルプラザ３階,042-595-9805,2008-06-01,2026-06-01,byouin,2026-08-01,https://www.fukushi.metro.tokyo.lg.jp/documents/d/fukushi/20260801_seishin_byouin-xlsx-xlsx
5219860,公立阿伎留医療センター,197-0834,あきる野市,あきる野市引田７８番１号,045-558-0321,2019-08-01,2025-08-01,byouin,2026-08-01,https://www.fukushi.metro.tokyo.lg.jp/documents/d/fukushi/20260801_seishin_byouin-xlsx-xlsx
5220702,上代継診療所,197-0832,あきる野市,あきる野市上代継８４－６,042-559-2241,2007-01-01,2025-01-01,byouin,2026-08-01,https://www.fukushi.metro.tokyo.lg.jp/documents/d/fukushi/20260801_seishin_byouin-xlsx-xlsx
5220769,あきる台クリニック,197-0804,あきる野市,あきる野市秋川５－１－８　１階,042-550-6106,2006-11-01,2024-11-01,byouin,2026-08-01,https://www.fukushi.metro.tokyo.lg.jp/documents/d/fukushi/20260801_seishin_byouin-xlsx-xlsx
5220819,米山医院,197-0814,あきる野市,あきる野市二宮１１３３,042-558-9131,2008-04-01,2026-04-01,byouin,2026-08-01,https://www.fukushi.metro.tokyo.lg.jp/documents/d/fukushi/20260801_seishin_byouin-xlsx-xlsx
5220991,しみず在宅クリニック,197-0823,あきる野市,あきる野市野辺１０２８－２,042-532-5381,2020-01-01,2026-01-01,byouin,2026-08-01,https://www.fukushi.metro.tokyo.lg.jp/documents/d/fukushi/20260801_seishin_byouin-xlsx-xlsx
5270087,医療法人財団暁 あきる台病院,197-0804,あきる野市,あきる野市秋川６－５－１,042-559-5761,2007-01-01,2025-01-01,byouin,2026-08-01,https://www.fukushi.metro.tokyo.lg.jp/documents/d/fukushi/20260801_seishin_byouin-xlsx-xlsx
5270095,秋川病院,197-0812,あきる野市,あきる野市平沢４７２,042-558-7211,2007-01-01,2025-01-01,byouin,2026-08-01,https://www.fukushi.metro.tokyo.lg.jp/documents/d/fukushi/20260801_seishin_byouin-xlsx-xlsx
3720604,安部医院泉町分院,202-0011,西東京市,西東京市泉町２－１６－１１,042-421-2220,2007-01-01,2025-01-01,byouin,2026-08-01,https://www.fukushi.metro.tokyo.lg.jp/documents/d/fukushi/20260801_seishin_byouin-xlsx-xlsx
3721131,中島クリニック,202-0002,西東京市,西東京市ひばりが丘北３－３－２２　エトワールビル２階,042-422-0333,2007-01-01,2025-01-01,byouin,2026-08-01,https://www.fukushi.metro.tokyo.lg.jp/documents/d/fukushi/20260801_seishin_byouin-xlsx-xlsx
3920642,梅村こども診療所,188-0012,西東京市,西東京市南町５－１７－２,042-467-8171,2007-01-01,2025-01-01,byouin,2026-08-01,https://www.fukushi.metro.tokyo.lg.jp/documents/d/fukushi/20260801_seishin_byouin-xlsx-xlsx
3970019,医療法人社団時正会 佐々総合病院,188-0011,西東京市,西東京市田無町４－２４－１５,0570-01-3399,2007-08-01,2025-08-01,byouin,2026-08-01,https://www.fukushi.metro.tokyo.lg.jp/documents/d/fukushi/20260801_seishin_byouin-xlsx-xlsx
3970860,医療法人社団薫風会 山田病院,188-0012,西東京市,西東京市南町３－４－１０,042-461-0005,2007-01-01,2025-01-01,byouin,2026-08-01,https://www.fukushi.metro.tokyo.lg.jp/documents/d/fukushi/20260801_seishin_byouin-xlsx-xlsx
3970969,医療法人社団東光会 西東京中央総合病院,188-0014,西東京市,西東京市芝久保町２－４－１９,042-464-1511,2007-01-01,2025-01-01,byouin,2026-08-01,https://www.fukushi.metro.tokyo.lg.jp/documents/d/fukushi/20260801_seishin_byouin-xlsx-xlsx
5420235,石川クリニック,202-0015,西東京市,西東京市保谷町２－６－１　アパートメントヤギサワ１階,042-464-1550,2021-01-01,,byouin,2026-08-01,https://www.fukushi.metro.tokyo.lg.jp/documents/d/fukushi/20260801_seishin_byouin-xlsx-xlsx
5420245,医療法人社団吾勢会 指田医院,188-0011,西東京市,西東京市田無町４－２－１１,042-461-1128,2017-09-01,2023-09-01,byouin,2026-08-01,https://www.fukushi.metro.tokyo.lg.jp/documents/d/fukushi/20260801_seishin_byouin-xlsx-xlsx
5420294,武蔵野ファミリークリニック,202-0023,西東京市,西東京市新町１－２－２０,042-453-8500,2024-02-01,,byouin,2026-08-01,https://www.fukushi.metro.tokyo.lg.jp/documents/d/fukushi/20260801_seishin_byouin-xlsx-xlsx
5420765,田村クリニック,202-0012,西東京市,西東京市東町４－１３－２３　メープルヴィレッジ１階,042-422-3925,2007-01-01,2025-01-01,byouin,2026-08-01,https://www.fukushi.metro.tokyo.lg.jp/documents/d/fukushi/20260801_seishin_byouin-xlsx-xlsx
5420989,田無メンタルクリニック,188-0011,西東京市,西東京市田無町４－２３－４　クリーンヒルズＫＨビル２階,042-468-2505,2007-04-01,2025-04-01,byouin,2026-08-01,https://www.fukushi.metro.tokyo.lg.jp/documents/d/fukushi/20260801_seishin_byouin-xlsx-xlsx
5421078,北山クリニック,202-0001,西東京市,西東京市ひばりが丘１－４－３　ケイアイビル２階,042-439-4657,2007-09-01,2025-09-01,byouin,2026-08-01,https://www.fukushi.metro.tokyo.lg.jp/documents/d/fukushi/20260801_seishin_byouin-xlsx-xlsx
5421391,保谷メンタルクリニック,202-0012,西東京市,西東京市東町３－１４－２４　保谷駅南口メディカルモール２階　診療所３,042-425-3886,2018-04-01,2024-04-01,byouin,2026-08-01,https://www.fukushi.metro.tokyo.lg.jp/documents/d/fukushi/20260801_seishin_byouin-xlsx-xlsx
5421425,まつばらホームクリニック,202-0012,西東京市,西東京市東町４－１４－１８　かえでビル２階Ｂ,042-439-1250,2025-11-01,,byouin,2026-08-01,https://www.fukushi.metro.tokyo.lg.jp/documents/d/fukushi/20260801_seishin_byouin-xlsx-xlsx
5421714,医療法人社団 順洋会 武蔵野総合クリニックいずみ,202-0011,西東京市,西東京市泉町３－６－９　ＬＩＦＥ　ＭＥＤＩＣＡＬ　ＣＡＲＥいずみ　１０４号室・２０２号室・２０３号室,042-497-2025,2023-01-01,,byouin,2026-08-01,https://www.fukushi.metro.tokyo.lg.jp/documents/d/fukushi/20260801_seishin_byouin-xlsx-xlsx
5421748,ホームクリニックえにしひばりが丘,202-0002,西東京市,西東京市ひばりが丘北３－３－３０　エクレールひばりビル２階,042-439-3416,2022-07-01,,byouin,2026-08-01,https://www.fukushi.metro.tokyo.lg.jp/documents/d/fukushi/20260801_seishin_byouin-xlsx-xlsx
5421888,ひばりヶ丘南口クリニック,202-0005,西東京市,西東京市住吉町３－１０－２５　ヒバリタワー１０３,042-439-8363,2024-01-01,,byouin,2026-08-01,https://www.fukushi.metro.tokyo.lg.jp/documents/d/fukushi/20260801_seishin_byouin-xlsx-xlsx
5421896,アグリホームクリニックにしとうきょう,188-0002,西東京市,西東京市緑町３－６－３３,042-452-7078,2024-06-01,,byouin,2026-08-01,https://www.fukushi.metro.tokyo.lg.jp/documents/d/fukushi/20260801_seishin_byouin-xlsx-xlsx
5421961,医療法人社団薫風会たなし訪問クリニック,188-0012,西東京市,西東京市南町３－２５－１０,070-4095-8418,2024-12-01,,byouin,2026-08-01,https://www.fukushi.metro.tokyo.lg.jp/documents/d/fukushi/20260801_seishin_byouin-xlsx-xlsx
5421995,医療法人社団時正会佐々整形外科・透析クリニック,188-0011,西東京市,西東京市田無町４－１５－１２　ＯＮＥ　ＦＯＲ　ＡＬＬ西東京２階,042-439-5337,2025-04-01,,byouin,2026-08-01,https://www.fukushi.metro.tokyo.lg.jp/documents/d/fukushi/20260801_seishin_byouin-xlsx-xlsx
5422043,医療法人社団こみち会ゆい在宅クリニック,188-0012,西東京市,西東京市南町５－４－４　向南ビル３０１号室,042-468-1811,2022-10-01,,byouin,2026-08-01,https://www.fukushi.metro.tokyo.lg.jp/documents/d/fukushi/20260801_seishin_byouin-xlsx-xlsx
5422076,医療法人社団泰慈会やぎさわ内科・脳神経内科,202-0022,西東京市,西東京市柳沢６－６－３　トキビル２０２号室,042-497-6081,2020-02-01,,byouin,2026-08-01,https://www.fukushi.metro.tokyo.lg.jp/documents/d/fukushi/20260801_seishin_byouin-xlsx-xlsx
5470026,医療法人徳洲会武蔵野徳洲会病院,188-0013,西東京市,西東京市向台町３－５－４８,042-465-0700,2018-11-01,2024-11-01,byouin,2026-08-01,https://www.fukushi.metro.tokyo.lg.jp/documents/d/fukushi/20260801_seishin_byouin-xlsx-xlsx
2422087,医療法人社団幹人会 菜の花クリニック,190-1212,瑞穂町,西多摩郡瑞穂町殿ヶ谷４５４,042-557-7995,2021-06-01,,byouin,2026-08-01,https://www.fukushi.metro.tokyo.lg.jp/documents/d/fukushi/20260801_seishin_byouin-xlsx-xlsx
2422202,西多摩ホームケアクリニック,190-1221,瑞穂町,西多摩郡瑞穂町箱根ヶ崎２１０２－１　サニーコートヤサカ２階２０５,042-513-8905,2025-07-01,,byouin,2026-08-01,https://www.fukushi.metro.tokyo.lg.jp/documents/d/fukushi/20260801_seishin_byouin-xlsx-xlsx
2418929,医療法人社団崎陽会 日の出ヶ丘病院,190-0181,日の出町,西多摩郡日の出町大久野３１０,042-597-0811,2007-02-01,2025-02-01,byouin,2026-08-01,https://www.fukushi.metro.tokyo.lg.jp/documents/d/fukushi/20260801_seishin_byouin-xlsx-xlsx
2422053,医療法人社団真胤会 馬場内科クリニック,190-0181,日の出町,西多摩郡日の出町大久野１０６２－１　１階,042-597-0550,2024-07-01,,byouin,2026-08-01,https://www.fukushi.metro.tokyo.lg.jp/documents/d/fukushi/20260801_seishin_byouin-xlsx-xlsx
2470458,医療法人財団利定会 大久野病院,190-0181,日の出町,西多摩郡日の出町大字大久野６４１６番地,042-597-0873,2010-03-01,2022-03-01,byouin,2026-08-01,https://www.fukushi.metro.tokyo.lg.jp/documents/d/fukushi/20260801_seishin_byouin-xlsx-xlsx
2421998,檜原村国民健康保険檜原診療所,190-0200,檜原村,西多摩郡檜原村２７１７,042-598-0115,2007-01-01,2025-01-01,byouin,2026-08-01,https://www.fukushi.metro.tokyo.lg.jp/documents/d/fukushi/20260801_seishin_byouin-xlsx-xlsx
2421220,社会福祉法人双葉会診療所,198-0213,奥多摩町,西多摩郡奥多摩町海澤５００,0428-83-3454,2007-01-01,2025-01-01,byouin,2026-08-01,https://www.fukushi.metro.tokyo.lg.jp/documents/d/fukushi/20260801_seishin_byouin-xlsx-xlsx
333500,大島医療センター,100-0101,大島町,大島町元町３－２－９,04992-2-2345,2007-01-01,2025-01-01,byouin,2026-08-01,https://www.fukushi.metro.tokyo.lg.jp/documents/d/fukushi/20260801_seishin_byouin-xlsx-xlsx
327734,利島村国民健康保険診療所,100-0301,利島村,利島村１０５,04992-9-0016,2007-01-01,2025-01-01,byouin,2026-08-01,https://www.fukushi.metro.tokyo.lg.jp/documents/d/fukushi/20260801_seishin_byouin-xlsx-xlsx
323162,新島村 国民健康保険式根島診療所,100-0511,新島村,新島村式根島３１１－１,04992-7-0019,2007-01-01,2025-01-01,byouin,2026-08-01,https://www.fukushi.metro.tokyo.lg.jp/documents/d/fukushi/20260801_seishin_byouin-xlsx-xlsx
324400,新島村 国民健康保険若郷診療所,100-0401,新島村,新島村若郷１－５,04992-5-0185,2007-01-01,2025-01-01,byouin,2026-08-01,https://www.fukushi.metro.tokyo.lg.jp/documents/d/fukushi/20260801_seishin_byouin-xlsx-xlsx
326926,新島村 国民健康保険本村診療所,100-0402,新島村,新島村本村４－１０－３,04992-5-0083,2007-01-01,2025-01-01,byouin,2026-08-01,https://www.fukushi.metro.tokyo.lg.jp/documents/d/fukushi/20260801_seishin_byouin-xlsx-xlsx
328245,神津島村国民健康保険直営診療所,100-0601,神津島村,神津島村１００９－１,04992-8-1121,2007-01-01,2025-01-01,byouin,2026-08-01,https://www.fukushi.metro.tokyo.lg.jp/documents/d/fukushi/20260801_seishin_byouin-xlsx-xlsx
326462,三宅村国民健康保険直営中央診療所,100-1101,三宅村,三宅島三宅村神着９３７,04994-2-0016,2007-01-01,2025-01-01,byouin,2026-08-01,https://www.fukushi.metro.tokyo.lg.jp/documents/d/fukushi/20260801_seishin_byouin-xlsx-xlsx
322602,御蔵島村 国民健康保険直営御蔵島診療所,100-1301,御蔵島村,御蔵島村,04994-8-2206,2012-04-01,2024-04-01,byouin,2026-08-01,https://www.fukushi.metro.tokyo.lg.jp/documents/d/fukushi/20260801_seishin_byouin-xlsx-xlsx
370692,国民健康保険町立八丈病院,100-1511,八丈町,八丈町三根２６－１１,04996-2-1188,2007-01-01,2025-01-01,byouin,2026-08-01,https://www.fukushi.metro.tokyo.lg.jp/documents/d/fukushi/20260801_seishin_byouin-xlsx-xlsx
323212,青ヶ島村 国民健康保険青ヶ島診療所,100-1701,青ヶ島村,青ヶ島村無番地,04996-9-0123,2007-01-01,2025-01-01,byouin,2026-08-01,https://www.fukushi.metro.tokyo.lg.jp/documents/d/fukushi/20260801_seishin_byouin-xlsx-xlsx
329912,小笠原村 母島診療所,100-2211,小笠原村,小笠原村母島字元地,04998-3-2115,2007-01-01,2025-01-01,byouin,2026-08-01,https://www.fukushi.metro.tokyo.lg.jp/documents/d/fukushi/20260801_seishin_byouin-xlsx-xlsx
336917,小笠原村診療所,100-2101,小笠原村,小笠原村父島字清瀬,04998-2-3800,2007-01-01,2025-01-01,byouin,2026-08-01,https://www.fukushi.metro.tokyo.lg.jp/documents/d/fukushi/20260801_seishin_byouin-xlsx-xlsx
