code,name,postal_code,municipality,address,phone,designated_on,renewed_on,kind,as_of,source_url
7292154,九段訪問看護ステーション,102-0073,千代田区,千代田区九段北１－１０－５　九段櫻ビル８階,03-6272-5732,2014-07-01,2026-07-01,houkan,2026-08-01,https://www.fukushi.metro.tokyo.lg.jp/documents/d/fukushi/20260801_seishin_houkan-xlsx-xlsx
7292329,みつい訪問看護ステーション,102-0072,千代田区,千代田区飯田橋１－８－９　ニューシティハイツ飯田橋７階,03-5215-1507,2018-12-01,2024-12-01,houkan,2026-08-01,https://www.fukushi.metro.tokyo.lg.jp/documents/d/fukushi/20260801_seishin_houkan-xlsx-xlsx
7297336,東京訪問看護ステーション,101-0061,千代田区,千代田区神田三崎町２－２０－７　水道橋西口会館１０１号室,03-5848-4530,2016-07-01,2022-07-01,houkan,2026-08-01,https://www.fukushi.metro.tokyo.lg.jp/documents/d/fukushi/20260801_seishin_houkan-xlsx-xlsx
7298380,訪問看護ステーション ジャンヌ,101-0051,千代田区,千代田区神田神保町１－１４－１　KDX神保町ビル４階,03-6811-0905,2022-11-01,,houkan,2026-08-01,https://www.fukushi.metro.tokyo.lg.jp/documents/d/fukushi/20260801_seishin_houkan-xlsx-xlsx
7393424,ルルドの泉訪問看護ステーション,101-0052,千代田区,千代田区神田小川町３－１１－２－１１１,03-5534-8900,2019-09-01,2025-09-01,houkan,2026-08-01,https://www.fukushi.metro.tokyo.lg.jp/documents/d/fukushi/20260801_seishin_houkan-xlsx-xlsx
7395213,わおん訪問看護ステーション靖国,102-0074,千代田区,千代田区九段南３－１－１　久保寺ビルディング３Ｆ,03-6421-2311,2020-09-01,,houkan,2026-08-01,https://www.fukushi.metro.tokyo.lg.jp/documents/d/fukushi/20260801_seishin_houkan-xlsx-xlsx
7396005,かのん訪問看護ステーションちよだ,102-0093,千代田区,千代田区平河町２－３－１０　ライオンズマンション平河町７０５,03-6261-6776,2021-04-01,,houkan,2026-08-01,https://www.fukushi.metro.tokyo.lg.jp/documents/d/fukushi/20260801_seishin_houkan-xlsx-xlsx
7397755,ファストナース訪問看護ステーション めぐり,101-0051,千代田区,千代田区神田神保町３－２３　新聞之新聞ビル　２Ｆ,03-6380-9883,2022-03-01,,houkan,2026-08-01,https://www.fukushi.metro.tokyo.lg.jp/documents/d/fukushi/20260801_seishin_houkan-xlsx-xlsx
7399009,在宅看護センター番町,102-0083,千代田区,千代田区麹町２－１４－６－５０５,03-6910-0397,2022-12-01,,houkan,2026-08-01,https://www.fukushi.metro.tokyo.lg.jp/documents/d/fukushi/20260801_seishin_houkan-xlsx-xlsx
7492895,りーふ訪問看護ステーション,101-0053,千代田区,千代田区神田美土代町９－３,03-5217-4670,2023-12-01,,houkan,2026-08-01,https://www.fukushi.metro.tokyo.lg.jp/documents/d/fukushi/20260801_seishin_houkan-xlsx-xlsx
7495393,訪問看護ステーションホープケア,101-0024,千代田区,千代田区神田和泉町１－３－７　西川パーキングビル８階,03-5990-8950,2026-05-01,,houkan,2026-08-01,https://www.fukushi.metro.tokyo.lg.jp/documents/d/fukushi/20260801_seishin_houkan-xlsx-xlsx
7496110,セレリアンス訪問看護ステーション,102-0093,千代田区,千代田区平河町２－４－８　平河町アーバンビル６階,03-6380-8778,2025-09-01,,houkan,2026-08-01,https://www.fukushi.metro.tokyo.lg.jp/documents/d/fukushi/20260801_seishin_houkan-xlsx-xlsx
7496995,訪問看護ステーションやわら,101-0031,千代田区,千代田区東神田１－１１－７　６０４,03-4446-1329,2026-01-01,,houkan,2026-08-01,https://www.fukushi.metro.tokyo.lg.jp/documents/d/fukushi/20260801_seishin_houkan-xlsx-xlsx
7497340,ゆめか訪問看護ステーション,101-0051,千代田区,千代田区神田神保町２－３８－１１　岩田ビル３階,03-6555-2470,2026-05-01,,houkan,2026-08-01,https://www.fukushi.metro.tokyo.lg.jp/documents/d/fukushi/20260801_seishin_houkan-xlsx-xlsx
7191935,公益社団法人日本橋医師会医師会立中央区訪問看護ステーション,103-0001,中央区,中央区日本橋小伝馬町５－１,03-3666-2992,2019-07-01,2025-07-01,houkan,2026-08-01,https://www.fukushi.metro.tokyo.lg.jp/documents/d/fukushi/20260801_seishin_houkan-xlsx-xlsx
7199102,グッドライフケア訪問看護ステーション,104-0033,中央区,中央区新川１－２５－２　新川ＳＴビル１階,03-6204-9681,2010-04-01,2022-04-01,houkan,2026-08-01,https://www.fukushi.metro.tokyo.lg.jp/documents/d/fukushi/20260801_seishin_houkan-xlsx-xlsx
7291511,ガイア訪問看護ステーション,104-0043,中央区,中央区新富２－１４－６　ＯＮＺＥ１８５２ビル７階,03-6222-8424,2014-03-01,2020-03-01,houkan,2026-08-01,https://www.fukushi.metro.tokyo.lg.jp/documents/d/fukushi/20260801_seishin_houkan-xlsx-xlsx
7292824,訪問看護ステーション プーさんの家,104-0052,中央区,中央区佃２－１６－７－６０１,03-3536-0234,2013-03-01,2025-03-01,houkan,2026-08-01,https://www.fukushi.metro.tokyo.lg.jp/documents/d/fukushi/20260801_seishin_houkan-xlsx-xlsx
7293590,プレアライズ訪問看護ステーション,104-0033,中央区,中央区新川２－６－４新川エフ２ビル２階,03-5542-0161,2020-08-01,,houkan,2026-08-01,https://www.fukushi.metro.tokyo.lg.jp/documents/d/fukushi/20260801_seishin_houkan-xlsx-xlsx
7293970,聖路加国際病院訪問看護ステーション,104-0044,中央区,中央区明石町１－２４　６階,03-5550-7042,2016-04-01,2022-04-01,houkan,2026-08-01,https://www.fukushi.metro.tokyo.lg.jp/documents/d/fukushi/20260801_seishin_houkan-xlsx-xlsx
7299217,訪問看護ステーションデューン月島,104-0052,中央区,中央区月島３－１４－９　岩﨑ビル２０２号室,03-3533-1720,2017-07-01,2023-07-01,houkan,2026-08-01,https://www.fukushi.metro.tokyo.lg.jp/documents/d/fukushi/20260801_seishin_houkan-xlsx-xlsx
7299795,訪問看護ステーション日本橋,103-0005,中央区,中央区日本橋久松町１２－４　長島ビル１階,03-6322-0315,2024-01-01,,houkan,2026-08-01,https://www.fukushi.metro.tokyo.lg.jp/documents/d/fukushi/20260801_seishin_houkan-xlsx-xlsx
7392913,東京ひかりナースステーション,104-0053,中央区,中央区晴海１－１－２８　キャナルハウス８０１,03-3520-8862,2025-06-01,,houkan,2026-08-01,https://www.fukushi.metro.tokyo.lg.jp/documents/d/fukushi/20260801_seishin_houkan-xlsx-xlsx
7393887,みんなのかかりつけ訪問看護ステーション東京,104-0045,中央区,中央区築地７－１２－１３　グランドメゾン築地１０１,03-6264-0832,2021-03-01,,houkan,2026-08-01,https://www.fukushi.metro.tokyo.lg.jp/documents/d/fukushi/20260801_seishin_houkan-xlsx-xlsx
7395767,マイナビ訪問看護ステーション 日本橋,103-0004,中央区,中央区東日本橋１－３－３　ＴＹＤビル１階,03-5823-4555,2021-02-01,,houkan,2026-08-01,https://www.fukushi.metro.tokyo.lg.jp/documents/d/fukushi/20260801_seishin_houkan-xlsx-xlsx
7396021,Ｃｈｅｚｍｏｉ晴海訪問看護ステーション,104-0053,中央区,中央区晴海３－１３－１　ＤＥＵＸＴＯＵＲＳイーストタワー４６１１,0120-03-8866,2022-06-01,,houkan,2026-08-01,https://www.fukushi.metro.tokyo.lg.jp/documents/d/fukushi/20260801_seishin_houkan-xlsx-xlsx
7397425,ｎｅｘｔ ｏｎｅ 日本橋,103-0013,中央区,中央区日本橋人形町２－１５－２　創明社ビル２階,03-6821-2650,2022-02-01,,houkan,2026-08-01,https://www.fukushi.metro.tokyo.lg.jp/documents/d/fukushi/20260801_seishin_houkan-xlsx-xlsx
7397946,ピジョン訪問看護ステーション,104-0061,中央区,中央区銀座７－１５－１１　銀座７ビルディング３階,03-6281-5977,2022-04-01,,houkan,2026-08-01,https://www.fukushi.metro.tokyo.lg.jp/documents/d/fukushi/20260801_seishin_houkan-xlsx-xlsx
7398456,リニエ訪問看護ステーション日本橋,104-0032,中央区,中央区八丁堀２－２－５　宝ビル別館３Ｆ,03-6206-4275,2022-07-01,,houkan,2026-08-01,https://www.fukushi.metro.tokyo.lg.jp/documents/d/fukushi/20260801_seishin_houkan-xlsx-xlsx
7398464,訪問看護ステーションＲＡＫＵＮＩ,104-0061,中央区,中央区銀座３－９－５　伊勢半ビル６階,03-6278-8850,2023-05-01,,houkan,2026-08-01,https://www.fukushi.metro.tokyo.lg.jp/documents/d/fukushi/20260801_seishin_houkan-xlsx-xlsx
7399264,訪問看護ステーション Ｋｕｕ,104-0041,中央区,中央区新富１－１１－５,03-6222-9041,2023-02-01,,houkan,2026-08-01,https://www.fukushi.metro.tokyo.lg.jp/documents/d/fukushi/20260801_seishin_houkan-xlsx-xlsx
7399389,エース訪問看護ステーション,104-0043,中央区,中央区湊２－１２－１６－１１０４,03-6826-9618,2023-06-01,,houkan,2026-08-01,https://www.fukushi.metro.tokyo.lg.jp/documents/d/fukushi/20260801_seishin_houkan-xlsx-xlsx
7399751,江戸東京訪問看護リハビリステーション,103-0013,中央区,中央区日本橋人形町２－２０－７　中村邸２階,03-6824-4083,2023-06-01,,houkan,2026-08-01,https://www.fukushi.metro.tokyo.lg.jp/documents/d/fukushi/20260801_seishin_houkan-xlsx-xlsx
7492127,ライフシールド訪問看護ステーション,104-0033,中央区,中央区新川１－３－１０　旭ビルディング６階,03-6280-5550,2023-10-01,,houkan,2026-08-01,https://www.fukushi.metro.tokyo.lg.jp/documents/d/fukushi/20260801_seishin_houkan-xlsx-xlsx
7493034,訪問看護ステーションＨＡＮＡ,104-0045,中央区,中央区築地５－４－１８　汐留イーストサイドビル７階,070-8823-1792,2024-11-01,,houkan,2026-08-01,https://www.fukushi.metro.tokyo.lg.jp/documents/d/fukushi/20260801_seishin_houkan-xlsx-xlsx
7494875,佃訪問看護ステーション,104-0051,中央区,中央区佃２－５－２,03-3532-3205,2025-04-01,,houkan,2026-08-01,https://www.fukushi.metro.tokyo.lg.jp/documents/d/fukushi/20260801_seishin_houkan-xlsx-xlsx
7192297,済生会三田訪問看護ステーション,108-0073,港区,港区三田１－４－１７　北棟７階,03-3451-8939,2019-12-01,2025-12-01,houkan,2026-08-01,https://www.fukushi.metro.tokyo.lg.jp/documents/d/fukushi/20260801_seishin_houkan-xlsx-xlsx
7196348,ナースステーション東京,106-0032,港区,港区六本木３－１５－７　ドミパルファンビル１０２室,03-5549-2878,2007-01-01,2025-01-01,houkan,2026-08-01,https://www.fukushi.metro.tokyo.lg.jp/documents/d/fukushi/20260801_seishin_houkan-xlsx-xlsx
7292071,Ｋ港訪問看護ステーション,108-0071,港区,港区白金台２－２３－４,03-6277-1725,2014-11-01,2020-11-01,houkan,2026-08-01,https://www.fukushi.metro.tokyo.lg.jp/documents/d/fukushi/20260801_seishin_houkan-xlsx-xlsx
7292337,キヨタナースステーションみなと,108-0023,港区,港区芝浦４－３－４　田町きよたビル３階,03-5440-5512,2026-01-01,,houkan,2026-08-01,https://www.fukushi.metro.tokyo.lg.jp/documents/d/fukushi/20260801_seishin_houkan-xlsx-xlsx
7295702,神谷町訪問看護ステーション,105-0001,港区,港区虎ノ門３－２５－３　芝ロイヤル３０７号室,03-6452-9971,2019-05-01,2025-05-01,houkan,2026-08-01,https://www.fukushi.metro.tokyo.lg.jp/documents/d/fukushi/20260801_seishin_houkan-xlsx-xlsx
7295926,訪問看護ステーション ナースであんしん,108-0071,港区,港区白金台１－１－４５－４Ｆ,03-5475-7720,2020-06-01,2026-06-01,houkan,2026-08-01,https://www.fukushi.metro.tokyo.lg.jp/documents/d/fukushi/20260801_seishin_houkan-xlsx-xlsx
7296031,８８訪問看護ステーション,106-0032,港区,港区六本木３－１６－３５　イースト六本木７０４,03-6434-5885,2015-07-01,2021-07-01,houkan,2026-08-01,https://www.fukushi.metro.tokyo.lg.jp/documents/d/fukushi/20260801_seishin_houkan-xlsx-xlsx
7296973,麻布ケア訪問看護ステーション,106-0032,港区,港区六本木３－９－５－４Ｆ,03-3403-3637,2018-06-01,2024-06-01,houkan,2026-08-01,https://www.fukushi.metro.tokyo.lg.jp/documents/d/fukushi/20260801_seishin_houkan-xlsx-xlsx
7298086,訪問看護ステーションみなもと,108-0073,港区,港区三田４－６－３,03-6677-2517,2019-05-01,2025-05-01,houkan,2026-08-01,https://www.fukushi.metro.tokyo.lg.jp/documents/d/fukushi/20260801_seishin_houkan-xlsx-xlsx
7299571,悠々ナーシング六本木,106-0032,港区,港区六本木６－５－２５　３階,03-6447-5290,2018-09-01,2024-09-01,houkan,2026-08-01,https://www.fukushi.metro.tokyo.lg.jp/documents/d/fukushi/20260801_seishin_houkan-xlsx-xlsx
7299704,ＬＣＣ訪問看護ステーション,106-0031,港区,港区西麻布１－１４－２疋田ビル２０２,03-6447-1460,2019-07-01,2025-07-01,houkan,2026-08-01,https://www.fukushi.metro.tokyo.lg.jp/documents/d/fukushi/20260801_seishin_houkan-xlsx-xlsx
7391550,さわやか訪問看護ステーション,108-0071,港区,港区白金台５－１０－１３　メゾンＩＴＯ地下１階,03-6812-6087,2018-10-01,2024-10-01,houkan,2026-08-01,https://www.fukushi.metro.tokyo.lg.jp/documents/d/fukushi/20260801_seishin_houkan-xlsx-xlsx
7392061,メディカルステーションくるみ,105-0014,港区,港区芝１－９－２　ベルメゾン芝３０３,03-3457-1125,2019-03-01,2025-03-01,houkan,2026-08-01,https://www.fukushi.metro.tokyo.lg.jp/documents/d/fukushi/20260801_seishin_houkan-xlsx-xlsx
7392624,ガイア訪問看護ステーション 港,105-0013,港区,港区浜松町１－１９－４　佐藤ビル１階,03-6435-7940,2019-03-01,2025-03-01,houkan,2026-08-01,https://www.fukushi.metro.tokyo.lg.jp/documents/d/fukushi/20260801_seishin_houkan-xlsx-xlsx
7394075,訪問看護ステーション蒼,108-0074,港区,港区高輪３－２４－２１,070-4157-2232,2020-07-01,2026-07-01,houkan,2026-08-01,https://www.fukushi.metro.tokyo.lg.jp/documents/d/fukushi/20260801_seishin_houkan-xlsx-xlsx
7394083,ソフィアメディ訪問看護ステーション白金高輪,108-0072,港区,港区白金４－１０－２,03-5477-3503,2020-02-01,2026-02-01,houkan,2026-08-01,https://www.fukushi.metro.tokyo.lg.jp/documents/d/fukushi/20260801_seishin_houkan-xlsx-xlsx
7394364,テラナーシングステーション,108-0072,港区,港区白金３－１３－７　白金松田ビル３０３,03-6277-0888,2020-06-01,2026-06-01,houkan,2026-08-01,https://www.fukushi.metro.tokyo.lg.jp/documents/d/fukushi/20260801_seishin_houkan-xlsx-xlsx
7394877,ホームナースステーションｉｎ芝公園,105-0014,港区,港区芝３－６－９芝公園プラザビル５階,03-6455-6893,2020-11-01,,houkan,2026-08-01,https://www.fukushi.metro.tokyo.lg.jp/documents/d/fukushi/20260801_seishin_houkan-xlsx-xlsx
7396047,港区小児ケア訪問看護,108-0014,港区,港区芝４－１２－２　本芝ビル４０１,070-4312-8780,2020-12-01,,houkan,2026-08-01,https://www.fukushi.metro.tokyo.lg.jp/documents/d/fukushi/20260801_seishin_houkan-xlsx-xlsx
7396526,おうちナースプリュム,105-0014,港区,港区芝３－１３－１　ＭＫビル５０２,03-6435-2215,2023-08-01,,houkan,2026-08-01,https://www.fukushi.metro.tokyo.lg.jp/documents/d/fukushi/20260801_seishin_houkan-xlsx-xlsx
7396856,プレモ訪問看護リハビリステーション,108-0073,港区,港区三田１－２－１８　ＴＴＤビル８０１,03-6441-3917,2021-11-01,,houkan,2026-08-01,https://www.fukushi.metro.tokyo.lg.jp/documents/d/fukushi/20260801_seishin_houkan-xlsx-xlsx
7399025,訪問看護ステーションいつき～樹～,108-0072,港区,港区白金６－１０－１１　白金レジデンス１０２号室,03-6432-5354,2022-11-01,,houkan,2026-08-01,https://www.fukushi.metro.tokyo.lg.jp/documents/d/fukushi/20260801_seishin_houkan-xlsx-xlsx
7399769,医療法人社団宙麦会 訪問看護ステーションすてら,135-0091,港区,港区台場１－５　トミンハイム台場五番街４号棟２０２号室,03-6457-2969,2023-05-01,,houkan,2026-08-01,https://www.fukushi.metro.tokyo.lg.jp/documents/d/fukushi/20260801_seishin_houkan-xlsx-xlsx
7399777,メディホ訪問看護ステーション三田,108-0073,港区,港区三田１－２－１８　ＴＴＤＰＬＡＺＡ７階,03-6400-5221,2023-11-01,,houkan,2026-08-01,https://www.fukushi.metro.tokyo.lg.jp/documents/d/fukushi/20260801_seishin_houkan-xlsx-xlsx
7491434,Ｃａｒｅｒ訪問看護,107-0062,港区,港区南青山３－４－２　ＢＡＳＥ南青山２０７,03-5786-2671,2023-07-01,,houkan,2026-08-01,https://www.fukushi.metro.tokyo.lg.jp/documents/d/fukushi/20260801_seishin_houkan-xlsx-xlsx
7491657,みる看る訪問看護ステーション,106-0047,港区,港区南麻布４－４－２１－１０２,03-6450-3307,2024-02-01,,houkan,2026-08-01,https://www.fukushi.metro.tokyo.lg.jp/documents/d/fukushi/20260801_seishin_houkan-xlsx-xlsx
7492119,訪問看護ステーションはなみずき,108-0073,港区,港区三田２－７－７　ザ・パームス三田５０２,03-6722-6613,2023-10-01,,houkan,2026-08-01,https://www.fukushi.metro.tokyo.lg.jp/documents/d/fukushi/20260801_seishin_houkan-xlsx-xlsx
7492309,訪問看護ステーションブラキオ,105-0014,港区,港区芝３－１７－２－４０１,03-6317-2883,2023-10-01,,houkan,2026-08-01,https://www.fukushi.metro.tokyo.lg.jp/documents/d/fukushi/20260801_seishin_houkan-xlsx-xlsx
7492911,北青山ＰＳＷ訪問看護ステーション,107-0061,港区,港区北青山１－４－１,090-5413-4892,2024-02-01,,houkan,2026-08-01,https://www.fukushi.metro.tokyo.lg.jp/documents/d/fukushi/20260801_seishin_houkan-xlsx-xlsx
7493042,サンアイズ訪問看護ステーション,107-0061,港区,港区北青山１－４－１　ランジェ青山７１３号室,03-6455-4595,2024-05-01,,houkan,2026-08-01,https://www.fukushi.metro.tokyo.lg.jp/documents/d/fukushi/20260801_seishin_houkan-xlsx-xlsx
7493448,医療法人社団悠翔会 悠翔会訪問看護ステーション東京,105-0004,港区,港区新橋５－１４－１０　新橋スクエアビル７階,03-5733-5277,2024-06-01,,houkan,2026-08-01,https://www.fukushi.metro.tokyo.lg.jp/documents/d/fukushi/20260801_seishin_houkan-xlsx-xlsx
7494685,ハイメディック訪問看護ステーションおりおん,107-0061,港区,港区北青山１－２－１８　大富外苑コープ６Ａ,03-5772-8675,2007-01-01,2025-01-01,houkan,2026-08-01,https://www.fukushi.metro.tokyo.lg.jp/documents/d/fukushi/20260801_seishin_houkan-xlsx-xlsx
7494693,訪問看護ステーション「さくら咲くあかさか」,107-0052,港区,港区赤坂７－５－１５　フロムファースト赤坂２０２,03-5544-8596,2024-12-01,,houkan,2026-08-01,https://www.fukushi.metro.tokyo.lg.jp/documents/d/fukushi/20260801_seishin_houkan-xlsx-xlsx
7494883,咲む訪問看護ステーション,107-0061,港区,港区北青山１－４－１　６１１,03-6271-5426,2025-01-01,,houkan,2026-08-01,https://www.fukushi.metro.tokyo.lg.jp/documents/d/fukushi/20260801_seishin_houkan-xlsx-xlsx
7495427,訪問看護ステーション和奏,107-0062,港区,港区南青山２－６－３,03-6804-1022,2026-02-01,,houkan,2026-08-01,https://www.fukushi.metro.tokyo.lg.jp/documents/d/fukushi/20260801_seishin_houkan-xlsx-xlsx
7495757,訪問看護ステーションシーガル,105-0004,港区,港区新橋２－２０－１５　新橋駅前ビル壱号館２１８,03-6281-4703,2025-05-01,,houkan,2026-08-01,https://www.fukushi.metro.tokyo.lg.jp/documents/d/fukushi/20260801_seishin_houkan-xlsx-xlsx
7496714,あいず訪問看護ステーション芝浦,108-0023,港区,港区芝浦３－４－１　１０３－Ａ２,03-6812-8212,2025-11-01,,houkan,2026-08-01,https://www.fukushi.metro.tokyo.lg.jp/documents/d/fukushi/20260801_seishin_houkan-xlsx-xlsx
7496870,リハビリの風訪問看護ステーションみなと,105-0014,港区,港区芝３－６－５,03-6435-4763,2007-01-01,2025-01-01,houkan,2026-08-01,https://www.fukushi.metro.tokyo.lg.jp/documents/d/fukushi/20260801_seishin_houkan-xlsx-xlsx
7497720,ＰＯＮＹ訪問看護ステーション,108-0074,港区,港区高輪３－１６－１　リーファ高輪２０１,03-6456-4380,2026-08-01,,houkan,2026-08-01,https://www.fukushi.metro.tokyo.lg.jp/documents/d/fukushi/20260801_seishin_houkan-xlsx-xlsx
7192180,代々木訪問看護ステーション,169-0072,新宿区,新宿区大久保２－８－２　３階,03-5272-4118,2006-11-01,2024-11-01,houkan,2026-08-01,https://www.fukushi.metro.tokyo.lg.jp/documents/d/fukushi/20260801_seishin_houkan-xlsx-xlsx
7194178,セコム新宿訪問看護ステーション,160-0017,新宿区,新宿区左門町１４－１７　ＴＨ左門町ビル２０１,03-5368-6078,2024-06-01,,houkan,2026-08-01,https://www.fukushi.metro.tokyo.lg.jp/documents/d/fukushi/20260801_seishin_houkan-xlsx-xlsx
7194210,社会福祉法人聖母会 聖母訪問看護ステーション,161-8521,新宿区,新宿区中落合２－５－１,03-3951-3822,2021-03-01,,houkan,2026-08-01,https://www.fukushi.metro.tokyo.lg.jp/documents/d/fukushi/20260801_seishin_houkan-xlsx-xlsx
7196108,白十字訪問看護ステーション,162-0842,新宿区,新宿区市谷砂土原町２－７　ディアコート砂土原２０４,03-3268-1815,2009-12-01,2021-12-01,houkan,2026-08-01,https://www.fukushi.metro.tokyo.lg.jp/documents/d/fukushi/20260801_seishin_houkan-xlsx-xlsx
7196124,在宅看護研究センター付属訪問看護ステーション,169-0075,新宿区,新宿区高田馬場４－９－１１－４０３,03-5386-0662,2011-02-01,2023-02-01,houkan,2026-08-01,https://www.fukushi.metro.tokyo.lg.jp/documents/d/fukushi/20260801_seishin_houkan-xlsx-xlsx
7291255,訪問看護ステーション ベビーノ,160-0023,新宿区,新宿区西新宿８－３－３２　カーメルⅠ　２０４,03-6279-3825,2010-05-01,2022-05-01,houkan,2026-08-01,https://www.fukushi.metro.tokyo.lg.jp/documents/d/fukushi/20260801_seishin_houkan-xlsx-xlsx
7292568,ナースステーション東京 新宿事業所,162-0065,新宿区,新宿区四谷２－５さくらマンション１階,03-5363-4001,2012-11-01,2024-11-01,houkan,2026-08-01,https://www.fukushi.metro.tokyo.lg.jp/documents/d/fukushi/20260801_seishin_houkan-xlsx-xlsx
7293111,リハビリ訪問看護ステーション ハピネスケア,169-0075,新宿区,新宿区高田馬場１－２４－２７　ドゥマール市川２０１,03-6273-8001,2013-09-01,2025-09-01,houkan,2026-08-01,https://www.fukushi.metro.tokyo.lg.jp/documents/d/fukushi/20260801_seishin_houkan-xlsx-xlsx
7293665,訪問看護ステーション リカバリー,160-0023,新宿区,新宿区西新宿６－１６－１２,03-5990-5882,2014-02-01,2026-02-01,houkan,2026-08-01,https://www.fukushi.metro.tokyo.lg.jp/documents/d/fukushi/20260801_seishin_houkan-xlsx-xlsx
7294937,訪問看護ステーションデューン新宿,160-0023,新宿区,新宿区西新宿８－１－９　シンコービル１階,03-5937-2046,2014-12-01,2020-12-01,houkan,2026-08-01,https://www.fukushi.metro.tokyo.lg.jp/documents/d/fukushi/20260801_seishin_houkan-xlsx-xlsx
7295439,あわーず東京訪問看護リハビリステーション,169-0073,新宿区,新宿区百人町１－２２－３　新宿ナショナルコート３０３,03-6869-7677,2015-05-01,2021-05-01,houkan,2026-08-01,https://www.fukushi.metro.tokyo.lg.jp/documents/d/fukushi/20260801_seishin_houkan-xlsx-xlsx
7296981,ソシア訪問看護ステーション,161-0034,新宿区,新宿区上落合１－１７－８,03-3565-7505,2016-07-01,2022-07-01,houkan,2026-08-01,https://www.fukushi.metro.tokyo.lg.jp/documents/d/fukushi/20260801_seishin_houkan-xlsx-xlsx
7297237,オランジェ訪問看護ステーション,169-0075,新宿区,新宿区高田馬場４－２７－１５　エスカイア高田馬場１０８号,03-5937-3562,2016-07-01,2022-07-01,houkan,2026-08-01,https://www.fukushi.metro.tokyo.lg.jp/documents/d/fukushi/20260801_seishin_houkan-xlsx-xlsx
7297823,独立行政法人地域医療機能推進機構東京新宿メディカルセンター附属訪問看護ステーションなないろ,162-0822,新宿区,新宿区下宮比町２－１２,03-3269-8135,2019-05-01,2025-05-01,houkan,2026-08-01,https://www.fukushi.metro.tokyo.lg.jp/documents/d/fukushi/20260801_seishin_houkan-xlsx-xlsx
7298912,zen place訪問看護ステーション新宿,169-0074,新宿区,新宿区北新宿４－２１－４　吉澤ビル１０１,03-5937-4966,2017-06-01,,houkan,2026-08-01,https://www.fukushi.metro.tokyo.lg.jp/documents/d/fukushi/20260801_seishin_houkan-xlsx-xlsx
7299803,さくら訪問看護リハビリステーション,169-0072,新宿区,新宿区大久保２－１８－４　グレース橋谷田１０２,03-6205-6451,2018-07-01,2024-07-01,houkan,2026-08-01,https://www.fukushi.metro.tokyo.lg.jp/documents/d/fukushi/20260801_seishin_houkan-xlsx-xlsx
7299852,ＳＯＭＰＯケア東京訪問看護,169-0075,新宿区,新宿区高田馬場２－５－２３　第一桂城ビル４階,03-5758-8291,2021-03-01,,houkan,2026-08-01,https://www.fukushi.metro.tokyo.lg.jp/documents/d/fukushi/20260801_seishin_houkan-xlsx-xlsx
7391063,訪問看護ステーションやごころ,161-0034,新宿区,新宿区上落合２－１１－1６　ヴィヴァシェル２０１,03-6908-7234,2018-11-01,2024-11-01,houkan,2026-08-01,https://www.fukushi.metro.tokyo.lg.jp/documents/d/fukushi/20260801_seishin_houkan-xlsx-xlsx
7392400,ガイア訪問看護ステーション 新宿,169-0075,新宿区,新宿区四谷４－２３－１９　レジデンス光和１０８　１０１号室,03-5989-1168,2019-01-01,2025-01-01,houkan,2026-08-01,https://www.fukushi.metro.tokyo.lg.jp/documents/d/fukushi/20260801_seishin_houkan-xlsx-xlsx
7393218,訪問看護ステーション鈴,169-0075,新宿区,新宿区高田馬場１－１６－１６　エルヴェ内堀２階,03-6457-3766,2019-06-01,2025-06-01,houkan,2026-08-01,https://www.fukushi.metro.tokyo.lg.jp/documents/d/fukushi/20260801_seishin_houkan-xlsx-xlsx
7393242,訪問看護ステーション ホームケア高田馬場,171-0031,新宿区,新宿区高田馬場１－２３－７　創信ビル３階,03-6302-1212,2019-07-01,2025-07-01,houkan,2026-08-01,https://www.fukushi.metro.tokyo.lg.jp/documents/d/fukushi/20260801_seishin_houkan-xlsx-xlsx
7393432,マイナビ訪問看護ステーション 新宿,160-0022,新宿区,新宿区新宿４－１－６　ＪＲ新宿ミライナタワー１２Ｆ,03-6628-5071,2019-08-01,2025-08-01,houkan,2026-08-01,https://www.fukushi.metro.tokyo.lg.jp/documents/d/fukushi/20260801_seishin_houkan-xlsx-xlsx
7393499,ＫＩＲＡＬＩＥ訪問看護ステーション,160-0022,新宿区,新宿区新宿１－２３－５　サンサーラ御苑５０３号室,03-5361-7328,2020-06-01,2026-06-01,houkan,2026-08-01,https://www.fukushi.metro.tokyo.lg.jp/documents/d/fukushi/20260801_seishin_houkan-xlsx-xlsx
7393747,訪問看護ステーションデイジー,160-0004,新宿区,新宿区四谷４－１２－４　ＫＥＥＬＳ　Ｃ号室,03-6273-0684,2024-12-01,,houkan,2026-08-01,https://www.fukushi.metro.tokyo.lg.jp/documents/d/fukushi/20260801_seishin_houkan-xlsx-xlsx
7393754,訪問看護ステーション コルディアーレ新宿,161-0033,新宿区,新宿区下落合４－６－１４　ｔｈｅ　ＡＮＮＥＸビル２０１号,03-6279-3656,2018-06-01,2024-06-01,houkan,2026-08-01,https://www.fukushi.metro.tokyo.lg.jp/documents/d/fukushi/20260801_seishin_houkan-xlsx-xlsx
7393952,医療法人社団ゆみのゆみの訪問看護ステーション,161-0034,新宿区,新宿区上落合２－９－１６　インテック落合２０７号室,03-5332-8805,2024-12-01,,houkan,2026-08-01,https://www.fukushi.metro.tokyo.lg.jp/documents/d/fukushi/20260801_seishin_houkan-xlsx-xlsx
7394398,シンプレ訪問看護ステーション,169-0075,新宿区,新宿区高田馬場１－２９－２１　みかどビル３Ｆ,03-6205-9521,2020-05-01,2026-05-01,houkan,2026-08-01,https://www.fukushi.metro.tokyo.lg.jp/documents/d/fukushi/20260801_seishin_houkan-xlsx-xlsx
7394885,訪問看護ステーションかがやき,169-0073,新宿区,新宿区百人町１－１１－２　ＭＯＭＯビル１Ｆ,03-6908-8670,2020-09-01,,houkan,2026-08-01,https://www.fukushi.metro.tokyo.lg.jp/documents/d/fukushi/20260801_seishin_houkan-xlsx-xlsx
7395890,七福訪問看護ステーション,169-0075,新宿区,新宿区高田馬場２－８－１３　今井ビル１０１,03-6278-9529,2021-05-01,,houkan,2026-08-01,https://www.fukushi.metro.tokyo.lg.jp/documents/d/fukushi/20260801_seishin_houkan-xlsx-xlsx
7396054,コモレビナーシングステーション新宿,160-0022,新宿区,新宿区新宿４－４－１８　新宿ＭＭビル１Ｆ,03-5315-0360,2021-04-01,,houkan,2026-08-01,https://www.fukushi.metro.tokyo.lg.jp/documents/d/fukushi/20260801_seishin_houkan-xlsx-xlsx
7396534,いろは訪問看護ステーション,160-0023,新宿区,新宿区西新宿５－８－５　ダイヤモンド西新宿３０４号,03-6276-4687,2021-07-01,,houkan,2026-08-01,https://www.fukushi.metro.tokyo.lg.jp/documents/d/fukushi/20260801_seishin_houkan-xlsx-xlsx
7397011,訪問看護ステーション みっれ,160-0023,新宿区,新宿区西新宿７－２１－３　ＤＵＯ西新宿９０６,03-6868-5727,2021-12-01,,houkan,2026-08-01,https://www.fukushi.metro.tokyo.lg.jp/documents/d/fukushi/20260801_seishin_houkan-xlsx-xlsx
7397581,てとて訪問看護ステーション,169-0074,新宿区,新宿区北新宿１－３０－２４　モンシャトー北新宿３０１,03-5937-1981,2022-03-01,,houkan,2026-08-01,https://www.fukushi.metro.tokyo.lg.jp/documents/d/fukushi/20260801_seishin_houkan-xlsx-xlsx
7398316,ジール訪問看護リハビリステーション,169-0075,新宿区,新宿区高田馬場４－４－１８　ＮＴビル４Ｆ,03-5337-7446,2019-01-01,2025-01-01,houkan,2026-08-01,https://www.fukushi.metro.tokyo.lg.jp/documents/d/fukushi/20260801_seishin_houkan-xlsx-xlsx
7398480,ツクイ新宿訪問看護ステーション,160-0006,新宿区,新宿区舟町１－１８　ロイクラトン四谷,,2022-08-01,,houkan,2026-08-01,https://www.fukushi.metro.tokyo.lg.jp/documents/d/fukushi/20260801_seishin_houkan-xlsx-xlsx
7399033,すみれ訪問看護ステーション,169-0073,新宿区,新宿区百人町２－２３－１７　Ｋ－ＧＲＡＮＤＥ２０３号,03-5937-0261,2022-11-01,,houkan,2026-08-01,https://www.fukushi.metro.tokyo.lg.jp/documents/d/fukushi/20260801_seishin_houkan-xlsx-xlsx
7399785,クレール訪問看護ステーション,160-0021,新宿区,新宿区歌舞伎町２－４２－３　林ビル２階,03-6824-4330,2023-05-01,,houkan,2026-08-01,https://www.fukushi.metro.tokyo.lg.jp/documents/d/fukushi/20260801_seishin_houkan-xlsx-xlsx
7491251,ワンダフルサポート訪問看護ステーション,160-0023,新宿区,新宿区西新宿７－２０－２　愛美堂ビル６階,03-6279-1342,2024-10-01,,houkan,2026-08-01,https://www.fukushi.metro.tokyo.lg.jp/documents/d/fukushi/20260801_seishin_houkan-xlsx-xlsx
7491269,ＦａｍｉｌｙＮｕｒｓｅ西落合,161-0031,新宿区,新宿区西落合１－２０－１　広和マンション４０５,03-3565-6915,2023-05-01,,houkan,2026-08-01,https://www.fukushi.metro.tokyo.lg.jp/documents/d/fukushi/20260801_seishin_houkan-xlsx-xlsx
7491277,つくし訪問看護ステーション,161-0034,新宿区,新宿区上落合２－７－８,050-3150-8586,2023-09-01,,houkan,2026-08-01,https://www.fukushi.metro.tokyo.lg.jp/documents/d/fukushi/20260801_seishin_houkan-xlsx-xlsx
7492317,訪問看護ステーション デライト新宿,169-0073,新宿区,新宿区百人町１－１６－２１　ミナミビル３０１,03-6304-0082,2018-10-01,2024-10-01,houkan,2026-08-01,https://www.fukushi.metro.tokyo.lg.jp/documents/d/fukushi/20260801_seishin_houkan-xlsx-xlsx
7493265,ブルーム訪問看護ステーション,160-0023,新宿区,新宿区西新宿３－７－２６　ハイネスロワイヤル７０３号,03-6911-1845,2024-06-01,,houkan,2026-08-01,https://www.fukushi.metro.tokyo.lg.jp/documents/d/fukushi/20260801_seishin_houkan-xlsx-xlsx
7493745,ライフホーム訪問看護リハビリステーション,169-0075,新宿区,新宿区高田馬場３－２５－２３,03-5497-8990,2024-06-01,,houkan,2026-08-01,https://www.fukushi.metro.tokyo.lg.jp/documents/d/fukushi/20260801_seishin_houkan-xlsx-xlsx
7493885,プレナースステーション,169-0051,新宿区,新宿区西早稲田１－１４－１４　ふじビル２階,03-6205-5218,2018-10-01,2024-10-01,houkan,2026-08-01,https://www.fukushi.metro.tokyo.lg.jp/documents/d/fukushi/20260801_seishin_houkan-xlsx-xlsx
7493893,あさぎ訪問看護ステーション,169-0075,新宿区,新宿区高田馬場４－１８－１０　サンハイツ高田馬場９０１,03-6750-0162,2024-07-01,,houkan,2026-08-01,https://www.fukushi.metro.tokyo.lg.jp/documents/d/fukushi/20260801_seishin_houkan-xlsx-xlsx
7495153,ＣＬＡＳＷＥＬＬ信濃町訪問看護ステーション,160-0012,新宿区,新宿区南元町１４－７,03-3226-0061,2025-11-01,,houkan,2026-08-01,https://www.fukushi.metro.tokyo.lg.jp/documents/d/fukushi/20260801_seishin_houkan-xlsx-xlsx
7496144,訪問看護ステーションニト四谷,160-0004,新宿区,新宿区四谷４－３　エクシーナ四谷２０２,03-6821-0131,2025-08-01,,houkan,2026-08-01,https://www.fukushi.metro.tokyo.lg.jp/documents/d/fukushi/20260801_seishin_houkan-xlsx-xlsx
7497001,ゆみの訪問看護ステーション早稲田,169-0051,新宿区,新宿区西早稲田３－１２－４,03-5292-6870,2012-02-01,2024-02-01,houkan,2026-08-01,https://www.fukushi.metro.tokyo.lg.jp/documents/d/fukushi/20260801_seishin_houkan-xlsx-xlsx
7497357,スピン訪問看護ステーション神楽坂,162-0825,新宿区,新宿区神楽坂６－３８　中島ビル４０３号室,03-6228-1754,2026-04-01,,houkan,2026-08-01,https://www.fukushi.metro.tokyo.lg.jp/documents/d/fukushi/20260801_seishin_houkan-xlsx-xlsx
7497365,訪問看護ステーション はな 新宿,160-0022,新宿区,新宿区新宿６－１１－９　新宿第二松喜ビル１０１,03-6822-6563,2026-04-01,,houkan,2026-08-01,https://www.fukushi.metro.tokyo.lg.jp/documents/d/fukushi/20260801_seishin_houkan-xlsx-xlsx
7191240,一般社団法人小石川医師会訪問看護ステーション,112-0002,文京区,文京区小石川５－６－９,03-3947-0616,2014-05-01,2026-05-01,houkan,2026-08-01,https://www.fukushi.metro.tokyo.lg.jp/documents/d/fukushi/20260801_seishin_houkan-xlsx-xlsx
7192206,龍岡訪問看護ステーション,113-0034,文京区,文京区湯島４－９－８,03-3811-2688,2006-10-01,2024-10-01,houkan,2026-08-01,https://www.fukushi.metro.tokyo.lg.jp/documents/d/fukushi/20260801_seishin_houkan-xlsx-xlsx
7192479,ひかわした訪問看護ステーション,112-0011,文京区,文京区千石４－１－２,03-3944-1357,2007-02-01,2025-02-01,houkan,2026-08-01,https://www.fukushi.metro.tokyo.lg.jp/documents/d/fukushi/20260801_seishin_houkan-xlsx-xlsx
7195712,訪問看護ステーションけせら,113-0033,文京区,文京区本郷３－１５－２　本郷二村ビル２０１,03-3815-1170,2009-08-01,2021-08-01,houkan,2026-08-01,https://www.fukushi.metro.tokyo.lg.jp/documents/d/fukushi/20260801_seishin_houkan-xlsx-xlsx
7195829,訪問看護ステーションきょうわ,113-0022,文京区,文京区千駄木５－１７－３,03-3822-0128,2014-06-01,2026-06-01,houkan,2026-08-01,https://www.fukushi.metro.tokyo.lg.jp/documents/d/fukushi/20260801_seishin_houkan-xlsx-xlsx
7197684,ＣｏＣｏ訪問リハビリ・看護ステーション,113-0021,文京区,文京区本駒込４－１９－１１　１０１号室,03-5832-9331,2017-05-01,2023-05-01,houkan,2026-08-01,https://www.fukushi.metro.tokyo.lg.jp/documents/d/fukushi/20260801_seishin_houkan-xlsx-xlsx
7293194,アシスト,112-0011,文京区,文京区千石２－１３－２　１０６号,03-3944-5942,2015-04-01,2021-04-01,houkan,2026-08-01,https://www.fukushi.metro.tokyo.lg.jp/documents/d/fukushi/20260801_seishin_houkan-xlsx-xlsx
7294580,星医療酸器訪問看護・リハビリステーション巣鴨,112-0011,文京区,文京区千石４－１６－２小林ビル２０３号,03-5976-2655,2019-04-01,2025-04-01,houkan,2026-08-01,https://www.fukushi.metro.tokyo.lg.jp/documents/d/fukushi/20260801_seishin_houkan-xlsx-xlsx
7297344,訪問看護ステーション ホームケア文京,112-0002,文京区,文京区小石川２－２３－１２　　エスティビル小石川４０１,03-5615-9715,2016-08-01,2022-08-01,houkan,2026-08-01,https://www.fukushi.metro.tokyo.lg.jp/documents/d/fukushi/20260801_seishin_houkan-xlsx-xlsx
7297575,在宅看護センター本郷,113-0033,文京区,文京区本郷４－７－１２－１０１,03-5615-8902,2016-09-01,2022-09-01,houkan,2026-08-01,https://www.fukushi.metro.tokyo.lg.jp/documents/d/fukushi/20260801_seishin_houkan-xlsx-xlsx
7298201,リーベ訪問看護リハビリステーション,113-0034,文京区,文京区湯島２－１６－１０　ＭＡＳＳビルディング３階,03-5844-6590,2014-11-01,2020-11-01,houkan,2026-08-01,https://www.fukushi.metro.tokyo.lg.jp/documents/d/fukushi/20260801_seishin_houkan-xlsx-xlsx
7299472,東京中央訪問看護リハビリステーション,112-0004,文京区,文京区後楽２－２３－１５　大星マンション２０２号室,03-6801-6932,2017-11-01,2023-11-01,houkan,2026-08-01,https://www.fukushi.metro.tokyo.lg.jp/documents/d/fukushi/20260801_seishin_houkan-xlsx-xlsx
7299480,ホーム訪問看護ステーション,113-0034,文京区,文京区湯島３－２２－４　第二天野ハイツ１０２,03-6874-4951,2017-10-01,,houkan,2026-08-01,https://www.fukushi.metro.tokyo.lg.jp/documents/d/fukushi/20260801_seishin_houkan-xlsx-xlsx
7391147,ゆい訪問看護ステーション,113-0033,文京区,文京区本郷３－３４－４　本郷ＪＫＨビル３階,03-6240-0395,2025-11-01,,houkan,2026-08-01,https://www.fukushi.metro.tokyo.lg.jp/documents/d/fukushi/20260801_seishin_houkan-xlsx-xlsx
7391238,ナースステーション東京 文京支店,112-0001,文京区,文京区白山２－２０－９藤井ビル１Ｆ,03-5615-8238,2018-05-01,2024-05-01,houkan,2026-08-01,https://www.fukushi.metro.tokyo.lg.jp/documents/d/fukushi/20260801_seishin_houkan-xlsx-xlsx
7391592,訪問看護ステーション東大前,113-0023,文京区,文京区向丘２－９－１０　コート追分１０１,03-3868-2007,2018-07-01,2024-07-01,houkan,2026-08-01,https://www.fukushi.metro.tokyo.lg.jp/documents/d/fukushi/20260801_seishin_houkan-xlsx-xlsx
7392632,ゆりの樹訪問看護リハビリステーション,112-0005,文京区,文京区関口１－２１－１９　九條ビル４階,03-6902-9186,2019-07-01,2025-07-01,houkan,2026-08-01,https://www.fukushi.metro.tokyo.lg.jp/documents/d/fukushi/20260801_seishin_houkan-xlsx-xlsx
7395734,訪問看護ステーションほのぼのらいふ,113-0024,文京区,文京区小石川１－２２－２　南部ビル１階,03-5805-7856,2006-11-01,2024-11-01,houkan,2026-08-01,https://www.fukushi.metro.tokyo.lg.jp/documents/d/fukushi/20260801_seishin_houkan-xlsx-xlsx
7395775,やよい訪問看護ステーション,113-0032,文京区,文京区弥生１－５－１１　弥生クリニックビル３階,03-6240-0738,2021-08-01,,houkan,2026-08-01,https://www.fukushi.metro.tokyo.lg.jp/documents/d/fukushi/20260801_seishin_houkan-xlsx-xlsx
7398753,まるまる訪問看護ステーション湯島,113-0034,文京区,文京区湯島４－６－１２　湯島ハイタウンＢ１４１７,03-4431-3226,2022-11-01,,houkan,2026-08-01,https://www.fukushi.metro.tokyo.lg.jp/documents/d/fukushi/20260801_seishin_houkan-xlsx-xlsx
7399140,ハニー訪問看護ステーション,113-0033,文京区,文京区本郷３－３６－１２　グリーンヒルズ本郷２０２,03-6240-0824,2022-12-01,,houkan,2026-08-01,https://www.fukushi.metro.tokyo.lg.jp/documents/d/fukushi/20260801_seishin_houkan-xlsx-xlsx
7399793,訪問看護ステーション はな 本駒込,113-0021,文京区,文京区本駒込３－２９－８,03-6824-0308,2023-07-01,,houkan,2026-08-01,https://www.fukushi.metro.tokyo.lg.jp/documents/d/fukushi/20260801_seishin_houkan-xlsx-xlsx
7492135,はれの樹訪問看護リハビリステーション,113-0023,文京区,文京区向丘１－４－１１　アカデミー向丘１階,03-6801-5527,2023-11-01,,houkan,2026-08-01,https://www.fukushi.metro.tokyo.lg.jp/documents/d/fukushi/20260801_seishin_houkan-xlsx-xlsx
7492325,アルシオン訪問看護ステーション,151-0053,文京区,渋谷区代々木１－８－２　ライズⅢ４階　４０１,080-7965-1203,2023-11-01,,houkan,2026-08-01,https://www.fukushi.metro.tokyo.lg.jp/documents/d/fukushi/20260801_seishin_houkan-xlsx-xlsx
7493463,訪問看護ステーション ソレイユハートケア,112-0001,文京区,文京区白山５－１７－１０　新井ビル１０１,03-6902-9184,2019-09-01,2025-09-01,houkan,2026-08-01,https://www.fukushi.metro.tokyo.lg.jp/documents/d/fukushi/20260801_seishin_houkan-xlsx-xlsx
7495450,訪問看護ステーションレインボーコンパス,113-0033,文京区,文京区本郷３－２－７　お茶の水サニービル１階,03-5844-6175,2025-04-01,,houkan,2026-08-01,https://www.fukushi.metro.tokyo.lg.jp/documents/d/fukushi/20260801_seishin_houkan-xlsx-xlsx
7495468,東大看護ステーション目白台,112-0015,文京区,文京区目白台３－２８－１０　Ｔｏｎｏｗａ　Ｇａｒｄｅｎ目白台,050-3645-9012,2025-05-01,,houkan,2026-08-01,https://www.fukushi.metro.tokyo.lg.jp/documents/d/fukushi/20260801_seishin_houkan-xlsx-xlsx
7496292,つねいろ訪問看護ステーション,113-0022,文京区,文京区千駄木１－２２－３０　ＴＲＵＳＴＶＡＬＵＥ千駄木６０３,03-5842-1832,2025-11-01,,houkan,2026-08-01,https://www.fukushi.metro.tokyo.lg.jp/documents/d/fukushi/20260801_seishin_houkan-xlsx-xlsx
7497597,あいあーる東京訪問看護ステーション,112-0002,文京区,文京区小石川１－１３－１２　ＷＡＫＯＵ小石川ビス５階,03-6240-0208,2026-06-01,,houkan,2026-08-01,https://www.fukushi.metro.tokyo.lg.jp/documents/d/fukushi/20260801_seishin_houkan-xlsx-xlsx
7497605,よつば訪問看護ステーション,112-0003,文京区,文京区春日２－１－１０　美津穂マンション２０１,050-1750-6289,2026-07-01,,houkan,2026-08-01,https://www.fukushi.metro.tokyo.lg.jp/documents/d/fukushi/20260801_seishin_houkan-xlsx-xlsx
7195415,訪問看護ステーションコスモス,111-0021,台東区,台東区日本堤１－１－７,03-3871-7228,2007-02-01,2025-02-01,houkan,2026-08-01,https://www.fukushi.metro.tokyo.lg.jp/documents/d/fukushi/20260801_seishin_houkan-xlsx-xlsx
7197023,訪問看護ステーションゆうあい,111-0022,台東区,台東区清川２－２－３,03-5824-9135,2007-01-01,2025-01-01,houkan,2026-08-01,https://www.fukushi.metro.tokyo.lg.jp/documents/d/fukushi/20260801_seishin_houkan-xlsx-xlsx
7292683,トータルライフ訪問看護ステーション雷門,111-0042,台東区,台東区雷門２－１１－１０コモドール雷門１Ｆ,03-5827-3655,2013-06-01,2025-06-01,houkan,2026-08-01,https://www.fukushi.metro.tokyo.lg.jp/documents/d/fukushi/20260801_seishin_houkan-xlsx-xlsx
7294820,いきいきＳＵＮ訪問看護リハビリステーション,111-0053,台東区,台東区浅草橋１－３２－６　コスモス浅草橋酒井ビル６階,03-5809-1761,2015-03-01,2021-03-01,houkan,2026-08-01,https://www.fukushi.metro.tokyo.lg.jp/documents/d/fukushi/20260801_seishin_houkan-xlsx-xlsx
7295116,はる訪問看護リハビリステーション御徒町,110-0016,台東区,台東区台東３－１７－１　ダイアパレス御徒町Ｖ３０４,03-3833-5556,2017-01-01,2023-01-01,houkan,2026-08-01,https://www.fukushi.metro.tokyo.lg.jp/documents/d/fukushi/20260801_seishin_houkan-xlsx-xlsx
7295728,訪問看護ステーションこんにちわ,111-0053,台東区,台東区浅草橋１－４－２－３０５,03-5809-3642,2017-11-01,2023-11-01,houkan,2026-08-01,https://www.fukushi.metro.tokyo.lg.jp/documents/d/fukushi/20260801_seishin_houkan-xlsx-xlsx
7296403,医療法人財団はるたか会 訪問看護ステーション そら,110-0015,台東区,台東区東上野４－２７－３　上野トーセイビル８階,03-6456-1197,2015-10-01,2021-10-01,houkan,2026-08-01,https://www.fukushi.metro.tokyo.lg.jp/documents/d/fukushi/20260801_seishin_houkan-xlsx-xlsx
7298441,訪問看護ステーションＴＯＭＯ浅草,111-0032,台東区,台東区浅草３-３６-９　小宮ビル１Ｆ,03-5603-2828,2021-03-01,,houkan,2026-08-01,https://www.fukushi.metro.tokyo.lg.jp/documents/d/fukushi/20260801_seishin_houkan-xlsx-xlsx
7299118,よつば訪問看護ステーション,111-0032,台東区,台東区浅草５－５４－４　サンファスト浅草ＳＡビル１０２,03-6802-3240,2017-07-01,2023-07-01,houkan,2026-08-01,https://www.fukushi.metro.tokyo.lg.jp/documents/d/fukushi/20260801_seishin_houkan-xlsx-xlsx
7299357,こもれび訪問看護リハビリステーション,111-0033,台東区,台東区花川戸１－１５－１　フェスタ花川戸８０１,03-6802-7671,2018-11-01,2024-11-01,houkan,2026-08-01,https://www.fukushi.metro.tokyo.lg.jp/documents/d/fukushi/20260801_seishin_houkan-xlsx-xlsx
7391808,かきつばた訪問看護ステーション,111-0014,台東区,台東区北上野１－１１－１３,03-5809-2951,2019-08-01,2025-08-01,houkan,2026-08-01,https://www.fukushi.metro.tokyo.lg.jp/documents/d/fukushi/20260801_seishin_houkan-xlsx-xlsx
7392087,訪問看護ステーションはな 上野,110-0015,台東区,台東区東上野１－１７－１　外園ビル１Ｆ,03-6822-6553,2018-10-01,2024-10-01,houkan,2026-08-01,https://www.fukushi.metro.tokyo.lg.jp/documents/d/fukushi/20260801_seishin_houkan-xlsx-xlsx
7392491,ソフィアメディ訪問看護ステーション東日本橋,111-0053,台東区,台東区浅草橋３－１９－２　富士ビル３階,03-6667-0702,2019-01-01,2025-01-01,houkan,2026-08-01,https://www.fukushi.metro.tokyo.lg.jp/documents/d/fukushi/20260801_seishin_houkan-xlsx-xlsx
7394638,ソフィアメディ訪問看護ステーション入谷,110-0004,台東区,台東区下谷１－９－６　小泉ビル　３階,03-5830-6330,2020-05-01,2026-05-01,houkan,2026-08-01,https://www.fukushi.metro.tokyo.lg.jp/documents/d/fukushi/20260801_seishin_houkan-xlsx-xlsx
7395239,訪問看護ステーションあずき,111-0031,台東区,台東区千束３－５－１０　リヴゴーシュｉＭ１階,03-3874-5661,2020-10-01,,houkan,2026-08-01,https://www.fukushi.metro.tokyo.lg.jp/documents/d/fukushi/20260801_seishin_houkan-xlsx-xlsx
7395544,訪問看護ステーションおこＳＵＮ,110-0001,台東区,台東区谷中２－１－９　シオン谷中１０１号室,03-5834-7913,2021-01-01,,houkan,2026-08-01,https://www.fukushi.metro.tokyo.lg.jp/documents/d/fukushi/20260801_seishin_houkan-xlsx-xlsx
7396302,ほほえみ訪問看護リハビリステーション,111-0056,台東区,台東区小島２－２１－１８　ＴＸ小島ビル５階,03-5830-6905,2021-06-01,,houkan,2026-08-01,https://www.fukushi.metro.tokyo.lg.jp/documents/d/fukushi/20260801_seishin_houkan-xlsx-xlsx
7397938,とりこえ訪問看護ステーション,111-0054,台東区,台東区鳥越２－１２－２,070-4120-8386,2022-10-01,,houkan,2026-08-01,https://www.fukushi.metro.tokyo.lg.jp/documents/d/fukushi/20260801_seishin_houkan-xlsx-xlsx
7397961,とら訪問看護リハビリステーション,111-0033,台東区,台東区花川戸２－１１－１４　３階,03-6231-7587,2022-04-01,,houkan,2026-08-01,https://www.fukushi.metro.tokyo.lg.jp/documents/d/fukushi/20260801_seishin_houkan-xlsx-xlsx
7398498,訪問看護ステーションちるな,111-0036,台東区,台東区松が谷３－６－８　ｍａｉｓｏｎ　ｍｏｍｏ２階,03-6802-4374,2022-08-01,,houkan,2026-08-01,https://www.fukushi.metro.tokyo.lg.jp/documents/d/fukushi/20260801_seishin_houkan-xlsx-xlsx
7399272,訪問看護ステーション アンテリア,111-0051,台東区,台東区蔵前４－１６－４　ラベル印刷ビル２Ｆ,03-5829-9455,2023-01-01,,houkan,2026-08-01,https://www.fukushi.metro.tokyo.lg.jp/documents/d/fukushi/20260801_seishin_houkan-xlsx-xlsx
7399397,訪問看護ステーションほのか,110-0001,台東区,台東区谷中３－９－２　テラスハウスベル６,03-5834-8157,2023-03-01,,houkan,2026-08-01,https://www.fukushi.metro.tokyo.lg.jp/documents/d/fukushi/20260801_seishin_houkan-xlsx-xlsx
7491459,オハナケア訪問看護ステーション根岸,110-0003,台東区,台東区根岸３－１－１６－９０１号　ラウレア,03-3874-4448,2023-09-01,,houkan,2026-08-01,https://www.fukushi.metro.tokyo.lg.jp/documents/d/fukushi/20260801_seishin_houkan-xlsx-xlsx
7492143,訪問看護ステーションいろどり,110-0015,台東区,台東区東上野６－３０－２　山岸荘１階,03-5246-4939,2023-10-01,,houkan,2026-08-01,https://www.fukushi.metro.tokyo.lg.jp/documents/d/fukushi/20260801_seishin_houkan-xlsx-xlsx
7492333,あしなら訪問看護ステーション,111-0031,台東区,台東区千束２－１９－７　コーポ梅沢Ⅱ４階,03-5808-7942,2023-10-01,,houkan,2026-08-01,https://www.fukushi.metro.tokyo.lg.jp/documents/d/fukushi/20260801_seishin_houkan-xlsx-xlsx
7492929,訪問看護ステーションはなえ,111-0031,台東区,台東区千束３－９－９　齋藤ビル２階,03-6802-3874,2013-11-01,2025-11-01,houkan,2026-08-01,https://www.fukushi.metro.tokyo.lg.jp/documents/d/fukushi/20260801_seishin_houkan-xlsx-xlsx
7493059,ライズケア訪問看護ステーション上野,110-0015,台東区,台東区東上野３－７－９　中西ビル２０３,03-6284-2035,2024-03-01,,houkan,2026-08-01,https://www.fukushi.metro.tokyo.lg.jp/documents/d/fukushi/20260801_seishin_houkan-xlsx-xlsx
7493273,グレース訪問看護ステーション城東,110-0013,台東区,台東区入谷１－８－１１－４階,03-6802-3051,2020-01-01,2026-01-01,houkan,2026-08-01,https://www.fukushi.metro.tokyo.lg.jp/documents/d/fukushi/20260801_seishin_houkan-xlsx-xlsx
7493877,出張看護ステーション,111-0056,台東区,台東区小島２－８－３　１０１,03-6824-0503,2024-07-01,,houkan,2026-08-01,https://www.fukushi.metro.tokyo.lg.jp/documents/d/fukushi/20260801_seishin_houkan-xlsx-xlsx
7494404,訪問看護ＢＨ,110-0003,台東区,台東区根岸２－２０－５　パストラル根岸７０１,03-5808-9512,2024-11-01,,houkan,2026-08-01,https://www.fukushi.metro.tokyo.lg.jp/documents/d/fukushi/20260801_seishin_houkan-xlsx-xlsx
7494412,きょう訪問看護リハビリステーション浅草,111-0023,台東区,台東区橋場１－１４－２　メゾンＯＫＡ１０１号,050-1721-5100,2024-09-01,,houkan,2026-08-01,https://www.fukushi.metro.tokyo.lg.jp/documents/d/fukushi/20260801_seishin_houkan-xlsx-xlsx
7495872,そらのいろ訪問看護ステーション台東荒川,110-0003,台東区,台東区根岸２－１６－１１　倉沢ビル２０１,03-6802-3576,2026-01-01,,houkan,2026-08-01,https://www.fukushi.metro.tokyo.lg.jp/documents/d/fukushi/20260801_seishin_houkan-xlsx-xlsx
7496516,ポアル訪問看護ステーション,111-0032,台東区,台東区浅草６－２１－１４　関口ビル１階,03-3873-7809,2025-11-01,,houkan,2026-08-01,https://www.fukushi.metro.tokyo.lg.jp/documents/d/fukushi/20260801_seishin_houkan-xlsx-xlsx
7191448,医療法人財団健和会 鐘ヶ渕訪問看護ステーション,131-0031,墨田区,墨田区墨田３－４１－１６　２階,03-3619-0360,2007-01-01,2025-01-01,houkan,2026-08-01,https://www.fukushi.metro.tokyo.lg.jp/documents/d/fukushi/20260801_seishin_houkan-xlsx-xlsx
7191489,公益社団法人 墨田区医師会立訪問看護ステーション,130-0002,墨田区,墨田区業平１－７－２５,03-3626-6827,2007-01-01,2025-01-01,houkan,2026-08-01,https://www.fukushi.metro.tokyo.lg.jp/documents/d/fukushi/20260801_seishin_houkan-xlsx-xlsx
7191950,賛育会訪問看護ステーション,130-0012,墨田区,墨田区太平３－１８－５　千代津ビル１階,03-3622-9188,2007-10-01,2025-10-01,houkan,2026-08-01,https://www.fukushi.metro.tokyo.lg.jp/documents/d/fukushi/20260801_seishin_houkan-xlsx-xlsx
7192800,医療法人社団隆靖会 墨田中央訪問看護ステーション,131-0044,墨田区,墨田区文花３－１５－２,03-3610-5551,2008-03-01,2020-03-01,houkan,2026-08-01,https://www.fukushi.metro.tokyo.lg.jp/documents/d/fukushi/20260801_seishin_houkan-xlsx-xlsx
7199086,社会医療法人財団正明会やまだ訪問看護ステーション,130-0011,墨田区,墨田区石原２－２０－５,03-5819-7636,2007-06-01,2025-06-01,houkan,2026-08-01,https://www.fukushi.metro.tokyo.lg.jp/documents/d/fukushi/20260801_seishin_houkan-xlsx-xlsx
7199219,訪問看護ステーション すぴか,130-0014,墨田区,墨田区亀沢１－２１－８,03-6411-5713,2007-12-01,2025-12-01,houkan,2026-08-01,https://www.fukushi.metro.tokyo.lg.jp/documents/d/fukushi/20260801_seishin_houkan-xlsx-xlsx
7199482,ラック訪問看護ステーションすみだ,131-0046,墨田区,墨田区京島１－４７－１７,03-5655-7505,2012-03-01,2024-03-01,houkan,2026-08-01,https://www.fukushi.metro.tokyo.lg.jp/documents/d/fukushi/20260801_seishin_houkan-xlsx-xlsx
7291008,医療法人社団草思会 錦糸町訪問看護ステーション,130-0013,墨田区,墨田区錦糸３－８－１２　大沢マンション１０１,03-5819-1315,2009-10-01,2021-10-01,houkan,2026-08-01,https://www.fukushi.metro.tokyo.lg.jp/documents/d/fukushi/20260801_seishin_houkan-xlsx-xlsx
7292030,訪問看護ステーションＭＡＲＵ,130-0021,墨田区,墨田区緑４－２２－６　第一工業ビル１階及び２階,03-6659-9715,2012-05-01,2024-05-01,houkan,2026-08-01,https://www.fukushi.metro.tokyo.lg.jp/documents/d/fukushi/20260801_seishin_houkan-xlsx-xlsx
7292428,訪問看護ステーションしらひげ,131-0032,墨田区,墨田区東向島２－３６－１１,03-3611-4165,2007-06-01,2025-06-01,houkan,2026-08-01,https://www.fukushi.metro.tokyo.lg.jp/documents/d/fukushi/20260801_seishin_houkan-xlsx-xlsx
7294226,リニエ訪問看護ステーションすみだ,130-0021,墨田区,墨田区緑４－２９－５　錦糸町若林ビル３０１,03-5625-3201,2014-05-01,2026-05-01,houkan,2026-08-01,https://www.fukushi.metro.tokyo.lg.jp/documents/d/fukushi/20260801_seishin_houkan-xlsx-xlsx
7294549,セントケア訪問看護ステーション墨田,130-0001,墨田区,墨田区吾妻橋２－２－４　フェスティ・ワン４Ｆ,03-5819-1190,2022-02-01,,houkan,2026-08-01,https://www.fukushi.metro.tokyo.lg.jp/documents/d/fukushi/20260801_seishin_houkan-xlsx-xlsx
7295447,訪問看護ステーション たくみ,131-0032,墨田区,墨田区東向島２－７－７　３階,03-6657-3345,2015-09-01,2021-09-01,houkan,2026-08-01,https://www.fukushi.metro.tokyo.lg.jp/documents/d/fukushi/20260801_seishin_houkan-xlsx-xlsx
7297005,うさぎ訪問看護ステーション,130-0002,墨田区,墨田区業平１－８－２　ＴＭ業平ビル１階,03-5819-4200,2016-05-01,2022-05-01,houkan,2026-08-01,https://www.fukushi.metro.tokyo.lg.jp/documents/d/fukushi/20260801_seishin_houkan-xlsx-xlsx
7298219,ケアーズ墨東訪問看護リハビリステーション,130-0012,墨田区,墨田区太平２－３－１０－２０１,03-6240-4961,2017-03-01,2023-03-01,houkan,2026-08-01,https://www.fukushi.metro.tokyo.lg.jp/documents/d/fukushi/20260801_seishin_houkan-xlsx-xlsx
7298995,看護クラーク東日本橋,131-0043,墨田区,墨田区立花１－３４－１,03-6657-1317,2018-02-01,2024-02-01,houkan,2026-08-01,https://www.fukushi.metro.tokyo.lg.jp/documents/d/fukushi/20260801_seishin_houkan-xlsx-xlsx
7391600,すみれ訪問看護ステーション,130-0002,墨田区,墨田区業平２－９－９　３階,03-5619-5510,2007-01-01,2025-01-01,houkan,2026-08-01,https://www.fukushi.metro.tokyo.lg.jp/documents/d/fukushi/20260801_seishin_houkan-xlsx-xlsx
7391949,ワンファミ訪問看護リハビリステーション墨田本店,131-0045,墨田区,墨田区押上３－１－８　大宮ビル２階,03-6820-2399,2020-08-01,,houkan,2026-08-01,https://www.fukushi.metro.tokyo.lg.jp/documents/d/fukushi/20260801_seishin_houkan-xlsx-xlsx
7392947,くれよん訪問看護リハビリステーション森下,130-0023,墨田区,墨田区立川１－１６－１７　山田ビル１０１,03-5625-4581,2019-05-01,2025-05-01,houkan,2026-08-01,https://www.fukushi.metro.tokyo.lg.jp/documents/d/fukushi/20260801_seishin_houkan-xlsx-xlsx
7393135,セレスト訪問看護ステーション,131-0041,墨田区,墨田区八広５－１－１０ジョブルヤマモト１Ｆ,03-6657-0341,2019-05-01,2025-05-01,houkan,2026-08-01,https://www.fukushi.metro.tokyo.lg.jp/documents/d/fukushi/20260801_seishin_houkan-xlsx-xlsx
7394315,つむぎ訪問看護ステーション,131-0032,墨田区,墨田区東向島１－１７－７　地蔵坂ホームズ１階,03-6657-3020,2021-08-01,,houkan,2026-08-01,https://www.fukushi.metro.tokyo.lg.jp/documents/d/fukushi/20260801_seishin_houkan-xlsx-xlsx
7394596,訪問看護ステーションさくら 本所吾妻橋,130-0005,墨田区,墨田区東駒形３－４－８,03-5637-7320,2017-11-01,2023-11-01,houkan,2026-08-01,https://www.fukushi.metro.tokyo.lg.jp/documents/d/fukushi/20260801_seishin_houkan-xlsx-xlsx
7395106,かのん訪問看護ステーションすみだ,131-0045,墨田区,墨田区押上２－３０－７コンチェルト押上１階,03-6657-0020,2019-11-01,2025-11-01,houkan,2026-08-01,https://www.fukushi.metro.tokyo.lg.jp/documents/d/fukushi/20260801_seishin_houkan-xlsx-xlsx
7396062,ＦＣＭ訪問看護ステーションすみだ,131-0032,墨田区,墨田区東向島５－３－３　東向島ステーションプラザ２０９号室,03-6657-0603,2021-04-01,,houkan,2026-08-01,https://www.fukushi.metro.tokyo.lg.jp/documents/d/fukushi/20260801_seishin_houkan-xlsx-xlsx
7396310,ソフィアメディ訪問看護ステーション東向島,131-0032,墨田区,墨田区東向島３－９－２　チェリーピア２１　１階,03-6657-0196,2021-05-01,,houkan,2026-08-01,https://www.fukushi.metro.tokyo.lg.jp/documents/d/fukushi/20260801_seishin_houkan-xlsx-xlsx
7397037,ＯＲＣＡ訪問看護ステーション,131-0046,墨田区,墨田区京島１－１８－１０　フォレスト京島Ｆ１０１号室,03-6657-4062,2023-05-01,,houkan,2026-08-01,https://www.fukushi.metro.tokyo.lg.jp/documents/d/fukushi/20260801_seishin_houkan-xlsx-xlsx
7398191,やすらぎ訪問看護ステーション,131-0031,墨田区,墨田区墨田４－１－１１,03-6657-5765,2022-06-01,,houkan,2026-08-01,https://www.fukushi.metro.tokyo.lg.jp/documents/d/fukushi/20260801_seishin_houkan-xlsx-xlsx
7398324,医修館東京訪問看護ステーション,130-0026,墨田区,墨田区両国１－２－２,03-6666-9912,2023-06-01,,houkan,2026-08-01,https://www.fukushi.metro.tokyo.lg.jp/documents/d/fukushi/20260801_seishin_houkan-xlsx-xlsx
7399280,ツクイ墨田訪問看護ステーション,131-0045,墨田区,墨田区押上１－１－２　東京スカイツリーイーストタワー１５階,03-5619-5440,2023-01-01,,houkan,2026-08-01,https://www.fukushi.metro.tokyo.lg.jp/documents/d/fukushi/20260801_seishin_houkan-xlsx-xlsx
7399538,訪問看護ステーションあんず,131-0044,墨田区,墨田区文花２－１７－５　ソミコーポ文花１０４,03-6824-0363,2023-11-01,,houkan,2026-08-01,https://www.fukushi.metro.tokyo.lg.jp/documents/d/fukushi/20260801_seishin_houkan-xlsx-xlsx
7492341,訪問看護ステーション デライト墨田,130-0013,墨田区,墨田区錦糸４－６－９　小川ビル３階,03-6240-4462,2022-12-01,,houkan,2026-08-01,https://www.fukushi.metro.tokyo.lg.jp/documents/d/fukushi/20260801_seishin_houkan-xlsx-xlsx
7492713,ザオーケア訪問看護ステーション錦糸町,130-0012,墨田区,墨田区太平４－９－１３　カスタード第一ビル３０４号室,03-3626-6061,2024-06-01,,houkan,2026-08-01,https://www.fukushi.metro.tokyo.lg.jp/documents/d/fukushi/20260801_seishin_houkan-xlsx-xlsx
7492937,訪問看護ステーションはな 墨田,131-0033,墨田区,墨田区向島４－２６－１１　川邊ビル１０１,03-6824-6763,2024-02-01,,houkan,2026-08-01,https://www.fukushi.metro.tokyo.lg.jp/documents/d/fukushi/20260801_seishin_houkan-xlsx-xlsx
7493067,どすこい訪問看護リハビリステーション,130-0012,墨田区,墨田区太平２－８－９　レジア錦糸町２０１,03-6381-3501,2024-07-01,,houkan,2026-08-01,https://www.fukushi.metro.tokyo.lg.jp/documents/d/fukushi/20260801_seishin_houkan-xlsx-xlsx
7493489,訪問看護ステーションデューン墨田,130-0012,墨田区,墨田区太平３－１６－１　増子ビル１階,03-6381-3571,2024-04-01,,houkan,2026-08-01,https://www.fukushi.metro.tokyo.lg.jp/documents/d/fukushi/20260801_seishin_houkan-xlsx-xlsx
7493497,訪問看護ステーション みけ,131-0033,墨田区,墨田区向島２－１０－５－１階,03-3626-2317,2007-01-01,2025-01-01,houkan,2026-08-01,https://www.fukushi.metro.tokyo.lg.jp/documents/d/fukushi/20260801_seishin_houkan-xlsx-xlsx
7494131,てらす訪問看護ステーション,131-0046,墨田区,墨田区京島１－２３－１０,03-6658-8457,2025-03-01,,houkan,2026-08-01,https://www.fukushi.metro.tokyo.lg.jp/documents/d/fukushi/20260801_seishin_houkan-xlsx-xlsx
7494271,訪問看護ステーション医ごころ 両国,130-0026,墨田区,墨田区両国４－３２－８,03-6659-5106,2024-08-01,,houkan,2026-08-01,https://www.fukushi.metro.tokyo.lg.jp/documents/d/fukushi/20260801_seishin_houkan-xlsx-xlsx
7494891,オリーブ訪問看護リハビリステーション墨田,130-0003,墨田区,墨田区横川２－１３－３　１階,03-5875-9002,2024-12-01,,houkan,2026-08-01,https://www.fukushi.metro.tokyo.lg.jp/documents/d/fukushi/20260801_seishin_houkan-xlsx-xlsx
7495161,あいらく訪問看護ステーション錦糸町,130-0012,墨田区,墨田区太平１－１１－１　若葉ビル１階,03-6381-3405,2025-02-01,,houkan,2026-08-01,https://www.fukushi.metro.tokyo.lg.jp/documents/d/fukushi/20260801_seishin_houkan-xlsx-xlsx
7496524,訪問看護ステーションコルディアーレ墨田,130-0021,墨田区,墨田区緑４－２０－９　宮野ビル６階,03-6284-0934,2025-10-01,,houkan,2026-08-01,https://www.fukushi.metro.tokyo.lg.jp/documents/d/fukushi/20260801_seishin_houkan-xlsx-xlsx
7192008,江東区医師会訪問看護ステーション,135-0016,江東区,江東区東陽５－３１－１８,03-3646-5500,2007-02-01,2025-02-01,houkan,2026-08-01,https://www.fukushi.metro.tokyo.lg.jp/documents/d/fukushi/20260801_seishin_houkan-xlsx-xlsx
7291644,訪問看護リハビリステーション アオアクア,136-0072,江東区,江東区大島８－５－１　Ｎ＆Ｈビル４０１号室,03-5628-6120,2011-06-01,2017-06-01,houkan,2026-08-01,https://www.fukushi.metro.tokyo.lg.jp/documents/d/fukushi/20260801_seishin_houkan-xlsx-xlsx
7291727,医療法人財団健和会 大島訪問看護ステーション,136-0072,江東区,江東区大島１－３６－５　江東ビル４階,03-5626-7621,2007-01-01,2025-01-01,houkan,2026-08-01,https://www.fukushi.metro.tokyo.lg.jp/documents/d/fukushi/20260801_seishin_houkan-xlsx-xlsx
7292170,訪問看護ステーション せりえ,136-0071,江東区,江東区亀戸７－１４－７,03-6802-9557,2012-07-01,2024-07-01,houkan,2026-08-01,https://www.fukushi.metro.tokyo.lg.jp/documents/d/fukushi/20260801_seishin_houkan-xlsx-xlsx
7295454,ボンズシップ訪問看護リハビリステーション,135-0042,江東区,江東区東陽３－１０－５丸半ビル別館３階,03-5633-7290,2016-04-01,2022-04-01,houkan,2026-08-01,https://www.fukushi.metro.tokyo.lg.jp/documents/d/fukushi/20260801_seishin_houkan-xlsx-xlsx
7296429,訪問看護ステーションデューン江東,135-0016,江東区,江東区東陽４－８－５　宿本ビル２階,03-6666-6171,2015-10-01,2021-10-01,houkan,2026-08-01,https://www.fukushi.metro.tokyo.lg.jp/documents/d/fukushi/20260801_seishin_houkan-xlsx-xlsx
7297690,あわーず東京江東訪問看護リハビリステーション,136-0072,江東区,江東区大島１－３３－１２　西大島和田ビル４Ｆ,03-6869-0337,2016-10-01,2022-10-01,houkan,2026-08-01,https://www.fukushi.metro.tokyo.lg.jp/documents/d/fukushi/20260801_seishin_houkan-xlsx-xlsx
7297831,日本財団在宅看護センター アィルビー訪問看護ステーション,135-0016,江東区,江東区東陽５－２９－４７サンフィールド１階,03-5875-8626,2017-05-01,2023-05-01,houkan,2026-08-01,https://www.fukushi.metro.tokyo.lg.jp/documents/d/fukushi/20260801_seishin_houkan-xlsx-xlsx
7297955,あすなろ訪問看護ステーション西大島,136-0072,江東区,江東区大島４－５－１１　藤和西大島コープ１階,03-5875-4166,2017-01-01,2023-01-01,houkan,2026-08-01,https://www.fukushi.metro.tokyo.lg.jp/documents/d/fukushi/20260801_seishin_houkan-xlsx-xlsx
7298037,訪問看護ステーションすまいる,136-0076,江東区,江東区南砂７－４－６　２０３,03-6666-5868,2026-01-01,,houkan,2026-08-01,https://www.fukushi.metro.tokyo.lg.jp/documents/d/fukushi/20260801_seishin_houkan-xlsx-xlsx
7299241,マハロ豊洲訪問看護リハビリステーション,135-0061,江東区,江東区豊洲４－６－３　メゾン豊洲２０１,03-3520-9730,2017-09-01,2023-09-01,houkan,2026-08-01,https://www.fukushi.metro.tokyo.lg.jp/documents/d/fukushi/20260801_seishin_houkan-xlsx-xlsx
7299373,訪問看護ステーションリンク,135-0003,江東区,江東区猿江１－１２－１住吉パークホームズ１階,03-6659-9303,2019-10-01,2025-10-01,houkan,2026-08-01,https://www.fukushi.metro.tokyo.lg.jp/documents/d/fukushi/20260801_seishin_houkan-xlsx-xlsx
7392244,訪問看護ステーションデューン大島,136-0072,江東区,江東区大島１－３０－４　Ｌ－ＴＯＷＥＲ５階,03-5875-0925,2018-11-01,2024-11-01,houkan,2026-08-01,https://www.fukushi.metro.tokyo.lg.jp/documents/d/fukushi/20260801_seishin_houkan-xlsx-xlsx
7392376,ざいたくサポート木場,135-0042,江東区,江東区木場２－７－２２　小鳥居ビル２階,03-6458-5900,2017-10-01,,houkan,2026-08-01,https://www.fukushi.metro.tokyo.lg.jp/documents/d/fukushi/20260801_seishin_houkan-xlsx-xlsx
7392657,ホウカンＴＯＫＹＯ江東,135-0005,江東区,江東区高橋１４－１３　清澄ＳＯＨＯ　２Ｂ,03-6666-9117,2020-01-01,2026-01-01,houkan,2026-08-01,https://www.fukushi.metro.tokyo.lg.jp/documents/d/fukushi/20260801_seishin_houkan-xlsx-xlsx
7392665,訪問看護ステーションＯＨＡＮＡ,136-0071,江東区,江東区亀戸２－４４－１２ 亀戸ビル２階,03-5858-8747,2020-05-01,2026-05-01,houkan,2026-08-01,https://www.fukushi.metro.tokyo.lg.jp/documents/d/fukushi/20260801_seishin_houkan-xlsx-xlsx
7393762,訪問看護ステーション コルディアーレ東陽町,135-0016,江東区,江東区東陽１－３４－１３ディックビル３階,03-5857-5260,2017-08-01,2023-08-01,houkan,2026-08-01,https://www.fukushi.metro.tokyo.lg.jp/documents/d/fukushi/20260801_seishin_houkan-xlsx-xlsx
7393911,ＰＡＬ訪問看護ステーション,135-0016,江東区,江東区東陽４－６－１４トーカンマンション東陽町２０２号室,072-260-9483,2020-02-01,2026-02-01,houkan,2026-08-01,https://www.fukushi.metro.tokyo.lg.jp/documents/d/fukushi/20260801_seishin_houkan-xlsx-xlsx
7394109,ガイア訪問看護ステーション 江東,136-0071,江東区,江東区亀戸６－３３－３　諸橋ビル２階,03-6666-8156,2020-02-01,2026-02-01,houkan,2026-08-01,https://www.fukushi.metro.tokyo.lg.jp/documents/d/fukushi/20260801_seishin_houkan-xlsx-xlsx
7394190,株式会社ケアサービス 訪問看護亀戸,136-0071,江東区,江東区亀戸１－４２－１８　６Ｆ,03-5858-6260,2015-09-01,2021-09-01,houkan,2026-08-01,https://www.fukushi.metro.tokyo.lg.jp/documents/d/fukushi/20260801_seishin_houkan-xlsx-xlsx
7395924,訪問看護ステーションＰＩＴ,135-0042,江東区,江東区木場３－８－１１　リフィオ木場公園１０２号室,03-5875-9104,2021-05-01,,houkan,2026-08-01,https://www.fukushi.metro.tokyo.lg.jp/documents/d/fukushi/20260801_seishin_houkan-xlsx-xlsx
7397045,訪問看護ステーション はな 亀戸,136-0071,江東区,江東区亀戸１－３９－５　サンウエストビルⅡ　１Ｆ,03-4400-9916,2021-12-01,,houkan,2026-08-01,https://www.fukushi.metro.tokyo.lg.jp/documents/d/fukushi/20260801_seishin_houkan-xlsx-xlsx
7398894,タスサポ訪問看護ステーション木場,135-0042,江東区,江東区木場６－７－１９　宇田川ビル４Ｆ,03-4330-3320,2022-12-01,,houkan,2026-08-01,https://www.fukushi.metro.tokyo.lg.jp/documents/d/fukushi/20260801_seishin_houkan-xlsx-xlsx
7399058,ラヴィ訪問看護ステーション門前仲町,135-0047,江東区,江東区富岡１－２５－５　メディカルビル門前仲町９階,03-6902-2886,2023-02-01,,houkan,2026-08-01,https://www.fukushi.metro.tokyo.lg.jp/documents/d/fukushi/20260801_seishin_houkan-xlsx-xlsx
7399165,訪問看護ステーション らぴーす,135-0044,江東区,江東区越中島１－２－１３　ＴＫ門前仲町ビル１階,03-5621-9932,2022-12-01,,houkan,2026-08-01,https://www.fukushi.metro.tokyo.lg.jp/documents/d/fukushi/20260801_seishin_houkan-xlsx-xlsx
7399298,訪問看護ステーション星松,136-0071,江東区,江東区亀戸２－３－１３－８０２,03-5875-2705,2023-06-01,,houkan,2026-08-01,https://www.fukushi.metro.tokyo.lg.jp/documents/d/fukushi/20260801_seishin_houkan-xlsx-xlsx
7399801,訪問看護ステーションこあら,136-0071,江東区,江東区亀戸７－１２－１９　ハイツ松田４０２,03-5858-8397,2023-06-01,,houkan,2026-08-01,https://www.fukushi.metro.tokyo.lg.jp/documents/d/fukushi/20260801_seishin_houkan-xlsx-xlsx
7399819,訪問看護ステーションチャーム,135-0002,江東区,江東区住吉２－６－５　インテグレート村上２０１,03-5669-0517,2023-04-01,,houkan,2026-08-01,https://www.fukushi.metro.tokyo.lg.jp/documents/d/fukushi/20260801_seishin_houkan-xlsx-xlsx
7491665,そらまめ訪問看護ステーション,136-0072,江東区,江東区大島１－２９－１６,03-6659-5146,2023-07-01,,houkan,2026-08-01,https://www.fukushi.metro.tokyo.lg.jp/documents/d/fukushi/20260801_seishin_houkan-xlsx-xlsx
7491871,訪問看護ステーション慈穏,136-0073,江東区,江東区北砂６－１９－１９,03-6666-6530,2023-11-01,,houkan,2026-08-01,https://www.fukushi.metro.tokyo.lg.jp/documents/d/fukushi/20260801_seishin_houkan-xlsx-xlsx
7492358,訪問看護ステーション デライト江東,135-0016,江東区,江東区東陽３－２８－９　山屋東陽ハイツ　４０６号室,03-6666-7282,2022-02-01,,houkan,2026-08-01,https://www.fukushi.metro.tokyo.lg.jp/documents/d/fukushi/20260801_seishin_houkan-xlsx-xlsx
7492366,訪問看護ステーションＮＣ,136-0072,江東区,江東区大島２－１４－９,03-5858-9820,2024-03-01,,houkan,2026-08-01,https://www.fukushi.metro.tokyo.lg.jp/documents/d/fukushi/20260801_seishin_houkan-xlsx-xlsx
7492374,葵訪問看護ステーション,136-0076,江東区,江東区南砂２－３－１－１２７,03-6666-4717,2023-11-01,,houkan,2026-08-01,https://www.fukushi.metro.tokyo.lg.jp/documents/d/fukushi/20260801_seishin_houkan-xlsx-xlsx
7493075,ひなた訪問看護リハビリステーション,135-0004,江東区,江東区森下２－１９－８　谷ビル２０２,03-6666-9778,2024-01-01,,houkan,2026-08-01,https://www.fukushi.metro.tokyo.lg.jp/documents/d/fukushi/20260801_seishin_houkan-xlsx-xlsx
7493919,ハンズ訪問看護ステーション大島砂町,136-0072,江東区,江東区大島５－３５－８　大洋ビル３０２,03-5875-3480,2024-07-01,,houkan,2026-08-01,https://www.fukushi.metro.tokyo.lg.jp/documents/d/fukushi/20260801_seishin_houkan-xlsx-xlsx
7494289,あかり訪問看護ステーション,135-0016,江東区,江東区東陽６－３－２５　１０１,03-6666-6856,2025-06-01,,houkan,2026-08-01,https://www.fukushi.metro.tokyo.lg.jp/documents/d/fukushi/20260801_seishin_houkan-xlsx-xlsx
7494917,オリーブ訪問看護リハビリステーション江東,135-0024,江東区,江東区清澄２－１１－７　４階,03-6458-5103,2019-07-01,2025-07-01,houkan,2026-08-01,https://www.fukushi.metro.tokyo.lg.jp/documents/d/fukushi/20260801_seishin_houkan-xlsx-xlsx
7495773,ベストリハ訪問看護ステーションⅡ,135-0016,江東区,江東区東陽１－２５－４　ブリリアンス丹羽３０２号,03-6666-7592,2025-06-01,,houkan,2026-08-01,https://www.fukushi.metro.tokyo.lg.jp/documents/d/fukushi/20260801_seishin_houkan-xlsx-xlsx
7191075,医師会立品川区訪問看護ステーション,140-0001,品川区,品川区北品川３－７－２５,03-3472-5518,2008-09-01,2020-09-01,houkan,2026-08-01,https://www.fukushi.metro.tokyo.lg.jp/documents/d/fukushi/20260801_seishin_houkan-xlsx-xlsx
7192032,医師会立荏原訪問看護ステーション,142-0053,品川区,品川区中延２－６－５,03-3783-2360,2006-08-01,2024-08-01,houkan,2026-08-01,https://www.fukushi.metro.tokyo.lg.jp/documents/d/fukushi/20260801_seishin_houkan-xlsx-xlsx
7192677,小山台訪問看護ステーション,142-0061,品川区,品川区小山台１－２４－４　カーサエスペランサ１０２,03-3715-7366,2007-01-01,2025-01-01,houkan,2026-08-01,https://www.fukushi.metro.tokyo.lg.jp/documents/d/fukushi/20260801_seishin_houkan-xlsx-xlsx
7194657,南大井訪問看護ステーション,140-0011,品川区,品川区東大井４－９－１,03-5495-7084,2012-07-01,2024-07-01,houkan,2026-08-01,https://www.fukushi.metro.tokyo.lg.jp/documents/d/fukushi/20260801_seishin_houkan-xlsx-xlsx
7196926,ソフィアメディ訪問看護ステーション小山,142-0062,品川区,品川区小山７－１０－１　ロワール洗足１０２,03-5749-1657,2006-11-01,2024-11-01,houkan,2026-08-01,https://www.fukushi.metro.tokyo.lg.jp/documents/d/fukushi/20260801_seishin_houkan-xlsx-xlsx
7197619,株式会社ライフケアーサービスセンター訪問看護ステーション,140-0001,品川区,品川区北品川３－３－３　東和ビル３階,03-3471-3883,2006-12-01,2024-12-01,houkan,2026-08-01,https://www.fukushi.metro.tokyo.lg.jp/documents/d/fukushi/20260801_seishin_houkan-xlsx-xlsx
7197676,訪問看護ステーション 湯～亀,142-0064,品川区,品川区旗の台４－５－１７,03-5788-9655,2010-05-01,2022-05-01,houkan,2026-08-01,https://www.fukushi.metro.tokyo.lg.jp/documents/d/fukushi/20260801_seishin_houkan-xlsx-xlsx
7199169,元気訪問看護ステーション,140-0001,品川区,品川区北品川２－９－２１,03-5715-5386,2008-04-01,2026-04-01,houkan,2026-08-01,https://www.fukushi.metro.tokyo.lg.jp/documents/d/fukushi/20260801_seishin_houkan-xlsx-xlsx
7291784,ソフィアメディ訪問看護ステーション豊町,141-0033,品川区,品川区西品川２－１－２２　サザンヒル３階,03-6865-1030,2012-01-01,2024-01-01,houkan,2026-08-01,https://www.fukushi.metro.tokyo.lg.jp/documents/d/fukushi/20260801_seishin_houkan-xlsx-xlsx
7292097,ナースステーションもも,141-0032,品川区,品川区大崎４－２－４６,03-3495-5777,2014-04-01,2026-04-01,houkan,2026-08-01,https://www.fukushi.metro.tokyo.lg.jp/documents/d/fukushi/20260801_seishin_houkan-xlsx-xlsx
7293202,ケアメイト品川訪問看護ステーション,140-0015,品川区,品川区西大井２－４－１４,03-6303-7834,2013-09-01,2025-09-01,houkan,2026-08-01,https://www.fukushi.metro.tokyo.lg.jp/documents/d/fukushi/20260801_seishin_houkan-xlsx-xlsx
7294010,訪問看護ステーション リリフル,141-0001,品川区,品川区北品川５－１２－１－５０３,03-5475-7733,2015-04-01,2021-04-01,houkan,2026-08-01,https://www.fukushi.metro.tokyo.lg.jp/documents/d/fukushi/20260801_seishin_houkan-xlsx-xlsx
7295314,レディーバグ訪問看護ステーション武蔵小山,142-0063,品川区,品川区荏原４－１４－７　１階,03-6426-9671,2015-12-01,2021-12-01,houkan,2026-08-01,https://www.fukushi.metro.tokyo.lg.jp/documents/d/fukushi/20260801_seishin_houkan-xlsx-xlsx
7296718,喜楽訪問看護ステーション,140-0013,品川区,品川区南大井６－１６－１２　大森コーポビアネーズ４０７号,03-6459-6705,2019-05-01,2025-05-01,houkan,2026-08-01,https://www.fukushi.metro.tokyo.lg.jp/documents/d/fukushi/20260801_seishin_houkan-xlsx-xlsx
7296734,訪問看護ステーションデューン品川,141-0031,品川区,品川区西五反田８－９－５　ＦＯＲＥＣＡＳＴ五反田ＷＥＳＴ９階,03-6420-0520,2016-01-01,2022-01-01,houkan,2026-08-01,https://www.fukushi.metro.tokyo.lg.jp/documents/d/fukushi/20260801_seishin_houkan-xlsx-xlsx
7298334,株式会社仁済 訪問看護ステーション品川,142-0043,品川区,品川区二葉１－１２－８　マメゾン二葉１階,03-6410-7611,2017-07-01,2023-07-01,houkan,2026-08-01,https://www.fukushi.metro.tokyo.lg.jp/documents/d/fukushi/20260801_seishin_houkan-xlsx-xlsx
7299944,にしおおい訪問看護ステーション,140-0015,品川区,品川区西大井２－４－４,03-6303-7040,2018-05-01,2024-05-01,houkan,2026-08-01,https://www.fukushi.metro.tokyo.lg.jp/documents/d/fukushi/20260801_seishin_houkan-xlsx-xlsx
7391717,訪問看護ステーションソピア御殿山,141-0001,品川区,品川区北品川５－２－１,03-5793-3355,2020-04-01,2026-04-01,houkan,2026-08-01,https://www.fukushi.metro.tokyo.lg.jp/documents/d/fukushi/20260801_seishin_houkan-xlsx-xlsx
7392103,zen place訪問看護ステーション戸越,142-0051,品川区,品川区平塚３－１１－５　サンライズビル２階,03-6421-6531,2018-12-01,2024-12-01,houkan,2026-08-01,https://www.fukushi.metro.tokyo.lg.jp/documents/d/fukushi/20260801_seishin_houkan-xlsx-xlsx
7392517,ソフィアメディ訪問看護ステーション青物横丁,140-0004,品川区,品川区南品川２－１７－３４　２階,03-5796-3219,2019-01-01,2025-01-01,houkan,2026-08-01,https://www.fukushi.metro.tokyo.lg.jp/documents/d/fukushi/20260801_seishin_houkan-xlsx-xlsx
7393333,訪問看護ステーションこころ,142-0064,品川区,品川区旗の台６－２４－１２旗の台サマリヤマンション１０１,03-6712-2839,2019-10-01,2025-10-01,houkan,2026-08-01,https://www.fukushi.metro.tokyo.lg.jp/documents/d/fukushi/20260801_seishin_houkan-xlsx-xlsx
7393770,ビジナ,141-0022,品川区,品川区東五反田１－５－１　ユニーブル島津山６０６号室,03-6409-6356,2019-12-01,2025-12-01,houkan,2026-08-01,https://www.fukushi.metro.tokyo.lg.jp/documents/d/fukushi/20260801_seishin_houkan-xlsx-xlsx
7394539,訪問看護ステーション タック,141-0001,品川区,品川区北品川５－１５－２５　ひとみハイツ１０３,03-6277-0794,2020-10-01,,houkan,2026-08-01,https://www.fukushi.metro.tokyo.lg.jp/documents/d/fukushi/20260801_seishin_houkan-xlsx-xlsx
7394919,フローカ訪問看護ステーション,140-0013,品川区,品川区南大井６－１３－８,03-6665-0891,2020-09-01,,houkan,2026-08-01,https://www.fukushi.metro.tokyo.lg.jp/documents/d/fukushi/20260801_seishin_houkan-xlsx-xlsx
7396088,和ごころ訪問看護ステーション,140-0014,品川区,品川区大井４－２４－２０　ガーデンアヴィラ１階,03-5718-0288,2021-04-01,,houkan,2026-08-01,https://www.fukushi.metro.tokyo.lg.jp/documents/d/fukushi/20260801_seishin_houkan-xlsx-xlsx
7396401,ＡＳＨＣＡＲＥ 訪問看護ステーション,141-0031,品川区,品川区西五反田５－１１－８　不動前マンション４０５,03-6417-9262,2021-06-01,,houkan,2026-08-01,https://www.fukushi.metro.tokyo.lg.jp/documents/d/fukushi/20260801_seishin_houkan-xlsx-xlsx
7396559,ココファンナーシング南千束,145-0063,品川区,大田区南千束１－２１－９,03-3727-9872,2023-01-01,,houkan,2026-08-01,https://www.fukushi.metro.tokyo.lg.jp/documents/d/fukushi/20260801_seishin_houkan-xlsx-xlsx
7397235,訪問看護ステーションここのわ,140-0004,品川区,品川区南品川３－４－１４　永光マンション２０１号室,03-5715-7511,2021-12-01,,houkan,2026-08-01,https://www.fukushi.metro.tokyo.lg.jp/documents/d/fukushi/20260801_seishin_houkan-xlsx-xlsx
7397789,かかりつけ訪問看護ステーション,142-0053,品川区,品川区中延３－１１－２　モアナハウス１０２,03-6426-6276,2022-03-01,,houkan,2026-08-01,https://www.fukushi.metro.tokyo.lg.jp/documents/d/fukushi/20260801_seishin_houkan-xlsx-xlsx
7398142,訪問看護ステーションｃａｒｎａ五反田,141-0031,品川区,品川区西五反田３－１０－９　ｃａｒｎａ五反田６階,03-5496-8774,2015-04-01,2021-04-01,houkan,2026-08-01,https://www.fukushi.metro.tokyo.lg.jp/documents/d/fukushi/20260801_seishin_houkan-xlsx-xlsx
7398506,ぬくまる看護,142-0061,品川区,品川区小山台１－２２－８　昭和ビル２階,03-6451-2278,2022-10-01,,houkan,2026-08-01,https://www.fukushi.metro.tokyo.lg.jp/documents/d/fukushi/20260801_seishin_houkan-xlsx-xlsx
7399835,あいらく訪問看護ステーション 大崎,141-0032,品川区,品川区大崎５－４－１２　日床ビル２階,03-6431-9578,2024-10-01,,houkan,2026-08-01,https://www.fukushi.metro.tokyo.lg.jp/documents/d/fukushi/20260801_seishin_houkan-xlsx-xlsx
7491467,ｃｕｒｕｎ訪問看護ステーション,142-0053,品川区,品川区中延５－９－２８　小笠原ハウス２０２,03-6826-9942,2023-07-01,,houkan,2026-08-01,https://www.fukushi.metro.tokyo.lg.jp/documents/d/fukushi/20260801_seishin_houkan-xlsx-xlsx
7492382,訪問看護ステーション デライト品川,142-0064,品川区,品川区旗の台２－８－６　Ｆｅｌｉｃｅ　Ｈａｔａｇａｏｋａ　１階,03-6421-6283,2020-12-01,,houkan,2026-08-01,https://www.fukushi.metro.tokyo.lg.jp/documents/d/fukushi/20260801_seishin_houkan-xlsx-xlsx
7493174,訪問看護ステーションウェイオブライフ,140-0001,品川区,品川区北品川１－２４－１９　ハイツ青木１０３,03-6260-0660,2024-02-01,,houkan,2026-08-01,https://www.fukushi.metro.tokyo.lg.jp/documents/d/fukushi/20260801_seishin_houkan-xlsx-xlsx
7493299,ともに訪問看護ステーション,140-0015,品川区,品川区西大井６－９－３　ヴィラロトンダ１階,03-6686-4611,2024-04-01,,houkan,2026-08-01,https://www.fukushi.metro.tokyo.lg.jp/documents/d/fukushi/20260801_seishin_houkan-xlsx-xlsx
7493505,東京医療保健大学五反田訪問看護ステーション,141-0022,品川区,品川区東五反田４－７－３　東京医療保健大学第四別館１０１号室,03-6409-6091,2024-09-01,,houkan,2026-08-01,https://www.fukushi.metro.tokyo.lg.jp/documents/d/fukushi/20260801_seishin_houkan-xlsx-xlsx
7493513,ケアウィル訪問看護ステーション,140-0013,品川区,品川区南大井２－９－２　２階,03-3298-3685,2025-10-01,,houkan,2026-08-01,https://www.fukushi.metro.tokyo.lg.jp/documents/d/fukushi/20260801_seishin_houkan-xlsx-xlsx
7494149,訪問看護ステーション はな 小山,142-0062,品川区,品川区小山６－２８－１５,03-6826-2207,2024-08-01,,houkan,2026-08-01,https://www.fukushi.metro.tokyo.lg.jp/documents/d/fukushi/20260801_seishin_houkan-xlsx-xlsx
7495476,愛恩訪問看護ステーション品川,140-0002,品川区,品川区東品川２－２－２５　１３０６号,03-6433-2552,2025-08-01,,houkan,2026-08-01,https://www.fukushi.metro.tokyo.lg.jp/documents/d/fukushi/20260801_seishin_houkan-xlsx-xlsx
7495781,ザオーケア訪問看護ステーション大崎,141-0032,品川区,品川区大崎４－４－２４　３Ａ,03-5747-9686,2023-06-01,,houkan,2026-08-01,https://www.fukushi.metro.tokyo.lg.jp/documents/d/fukushi/20260801_seishin_houkan-xlsx-xlsx
7496730,コアエイド訪問看護ステーション目黒,141-0021,品川区,品川区上大崎２－１５－１９　ＢＬＯＣＫＳ　ＭＥＧＵＲＯ７０９,050-1792-5982,2025-12-01,,houkan,2026-08-01,https://www.fukushi.metro.tokyo.lg.jp/documents/d/fukushi/20260801_seishin_houkan-xlsx-xlsx
7496888,訪問看護ひまわりガーデンプレイス,142-0061,品川区,品川区小山台１－１０－３,03-6899-4814,2026-04-01,,houkan,2026-08-01,https://www.fukushi.metro.tokyo.lg.jp/documents/d/fukushi/20260801_seishin_houkan-xlsx-xlsx
7497134,訪問看護ＭＯＲＥ ＣＡＲＥ品川,142-0061,品川区,品川区小山台１－１８－１１　コートＭＩＫＩ２０１,070-3136-3681,2026-02-01,,houkan,2026-08-01,https://www.fukushi.metro.tokyo.lg.jp/documents/d/fukushi/20260801_seishin_houkan-xlsx-xlsx
7191059,自由が丘訪問看護ステーション,152-0035,目黒区,目黒区自由が丘１－２３－２４　サンテラス自由が丘１０１,03-5701-2010,2007-02-01,2025-02-01,houkan,2026-08-01,https://www.fukushi.metro.tokyo.lg.jp/documents/d/fukushi/20260801_seishin_houkan-xlsx-xlsx
7193857,かみよん訪問看護ステーション,153-0051,目黒区,目黒区上目黒４－４－２１,03-5725-0370,2011-03-01,2023-03-01,houkan,2026-08-01,https://www.fukushi.metro.tokyo.lg.jp/documents/d/fukushi/20260801_seishin_houkan-xlsx-xlsx
7196421,東山訪問看護ステーション,153-0043,目黒区,目黒区東山１－９－１１アントレ目黒東山３０６,03-3760-5371,2007-01-01,2025-01-01,houkan,2026-08-01,https://www.fukushi.metro.tokyo.lg.jp/documents/d/fukushi/20260801_seishin_houkan-xlsx-xlsx
7197031,ナースステーション東京 目黒支店,153-0064,目黒区,目黒区上目黒２－３６－３,03-6417-0561,2007-01-01,2025-01-01,houkan,2026-08-01,https://www.fukushi.metro.tokyo.lg.jp/documents/d/fukushi/20260801_seishin_houkan-xlsx-xlsx
7197155,ソフィアメディ訪問看護ステーション学大,152-0003,目黒区,目黒区碑文谷６－１－１８　高雅ホームズ学芸大学２１１号,03-5773-8358,2011-06-01,2017-06-01,houkan,2026-08-01,https://www.fukushi.metro.tokyo.lg.jp/documents/d/fukushi/20260801_seishin_houkan-xlsx-xlsx
7198484,東京共済病院 訪問看護ステーション,153-8934,目黒区,目黒区中目黒２－３－８,03-5794-7339,2017-11-01,2023-11-01,houkan,2026-08-01,https://www.fukushi.metro.tokyo.lg.jp/documents/d/fukushi/20260801_seishin_houkan-xlsx-xlsx
7198567,三宿病院訪問看護ステーション,153-0051,目黒区,目黒区上目黒５－３３－１２,03-3711-5082,2015-04-01,2021-04-01,houkan,2026-08-01,https://www.fukushi.metro.tokyo.lg.jp/documents/d/fukushi/20260801_seishin_houkan-xlsx-xlsx
7198930,オリーブ訪問看護ステーション駒場,153-0041,目黒区,目黒区駒場１－２８－１　田村ビル３０２,03-5452-2213,2016-12-01,2022-12-01,houkan,2026-08-01,https://www.fukushi.metro.tokyo.lg.jp/documents/d/fukushi/20260801_seishin_houkan-xlsx-xlsx
7291032,医療法人社団菫会 すみれ訪問看護ステーション,152-0001,目黒区,目黒区中央町２－１１－１３　すみれレジデンス１階,03-6412-8739,2009-10-01,2021-10-01,houkan,2026-08-01,https://www.fukushi.metro.tokyo.lg.jp/documents/d/fukushi/20260801_seishin_houkan-xlsx-xlsx
7291560,ソフィアメディ訪問看護ステーション東が丘,152-0021,目黒区,目黒区東が丘２－１１－１０,03-5779-6311,2011-06-01,2017-06-01,houkan,2026-08-01,https://www.fukushi.metro.tokyo.lg.jp/documents/d/fukushi/20260801_seishin_houkan-xlsx-xlsx
7292188,ソフィアメディ訪問看護ステーション駒場,153-0041,目黒区,目黒区駒場４－７－４　井上ビル２階,03-6858-0024,2012-06-01,2024-06-01,houkan,2026-08-01,https://www.fukushi.metro.tokyo.lg.jp/documents/d/fukushi/20260801_seishin_houkan-xlsx-xlsx
7293467,ハートフル訪問看護ステーション中目黒,153-0051,目黒区,目黒区上目黒２－１５－６　川鍋ビル５階,03-6412-8830,2013-10-01,2025-10-01,houkan,2026-08-01,https://www.fukushi.metro.tokyo.lg.jp/documents/d/fukushi/20260801_seishin_houkan-xlsx-xlsx
7294234,トータルライフケア池尻大橋訪問看護ステーション,153-0043,目黒区,目黒区東山３－２０－２０－１０１,03-6452-3621,2016-03-01,2022-03-01,houkan,2026-08-01,https://www.fukushi.metro.tokyo.lg.jp/documents/d/fukushi/20260801_seishin_houkan-xlsx-xlsx
7294473,りゅうじん訪問看護ステーション東京,153-0062,目黒区,東京都目黒区三田２－１８－１８,03-6451-8560,2014-10-01,2020-10-01,houkan,2026-08-01,https://www.fukushi.metro.tokyo.lg.jp/documents/d/fukushi/20260801_seishin_houkan-xlsx-xlsx
7294556,訪問看護ステーションＳＴＯＲＹ学芸大学,153-0065,目黒区,目黒区中町２－３１－１０,03-6452-3539,2014-12-01,2020-12-01,houkan,2026-08-01,https://www.fukushi.metro.tokyo.lg.jp/documents/d/fukushi/20260801_seishin_houkan-xlsx-xlsx
7294945,ソフィアメディ訪問看護ステーション緑が丘,152-0034,目黒区,目黒区緑が丘３－１－７　セトル緑が丘Ｂ１,03-5731-8203,2015-01-01,2021-01-01,houkan,2026-08-01,https://www.fukushi.metro.tokyo.lg.jp/documents/d/fukushi/20260801_seishin_houkan-xlsx-xlsx
7296130,ナイスケア訪問看護ステーション,152-0033,目黒区,目黒区大岡山１－５－１５　ＮＣビル２階,03-3717-3681,2015-08-01,2021-08-01,houkan,2026-08-01,https://www.fukushi.metro.tokyo.lg.jp/documents/d/fukushi/20260801_seishin_houkan-xlsx-xlsx
7297021,街のイスキア訪問ナースステーション,153-0053,目黒区,目黒区五本木３－２２－１５,03-6303-4894,2016-05-01,2022-05-01,houkan,2026-08-01,https://www.fukushi.metro.tokyo.lg.jp/documents/d/fukushi/20260801_seishin_houkan-xlsx-xlsx
7297476,訪問看護かえりえ大橋,153-0044,目黒区,目黒区大橋２－１６－３８,050-1742-6592,2016-07-01,2022-07-01,houkan,2026-08-01,https://www.fukushi.metro.tokyo.lg.jp/documents/d/fukushi/20260801_seishin_houkan-xlsx-xlsx
7298136,グレース訪問看護ステーション 城南,153-0053,目黒区,目黒区五本木３－２７－９　学芸大ハイツ２０２号室,03-5734-1991,2017-03-01,2023-03-01,houkan,2026-08-01,https://www.fukushi.metro.tokyo.lg.jp/documents/d/fukushi/20260801_seishin_houkan-xlsx-xlsx
7298474,ハウオリ訪問看護ステーション,152-0001,目黒区,目黒区中央町２－３０－１１　学芸大ＫＹハイツ３０２号室,03-6712-2444,2017-06-01,,houkan,2026-08-01,https://www.fukushi.metro.tokyo.lg.jp/documents/d/fukushi/20260801_seishin_houkan-xlsx-xlsx
7299811,サンライフ東京訪問看護ステーション,153-0063,目黒区,目黒区目黒１－５－１９－３０７,03-3495-5911,2020-05-01,2026-05-01,houkan,2026-08-01,https://www.fukushi.metro.tokyo.lg.jp/documents/d/fukushi/20260801_seishin_houkan-xlsx-xlsx
7299829,中目黒訪問看護ステーション,153-0061,目黒区,目黒区中町１－３２－８　中町Ｒビル１階,03-6451-0719,2007-01-01,2025-01-01,houkan,2026-08-01,https://www.fukushi.metro.tokyo.lg.jp/documents/d/fukushi/20260801_seishin_houkan-xlsx-xlsx
7299951,すまいるナーシング,152-0023,目黒区,目黒区八雲２－８－２　ウエルマ都立大１０２,03-5731-9210,2018-11-01,2024-11-01,houkan,2026-08-01,https://www.fukushi.metro.tokyo.lg.jp/documents/d/fukushi/20260801_seishin_houkan-xlsx-xlsx
7391964,目黒中央訪問看護ステーション,153-0065,目黒区,目黒区中町２－４２－２０ハイム廣田３０１,03-6712-2452,2019-01-01,2025-01-01,houkan,2026-08-01,https://www.fukushi.metro.tokyo.lg.jp/documents/d/fukushi/20260801_seishin_houkan-xlsx-xlsx
7391972,やよい訪問看護リハビリステーション目黒,153-0063,目黒区,目黒区目黒４－６－１８,03-3710-7411,2024-12-01,,houkan,2026-08-01,https://www.fukushi.metro.tokyo.lg.jp/documents/d/fukushi/20260801_seishin_houkan-xlsx-xlsx
7393630,スターク訪問看護ステーション目黒,153-0051,目黒区,目黒区上目黒３－１－４　中目黒グリーンプラザビル５F,03-6303-4156,2021-03-01,,houkan,2026-08-01,https://www.fukushi.metro.tokyo.lg.jp/documents/d/fukushi/20260801_seishin_houkan-xlsx-xlsx
7393960,在宅看護センター ｎａｇｏｍｉ和セラピー,153-0061,目黒区,目黒区中目黒１－３－３　ＵＲＢＡＮ　ＲＥＳＯＲＴ代官山８Ｄ,03-6412-7041,2022-09-01,,houkan,2026-08-01,https://www.fukushi.metro.tokyo.lg.jp/documents/d/fukushi/20260801_seishin_houkan-xlsx-xlsx
7394125,フラッグ,152-0023,目黒区,目黒区八雲１－７－２１　第二ベルハウス４０１号室,03-6421-4355,2020-04-01,2026-04-01,houkan,2026-08-01,https://www.fukushi.metro.tokyo.lg.jp/documents/d/fukushi/20260801_seishin_houkan-xlsx-xlsx
7394653,ＧＩＶＥＲ訪問看護ステーション,152-0003,目黒区,目黒区鷹碑文谷４－２２－１　ＴＳ碑文谷２０２,03-6451-0210,2020-06-01,2026-06-01,houkan,2026-08-01,https://www.fukushi.metro.tokyo.lg.jp/documents/d/fukushi/20260801_seishin_houkan-xlsx-xlsx
7394828,アーム訪問看護ステーション祐天寺,153-0052,目黒区,目黒区祐天寺２－１５－１７,03-6303-2417,2020-09-01,,houkan,2026-08-01,https://www.fukushi.metro.tokyo.lg.jp/documents/d/fukushi/20260801_seishin_houkan-xlsx-xlsx
7395577,アクティブ歩行リハビリ訪問看護ステーション,153-0053,目黒区,目黒区五本木２－５－２３,03-5734-1224,2021-07-01,,houkan,2026-08-01,https://www.fukushi.metro.tokyo.lg.jp/documents/d/fukushi/20260801_seishin_houkan-xlsx-xlsx
7395742,訪問看護ステーションハートネット,153-0051,目黒区,目黒区大橋２－８－１８　グランドヒルズ１０２号,03-5465-2501,2020-04-01,2026-04-01,houkan,2026-08-01,https://www.fukushi.metro.tokyo.lg.jp/documents/d/fukushi/20260801_seishin_houkan-xlsx-xlsx
7395809,マイナビ訪問看護ステーション 自由が丘,152-0035,目黒区,目黒区自由が丘２－１６－１９　自由が丘メープル２階,03-6421-1091,2021-02-01,,houkan,2026-08-01,https://www.fukushi.metro.tokyo.lg.jp/documents/d/fukushi/20260801_seishin_houkan-xlsx-xlsx
7396070,アロハマナ訪問看護リハビリステーション,152-0003,目黒区,目黒区碑文谷４－２０－２０　第二ヴィラ碑文谷１０５,03-6420-3828,2021-05-01,,houkan,2026-08-01,https://www.fukushi.metro.tokyo.lg.jp/documents/d/fukushi/20260801_seishin_houkan-xlsx-xlsx
7396096,あいらく訪問看護ステーション,152-0002,目黒区,目黒区目黒本町５－３３－１３－１０２号,03-5708-5194,2021-07-01,,houkan,2026-08-01,https://www.fukushi.metro.tokyo.lg.jp/documents/d/fukushi/20260801_seishin_houkan-xlsx-xlsx
7396567,訪問看護ステーション ミューチュアルナーシング,152-0033,目黒区,目黒区大岡山１－３７－１３,03-6313-3503,2021-08-01,,houkan,2026-08-01,https://www.fukushi.metro.tokyo.lg.jp/documents/d/fukushi/20260801_seishin_houkan-xlsx-xlsx
7396864,訪問看護ステーションさくら,152-0004,目黒区,目黒区鷹番３－２３－２０　前田マンション１０２,03-6303-2325,2023-08-01,,houkan,2026-08-01,https://www.fukushi.metro.tokyo.lg.jp/documents/d/fukushi/20260801_seishin_houkan-xlsx-xlsx
7397607,むつみ訪問看護ステーション,152-0013,目黒区,目黒区南２－９－３－１０３,03-6421-2081,2022-11-01,,houkan,2026-08-01,https://www.fukushi.metro.tokyo.lg.jp/documents/d/fukushi/20260801_seishin_houkan-xlsx-xlsx
7399306,ファミリアナース訪問看護ステーション,153-0042,目黒区,目黒区青葉台３－１７－１１　２０２,03-5422-3596,2025-04-01,,houkan,2026-08-01,https://www.fukushi.metro.tokyo.lg.jp/documents/d/fukushi/20260801_seishin_houkan-xlsx-xlsx
7493927,ぽむ訪問看護,153-0042,目黒区,目黒区青葉台１－１３－４　ちとせマンション２０１号,03-6712-7584,2024-06-01,,houkan,2026-08-01,https://www.fukushi.metro.tokyo.lg.jp/documents/d/fukushi/20260801_seishin_houkan-xlsx-xlsx
7494925,アイジュ訪問看護ステーション,145-0062,目黒区,大田区北千束１－６８－３,03-6412-8692,2025-01-01,,houkan,2026-08-01,https://www.fukushi.metro.tokyo.lg.jp/documents/d/fukushi/20260801_seishin_houkan-xlsx-xlsx
7496557,訪問看護ステーションｉＴＳＵＭＯ,152-0002,目黒区,目黒区目黒本町５－２８－１４　シルバーヒルズ１０２,080-7614-0790,2025-12-01,,houkan,2026-08-01,https://www.fukushi.metro.tokyo.lg.jp/documents/d/fukushi/20260801_seishin_houkan-xlsx-xlsx
7496748,ロコ訪問看護ステーション,153-0042,目黒区,目黒区青葉台１－２３－５　第３０宮廷マンション４０５,03-3463-6565,2026-05-01,,houkan,2026-08-01,https://www.fukushi.metro.tokyo.lg.jp/documents/d/fukushi/20260801_seishin_houkan-xlsx-xlsx
7497977,ハレの木こども訪問看護ステーション,152-0032,目黒区,目黒区平町１－２２－１５　シャルマン都立大２０１,070-8944-8493,2026-08-01,,houkan,2026-08-01,https://www.fukushi.metro.tokyo.lg.jp/documents/d/fukushi/20260801_seishin_houkan-xlsx-xlsx
7497985,訪問看護ステーションデライト目黒,153-0052,目黒区,目黒区祐天寺１－１７－１４,03-5860-7185,2026-07-01,,houkan,2026-08-01,https://www.fukushi.metro.tokyo.lg.jp/documents/d/fukushi/20260801_seishin_houkan-xlsx-xlsx
7191331,おおもりまち訪問看護ステーション,143-0012,大田区,大田区大森東４－３－１１,03-3298-5057,2006-10-01,2024-10-01,houkan,2026-08-01,https://www.fukushi.metro.tokyo.lg.jp/documents/d/fukushi/20260801_seishin_houkan-xlsx-xlsx
7191497,牧田訪問看護ステーション,144-0051,大田区,大田区西蒲田４－２９－１,03-5748-5024,2019-10-01,2025-10-01,houkan,2026-08-01,https://www.fukushi.metro.tokyo.lg.jp/documents/d/fukushi/20260801_seishin_houkan-xlsx-xlsx
7191638,けいひん訪問看護ステーション,144-0045,大田区,大田区南六郷１－８－２,03-3730-1333,2006-10-01,2024-10-01,houkan,2026-08-01,https://www.fukushi.metro.tokyo.lg.jp/documents/d/fukushi/20260801_seishin_houkan-xlsx-xlsx
7191885,雪谷訪問看護ステーション,145-0067,大田区,大田区南雪谷２－１－１１　篠崎ビル３階,03-3729-3685,2007-02-01,2025-02-01,houkan,2026-08-01,https://www.fukushi.metro.tokyo.lg.jp/documents/d/fukushi/20260801_seishin_houkan-xlsx-xlsx
7192016,一般社団法人大森医師会 大森医師会立訪問看護ステーション,143-0024,大田区,大田区中央４－３１－１４　大森医師会館２階,03-3772-2406,2014-03-01,2026-03-01,houkan,2026-08-01,https://www.fukushi.metro.tokyo.lg.jp/documents/d/fukushi/20260801_seishin_houkan-xlsx-xlsx
7192057,田園調布医師会立訪問看護ステーション,145-0061,大田区,大田区石川町２－７－１,03-3728-7600,2007-02-01,2025-02-01,houkan,2026-08-01,https://www.fukushi.metro.tokyo.lg.jp/documents/d/fukushi/20260801_seishin_houkan-xlsx-xlsx
7195407,セコム大田訪問看護ステーション,144-0052,大田区,大田区蒲田１－３－２　第二遠藤ビル,03-5713-1762,2016-09-01,2022-09-01,houkan,2026-08-01,https://www.fukushi.metro.tokyo.lg.jp/documents/d/fukushi/20260801_seishin_houkan-xlsx-xlsx
7195738,山王リハビリ訪問看護ステーション,145-0065,大田区,大田区東雪谷１－１３－１　３階,03-5718-1365,2019-11-01,2025-11-01,houkan,2026-08-01,https://www.fukushi.metro.tokyo.lg.jp/documents/d/fukushi/20260801_seishin_houkan-xlsx-xlsx
7196066,中央リハ訪問看護ステーション,146-0082,大田区,大田区池上１－２８－１０堤方ビル３階,03-5747-2444,2018-10-01,2024-10-01,houkan,2026-08-01,https://www.fukushi.metro.tokyo.lg.jp/documents/d/fukushi/20260801_seishin_houkan-xlsx-xlsx
7196074,訪問看護リハビリステーションるな,144-0035,大田区,大田区南蒲田３－１－５,03-3744-2511,2009-09-01,2021-09-01,houkan,2026-08-01,https://www.fukushi.metro.tokyo.lg.jp/documents/d/fukushi/20260801_seishin_houkan-xlsx-xlsx
7196439,訪問看護ステーション アンティ,145-0063,大田区,大田区南千束１－３４－５,03-5754-6657,2008-09-01,2020-09-01,houkan,2026-08-01,https://www.fukushi.metro.tokyo.lg.jp/documents/d/fukushi/20260801_seishin_houkan-xlsx-xlsx
7197106,訪問看護ステーションワークスタッフ鵜の木,146-0091,大田区,大田区鵜の木２－１７－３　ライオンズマンション鵜の木１階,03-5741-8239,2010-06-01,2022-06-01,houkan,2026-08-01,https://www.fukushi.metro.tokyo.lg.jp/documents/d/fukushi/20260801_seishin_houkan-xlsx-xlsx
7197247,大森山王訪問看護ステーション,143-0023,大田区,大田区山王３－８－３　デンハウス大森山王１階,03-3773-0930,2010-04-01,2022-04-01,houkan,2026-08-01,https://www.fukushi.metro.tokyo.lg.jp/documents/d/fukushi/20260801_seishin_houkan-xlsx-xlsx
7198666,ソフィアメディ訪問看護ステーション山王,143-0023,大田区,大田区山王３－３２－１８　シエーネ山王１０１,03-5746-2012,2006-11-01,2024-11-01,houkan,2026-08-01,https://www.fukushi.metro.tokyo.lg.jp/documents/d/fukushi/20260801_seishin_houkan-xlsx-xlsx
7198781,月のうさぎ訪問看護リハビリステーション,146-0084,大田区,大田区南久が原２－１２－２　コペル久が原１階,03-6715-4332,2013-08-01,2025-08-01,houkan,2026-08-01,https://www.fukushi.metro.tokyo.lg.jp/documents/d/fukushi/20260801_seishin_houkan-xlsx-xlsx
7199276,そら訪問看護ステーション,143-0015,大田区,大田区大森西６－６－９,03-5767-2800,2019-02-01,2025-02-01,houkan,2026-08-01,https://www.fukushi.metro.tokyo.lg.jp/documents/d/fukushi/20260801_seishin_houkan-xlsx-xlsx
7199474,ナースステーションまどか,144-0051,大田区,大田区西蒲田６－２１－４　弘和ビル２階,03-5713-3628,2009-04-01,2021-04-01,houkan,2026-08-01,https://www.fukushi.metro.tokyo.lg.jp/documents/d/fukushi/20260801_seishin_houkan-xlsx-xlsx
7199490,ソフィアメディ訪問看護ステーション池上,146-0082,大田区,大田区池上６－４４－１０　アスコット池上２０１号室,03-5747-5020,2008-06-01,2026-06-01,houkan,2026-08-01,https://www.fukushi.metro.tokyo.lg.jp/documents/d/fukushi/20260801_seishin_houkan-xlsx-xlsx
7199763,蒲田クリニック訪問看護ステーション,144-0052,大田区,大田区蒲田５－４０－７　大塚ビル４０１,03-3737-3871,2011-02-01,2023-02-01,houkan,2026-08-01,https://www.fukushi.metro.tokyo.lg.jp/documents/d/fukushi/20260801_seishin_houkan-xlsx-xlsx
7199938,ソフィアメディ訪問看護ステーション雪谷,145-0066,大田区,大田区南雪谷２－１－１１　ＳＨビル３０１,03-5754-4325,2011-06-01,2017-06-01,houkan,2026-08-01,https://www.fukushi.metro.tokyo.lg.jp/documents/d/fukushi/20260801_seishin_houkan-xlsx-xlsx
7291172,トータルライフケア蒲田訪問看護ステーション,146-0095,大田区,大田区多摩川１－２６－１０,03-6424-8408,2016-03-01,2022-03-01,houkan,2026-08-01,https://www.fukushi.metro.tokyo.lg.jp/documents/d/fukushi/20260801_seishin_houkan-xlsx-xlsx
7291925,訪問看護ステーションデューン大森,144-0031,大田区,大田区東蒲田２－２－１２　翔侑啓ビル５０１号室,03-6404-9805,2011-11-01,2023-11-01,houkan,2026-08-01,https://www.fukushi.metro.tokyo.lg.jp/documents/d/fukushi/20260801_seishin_houkan-xlsx-xlsx
7292717,蒲田訪問看護ステーション,144-0035,大田区,大田区南蒲田２－７－４　加賀谷ビル２階,03-6715-8750,2024-03-01,,houkan,2026-08-01,https://www.fukushi.metro.tokyo.lg.jp/documents/d/fukushi/20260801_seishin_houkan-xlsx-xlsx
7292774,フクシア訪問看護ステーション,143-0023,大田区,大田区山王４－１８－１　１Ｆ,03-6429-9741,2013-07-01,2025-07-01,houkan,2026-08-01,https://www.fukushi.metro.tokyo.lg.jp/documents/d/fukushi/20260801_seishin_houkan-xlsx-xlsx
7293582,訪問看護ステーション スマイルケア,145-0065,大田区,大田区東雪谷２－７－５　東興ビル１階,03-5754-5163,2017-09-01,2023-09-01,houkan,2026-08-01,https://www.fukushi.metro.tokyo.lg.jp/documents/d/fukushi/20260801_seishin_houkan-xlsx-xlsx
7293855,あい訪問看護リハビリステーション大田区,146-0095,大田区,大田区多摩川２－５－１１　鈴木ビル１階,03-5732-5150,2014-08-01,2020-08-01,houkan,2026-08-01,https://www.fukushi.metro.tokyo.lg.jp/documents/d/fukushi/20260801_seishin_houkan-xlsx-xlsx
7294432,あすリハ訪問看護ステーション,144-0055,大田区,大田区仲六郷１－１１－１４　青木ビル２階,03-6715-7692,2016-05-01,2022-05-01,houkan,2026-08-01,https://www.fukushi.metro.tokyo.lg.jp/documents/d/fukushi/20260801_seishin_houkan-xlsx-xlsx
7295470,クローバースマイル訪問看護ステーション,144-0051,大田区,大田区西蒲田５－１６－３,03-6424-7222,2017-12-01,2023-12-01,houkan,2026-08-01,https://www.fukushi.metro.tokyo.lg.jp/documents/d/fukushi/20260801_seishin_houkan-xlsx-xlsx
7295496,訪問看護ステーション結,145-0062,大田区,大田区北千束１－５４－６杉山ビル１階,03-6421-3225,2016-05-01,2022-05-01,houkan,2026-08-01,https://www.fukushi.metro.tokyo.lg.jp/documents/d/fukushi/20260801_seishin_houkan-xlsx-xlsx
7295942,サンケア・イーライフ訪問看護ステーション,145-0071,大田区,大田区田園調布１－１４－５　武井ビル１階,03-6425-9997,2018-06-01,2024-06-01,houkan,2026-08-01,https://www.fukushi.metro.tokyo.lg.jp/documents/d/fukushi/20260801_seishin_houkan-xlsx-xlsx
7296742,わがや訪問看護リハビリステーション雪谷,145-0072,大田区,大田区田園調布本町１３－５,03-6451-7555,2022-10-01,,houkan,2026-08-01,https://www.fukushi.metro.tokyo.lg.jp/documents/d/fukushi/20260801_seishin_houkan-xlsx-xlsx
7297609,ファミリークリニック蒲田訪問看護ステーション,144-0052,大田区,大田区蒲田４－３７－１４　２階,03-5744-3361,2016-09-01,2022-09-01,houkan,2026-08-01,https://www.fukushi.metro.tokyo.lg.jp/documents/d/fukushi/20260801_seishin_houkan-xlsx-xlsx
7297963,Cure Eir.com,146-0082,大田区,大田区池上４－１６－８　３Ｆ,03-6410-2993,2018-05-01,2024-05-01,houkan,2026-08-01,https://www.fukushi.metro.tokyo.lg.jp/documents/d/fukushi/20260801_seishin_houkan-xlsx-xlsx
7298045,ガイア訪問看護ステーション 蒲田,144-0051,大田区,大田区西蒲田７－１２－６　蓮沼パークハイツ９０１,03-6428-6302,2022-12-01,,houkan,2026-08-01,https://www.fukushi.metro.tokyo.lg.jp/documents/d/fukushi/20260801_seishin_houkan-xlsx-xlsx
7298144,ソフィアメディ訪問看護ステーション矢口,146-0092,大田区,大田区下丸子３－８－１４　スペースビル２階,03-5741-2150,2017-02-01,2023-02-01,houkan,2026-08-01,https://www.fukushi.metro.tokyo.lg.jp/documents/d/fukushi/20260801_seishin_houkan-xlsx-xlsx
7391246,在宅看護センターひまわり,144-0055,大田区,大田区仲六郷２－８－１０ＴＯＩＳＨＩ　１０２,03-6424-8830,2018-06-01,2024-06-01,houkan,2026-08-01,https://www.fukushi.metro.tokyo.lg.jp/documents/d/fukushi/20260801_seishin_houkan-xlsx-xlsx
7391253,あいりす訪問看護ステーション,143-0026,大田区,大田区西馬込１－３２－１５　共信ビル３０３,03-6429-7111,2018-04-01,2024-04-01,houkan,2026-08-01,https://www.fukushi.metro.tokyo.lg.jp/documents/d/fukushi/20260801_seishin_houkan-xlsx-xlsx
7391279,訪問看護ステーションそらまめ,143-0021,大田区,大田区上池台２－１－１１グラスビル洗足池１０１,03-6429-8611,2018-08-01,2024-08-01,houkan,2026-08-01,https://www.fukushi.metro.tokyo.lg.jp/documents/d/fukushi/20260801_seishin_houkan-xlsx-xlsx
7391451,訪問看護事業所アイケア蒲田,144-0052,大田区,大田区蒲田３－２３－７　松本ビル２階,03-3738-2945,2018-11-01,2024-11-01,houkan,2026-08-01,https://www.fukushi.metro.tokyo.lg.jp/documents/d/fukushi/20260801_seishin_houkan-xlsx-xlsx
7392525,ソフィアメディ訪問看護ステーション大鳥居,144-0034,大田区,大田区西糀谷３－３６－８　リーベン滑川４階,03-5735-7570,2019-01-01,2025-01-01,houkan,2026-08-01,https://www.fukushi.metro.tokyo.lg.jp/documents/d/fukushi/20260801_seishin_houkan-xlsx-xlsx
7392699,訪問看護ステーションセントラル大森西,143-0015,大田区,大田区大森西４－３－５　３０７,03-5763-5511,2024-12-01,,houkan,2026-08-01,https://www.fukushi.metro.tokyo.lg.jp/documents/d/fukushi/20260801_seishin_houkan-xlsx-xlsx
7392798,訪問ステーションてとてと大岡山,145-0062,大田区,大田区北千束３－１６－１９　カーサ大岡山１０４号室,03-5754-7100,2019-09-01,2025-09-01,houkan,2026-08-01,https://www.fukushi.metro.tokyo.lg.jp/documents/d/fukushi/20260801_seishin_houkan-xlsx-xlsx
7392954,訪問看護ステーションナスリ,145-0064,大田区,大田区上池台１－１２－４　小西ビル１０２,03-6426-2696,2019-04-01,2025-04-01,houkan,2026-08-01,https://www.fukushi.metro.tokyo.lg.jp/documents/d/fukushi/20260801_seishin_houkan-xlsx-xlsx
7393341,京浜病院訪問看護ステーションよろこび,143-0013,大田区,大田区大森南１－１６－３　マンション奥島３階３０４号,03-6423-2131,2025-01-01,,houkan,2026-08-01,https://www.fukushi.metro.tokyo.lg.jp/documents/d/fukushi/20260801_seishin_houkan-xlsx-xlsx
7393788,訪問看護ステーション コルディアーレ大田,144-0051,大田区,大田区西蒲田８－２０－６　アポロアパートメント２Ｂ,03-6715-7901,2018-07-01,2024-07-01,houkan,2026-08-01,https://www.fukushi.metro.tokyo.lg.jp/documents/d/fukushi/20260801_seishin_houkan-xlsx-xlsx
7393978,ルピナス訪問看護リハビリステーション,143-0016,大田区,大田区大森北４－７－１５メルシィ城南２０１,03-6423-1086,2020-02-01,2026-02-01,houkan,2026-08-01,https://www.fukushi.metro.tokyo.lg.jp/documents/d/fukushi/20260801_seishin_houkan-xlsx-xlsx
7394224,ソフィアメディ訪問看護ステーション西馬込,143-0025,大田区,大田区南馬込５－３５－９,03-5746-6219,2020-03-01,2026-03-01,houkan,2026-08-01,https://www.fukushi.metro.tokyo.lg.jp/documents/d/fukushi/20260801_seishin_houkan-xlsx-xlsx
7394232,あげいん訪問看護,145-0065,大田区,大田区東雪谷５－２－８,03-6451-7899,2020-05-01,2026-05-01,houkan,2026-08-01,https://www.fukushi.metro.tokyo.lg.jp/documents/d/fukushi/20260801_seishin_houkan-xlsx-xlsx
7394497,みんなのしあわせ訪問看護リハビリステーション,144-0034,大田区,大田区西糀谷４－２６－８　エクセルエイト３０６,03-6423-6680,2020-06-01,2026-06-01,houkan,2026-08-01,https://www.fukushi.metro.tokyo.lg.jp/documents/d/fukushi/20260801_seishin_houkan-xlsx-xlsx
7394505,絆訪問看護ステーション羽田,144-0035,大田区,大田区南蒲田１－１－２３　夫婦橋ビル５階,03-6428-6270,2020-04-01,2026-04-01,houkan,2026-08-01,https://www.fukushi.metro.tokyo.lg.jp/documents/d/fukushi/20260801_seishin_houkan-xlsx-xlsx
7394778,あいず訪問看護ステーション大森,143-0016,大田区,大田区大森北４－１２－３　ＣＡＳＡ・Ｋ３階Ｂ　号,03-6436-8491,2020-06-01,2026-06-01,houkan,2026-08-01,https://www.fukushi.metro.tokyo.lg.jp/documents/d/fukushi/20260801_seishin_houkan-xlsx-xlsx
7394935,訪問看護ステーション オレンジ,143-0016,大田区,大田区大森北２－３－１６　第一かぎわだビル５階,03-6410-8942,2020-08-01,,houkan,2026-08-01,https://www.fukushi.metro.tokyo.lg.jp/documents/d/fukushi/20260801_seishin_houkan-xlsx-xlsx
7395247,訪問看護ステーション くるみ,143-0021,大田区,大田区北馬込１－３２－１７,03-6410-7377,2020-11-01,,houkan,2026-08-01,https://www.fukushi.metro.tokyo.lg.jp/documents/d/fukushi/20260801_seishin_houkan-xlsx-xlsx
7395817,ハーネス訪問看護ステーション,145-0063,大田区,大田区南千束１－７－２１　レミネハイム１０３,03-6425-8634,2021-04-01,,houkan,2026-08-01,https://www.fukushi.metro.tokyo.lg.jp/documents/d/fukushi/20260801_seishin_houkan-xlsx-xlsx
7396104,訪問看護ＡＩナース,146-0092,大田区,大田区下丸子４－１９－７　ジョイナリー下丸子１０１,03-5755-3700,2021-04-01,,houkan,2026-08-01,https://www.fukushi.metro.tokyo.lg.jp/documents/d/fukushi/20260801_seishin_houkan-xlsx-xlsx
7396112,ソフィアメディ訪問看護ステーション大森町,143-0015,大田区,大田区大森西５－３－１１グランメゾンタムラ１Ｆ,03-6423-0513,2021-04-01,,houkan,2026-08-01,https://www.fukushi.metro.tokyo.lg.jp/documents/d/fukushi/20260801_seishin_houkan-xlsx-xlsx
7396336,はる訪問看護ステーション,144-0052,大田区,大田区蒲田１－２３－１７　１０２,03-6424-5190,2021-06-01,,houkan,2026-08-01,https://www.fukushi.metro.tokyo.lg.jp/documents/d/fukushi/20260801_seishin_houkan-xlsx-xlsx
7396344,和らいず訪問看護ステーション,146-0082,大田区,大田区池上７－６－５　ボニータビル２階,03-6410-9877,2021-06-01,,houkan,2026-08-01,https://www.fukushi.metro.tokyo.lg.jp/documents/d/fukushi/20260801_seishin_houkan-xlsx-xlsx
7396427,ハートウォーム訪問看護リハビリステーション,143-0023,大田区,大田区山王３－３０－８　ホームズ山王１０５,03-6429-8308,2021-07-01,,houkan,2026-08-01,https://www.fukushi.metro.tokyo.lg.jp/documents/d/fukushi/20260801_seishin_houkan-xlsx-xlsx
7396880,よぞら訪問看護ステーション,144-0052,大田区,大田区蒲田２－５－５ヴィラプルグノⅡ４０３,03-6424-7972,2021-11-01,,houkan,2026-08-01,https://www.fukushi.metro.tokyo.lg.jp/documents/d/fukushi/20260801_seishin_houkan-xlsx-xlsx
7396880,よぞら訪問看護ステーション,144-0052,大田区,大田区蒲田２－５－５　ヴィラプルグノⅡ４０３,03-6424-7972,2021-10-01,,houkan,2026-08-01,https://www.fukushi.metro.tokyo.lg.jp/documents/d/fukushi/20260801_seishin_houkan-xlsx-xlsx
7397052,わくわく訪問看護ステーション,144-0052,大田区,大田区蒲田５－２６－８　アーデル蒲田４０３号室,03-6820-0675,2022-06-01,,houkan,2026-08-01,https://www.fukushi.metro.tokyo.lg.jp/documents/d/fukushi/20260801_seishin_houkan-xlsx-xlsx
7397060,アエルバ訪問看護ステーション,143-0016,大田区,大田区大森北６－２３－２２－３Ｆ,03-6423-0373,2021-11-01,,houkan,2026-08-01,https://www.fukushi.metro.tokyo.lg.jp/documents/d/fukushi/20260801_seishin_houkan-xlsx-xlsx
7397979,カラーズ訪問看護ステーション,143-0015,大田区,大田区大森西３－１９－２１,03-5763-5155,2022-04-01,,houkan,2026-08-01,https://www.fukushi.metro.tokyo.lg.jp/documents/d/fukushi/20260801_seishin_houkan-xlsx-xlsx
7397987,訪問看護ステーション かなで,143-0024,大田区,大田区中央３－２８－７－２Ｆ,03-6417-1418,2022-04-01,,houkan,2026-08-01,https://www.fukushi.metro.tokyo.lg.jp/documents/d/fukushi/20260801_seishin_houkan-xlsx-xlsx
7397995,訪問看護ステーションらんぷ,145-0071,大田区,大田区田園調布５－４５－１０,03-6715-6240,2025-02-01,,houkan,2026-08-01,https://www.fukushi.metro.tokyo.lg.jp/documents/d/fukushi/20260801_seishin_houkan-xlsx-xlsx
7398209,あらい訪問看護ステーション,144-0033,大田区,大田区東糀谷１－１３－２１,03-6423-2701,2022-09-01,,houkan,2026-08-01,https://www.fukushi.metro.tokyo.lg.jp/documents/d/fukushi/20260801_seishin_houkan-xlsx-xlsx
7398332,訪問看護ステーション はな 蒲田,144-0051,大田区,大田区西蒲田５－１９－９　島田ビル１０２,03-6820-0536,2022-08-01,,houkan,2026-08-01,https://www.fukushi.metro.tokyo.lg.jp/documents/d/fukushi/20260801_seishin_houkan-xlsx-xlsx
7398340,ペンギン訪問看護ステーション大田区,146-0084,大田区,大田区南久が原２－１－２１　ハビックス久ヶ原１０２号室,03-6410-6881,2022-09-01,,houkan,2026-08-01,https://www.fukushi.metro.tokyo.lg.jp/documents/d/fukushi/20260801_seishin_houkan-xlsx-xlsx
7398514,メディクロコ訪問看護ステーション,144-0033,大田区,大田区東糀谷３－５－１２　ホームビル１階,03-6715-1460,2022-11-01,,houkan,2026-08-01,https://www.fukushi.metro.tokyo.lg.jp/documents/d/fukushi/20260801_seishin_houkan-xlsx-xlsx
7398522,訪問看護 いと,143-0024,大田区,大田区中央８－１３－１０　コーポふじ１階,03-6410-9511,2022-08-01,,houkan,2026-08-01,https://www.fukushi.metro.tokyo.lg.jp/documents/d/fukushi/20260801_seishin_houkan-xlsx-xlsx
7399173,訪問看護ステーション いち凛,143-0015,大田区,大田区大森西３－２１－１８,03-6436-8812,2022-12-01,,houkan,2026-08-01,https://www.fukushi.metro.tokyo.lg.jp/documents/d/fukushi/20260801_seishin_houkan-xlsx-xlsx
7399546,バンビ訪問看護ステーション大田区,144-0046,大田区,大田区東六郷２－１５－３－１０５,03-6715-9566,2023-05-01,,houkan,2026-08-01,https://www.fukushi.metro.tokyo.lg.jp/documents/d/fukushi/20260801_seishin_houkan-xlsx-xlsx
7399843,つくし訪問看護ステーション,143-0016,大田区,大田区大森北３－２－６,03-6436-8837,2023-04-01,,houkan,2026-08-01,https://www.fukushi.metro.tokyo.lg.jp/documents/d/fukushi/20260801_seishin_houkan-xlsx-xlsx
7491210,大田池上訪問看護ステーション,146-0082,大田区,大田区池上３－２８－１４　フォレスト・ガイア１階,03-3752-0151,2008-02-01,2026-02-01,houkan,2026-08-01,https://www.fukushi.metro.tokyo.lg.jp/documents/d/fukushi/20260801_seishin_houkan-xlsx-xlsx
7491228,ナスコ訪問看護リハビリステーション,143-0024,大田区,大田区中央４－３０－１０　ＲＯＵＮＤ，中央１階・２階,03-6429-2828,2014-09-01,2020-09-01,houkan,2026-08-01,https://www.fukushi.metro.tokyo.lg.jp/documents/d/fukushi/20260801_seishin_houkan-xlsx-xlsx
7491475,訪問看護ステーションｈａｒｕ ｓｔｙｌｅ大田池上,146-0082,大田区,大田区池上４－３２－９　ｔｒｉａｓ４３２　１０３号,03-6824-5457,2023-07-01,,houkan,2026-08-01,https://www.fukushi.metro.tokyo.lg.jp/documents/d/fukushi/20260801_seishin_houkan-xlsx-xlsx
7491889,訪問看護ステーション デライト雪が谷,145-0066,大田区,大田区南雪谷４－５－３　多田ビル１階Ｂ区画,03-6421-9090,2023-08-01,,houkan,2026-08-01,https://www.fukushi.metro.tokyo.lg.jp/documents/d/fukushi/20260801_seishin_houkan-xlsx-xlsx
7492168,訪問看護ステーションはな平和島,143-0015,大田区,大田区大森西２－６－５,03-6824-5595,2023-10-01,,houkan,2026-08-01,https://www.fukushi.metro.tokyo.lg.jp/documents/d/fukushi/20260801_seishin_houkan-xlsx-xlsx
7492390,訪問看護ステーション デライト蒲田,144-0052,大田区,大田区蒲田５－４６－１１　蒲燃ビル２０１,03-6424-9510,2018-01-01,2024-01-01,houkan,2026-08-01,https://www.fukushi.metro.tokyo.lg.jp/documents/d/fukushi/20260801_seishin_houkan-xlsx-xlsx
7492945,キュエル訪問看護ステーション,146-0095,大田区,大田区多摩川２－３－６　アネックス２０２,03-6715-0930,2024-03-01,,houkan,2026-08-01,https://www.fukushi.metro.tokyo.lg.jp/documents/d/fukushi/20260801_seishin_houkan-xlsx-xlsx
7493521,訪問看護ステーションデューン大森北,143-0016,大田区,大田区大森北３－４－１１　三笠ビル３階,03-6450-0661,2024-04-01,,houkan,2026-08-01,https://www.fukushi.metro.tokyo.lg.jp/documents/d/fukushi/20260801_seishin_houkan-xlsx-xlsx
7493539,みなみ訪問看護リハビリステーション,144-0035,大田区,大田区南蒲田１－６－１０　グレースいしかわ１０３,03-6424-4766,2024-05-01,,houkan,2026-08-01,https://www.fukushi.metro.tokyo.lg.jp/documents/d/fukushi/20260801_seishin_houkan-xlsx-xlsx
7493547,訪問看護ステーションひらそる,143-0015,大田区,大田区大森西７－６－４,03-6404-8174,2024-04-01,,houkan,2026-08-01,https://www.fukushi.metro.tokyo.lg.jp/documents/d/fukushi/20260801_seishin_houkan-xlsx-xlsx
7493943,メディアス訪問看護ステーション,146-0095,大田区,大田区多摩川１－１７－５　スマートＶＩＬＬＡ多摩川１０１,03-6715-2582,2024-11-01,,houkan,2026-08-01,https://www.fukushi.metro.tokyo.lg.jp/documents/d/fukushi/20260801_seishin_houkan-xlsx-xlsx
7494420,株式会社仁済訪問看護ステーション蒲田,144-0052,大田区,大田区蒲田３－１５－１２　蒲田３丁目事務所,03-6428-6215,2024-10-01,,houkan,2026-08-01,https://www.fukushi.metro.tokyo.lg.jp/documents/d/fukushi/20260801_seishin_houkan-xlsx-xlsx
7494719,訪問看護ステーションデライト大森,143-0023,大田区,大田区山王３－１－１１　Ａ．Ｉ．ビル２階,03-5728-9620,2024-11-01,,houkan,2026-08-01,https://www.fukushi.metro.tokyo.lg.jp/documents/d/fukushi/20260801_seishin_houkan-xlsx-xlsx
7495484,大田ケア訪問看護ステーション,146-0084,大田区,大田区南久が原２－６－３　第３雄喜コーポ,03-6715-0360,2025-04-01,,houkan,2026-08-01,https://www.fukushi.metro.tokyo.lg.jp/documents/d/fukushi/20260801_seishin_houkan-xlsx-xlsx
7495492,訪問看護ステーションあんじゅ,143-0023,大田区,大田区山王３－３５－７　八景坂マンション３０１,03-4500-8951,2025-04-01,,houkan,2026-08-01,https://www.fukushi.metro.tokyo.lg.jp/documents/d/fukushi/20260801_seishin_houkan-xlsx-xlsx
7496318,池上あおい訪問看護ステーション,146-0082,大田区,大田区池上８－８－８　Ｐｅｒｉｄｏｔ１０１,03-6410-4746,2025-10-01,,houkan,2026-08-01,https://www.fukushi.metro.tokyo.lg.jp/documents/d/fukushi/20260801_seishin_houkan-xlsx-xlsx
7496565,コレゾ訪問看護ステーション,145-0064,大田区,大田区上池台１－３２－５　３０３,03-6425-9614,2025-10-01,,houkan,2026-08-01,https://www.fukushi.metro.tokyo.lg.jp/documents/d/fukushi/20260801_seishin_houkan-xlsx-xlsx
7497290,メディカルライブラリ東京訪問看護事業所,143-0016,大田区,大田区大森北４－２０－４　桜ハイツ２０２号,03-6271-6212,2026-07-01,,houkan,2026-08-01,https://www.fukushi.metro.tokyo.lg.jp/documents/d/fukushi/20260801_seishin_houkan-xlsx-xlsx
7191430,成城訪問看護ステーション,157-0066,世田谷区,世田谷区成城６－１３－１７,03-3482-0088,2014-03-01,2026-03-01,houkan,2026-08-01,https://www.fukushi.metro.tokyo.lg.jp/documents/d/fukushi/20260801_seishin_houkan-xlsx-xlsx
7191539,訪問看護ステーションけやき,154-0017,世田谷区,世田谷区世田谷１－２３－２,03-5450-8806,2007-01-01,2025-01-01,houkan,2026-08-01,https://www.fukushi.metro.tokyo.lg.jp/documents/d/fukushi/20260801_seishin_houkan-xlsx-xlsx
7191547,訪問看護ステーション芦花,157-0063,世田谷区,世田谷区粕谷２－２３－１,03-5317-1096,2007-01-01,2025-01-01,houkan,2026-08-01,https://www.fukushi.metro.tokyo.lg.jp/documents/d/fukushi/20260801_seishin_houkan-xlsx-xlsx
7192610,訪問看護ステーション北沢,156-0042,世田谷区,世田谷区羽根木１－３１－２１　ドクターズプラザ羽根木２階,03-5355-6200,2007-01-01,2025-01-01,houkan,2026-08-01,https://www.fukushi.metro.tokyo.lg.jp/documents/d/fukushi/20260801_seishin_houkan-xlsx-xlsx
7193055,克歩訪問看護ステーション,154-0017,世田谷区,世田谷区世田谷１－３２－４　２０４号室,03-54541-8511,2014-08-01,2020-08-01,houkan,2026-08-01,https://www.fukushi.metro.tokyo.lg.jp/documents/d/fukushi/20260801_seishin_houkan-xlsx-xlsx
7193766,医療法人財団青葉会 太子堂訪問看護ステーション,154-0004,世田谷区,世田谷区太子堂２－１３－１７,03-5481-8111,2017-10-01,,houkan,2026-08-01,https://www.fukushi.metro.tokyo.lg.jp/documents/d/fukushi/20260801_seishin_houkan-xlsx-xlsx
7194558,医療法人社団多聞会 訪問看護ステーションこあら,154-0017,世田谷区,世田谷区世田谷１－４２－１１　２階,03-3706-8133,2018-02-01,2024-02-01,houkan,2026-08-01,https://www.fukushi.metro.tokyo.lg.jp/documents/d/fukushi/20260801_seishin_houkan-xlsx-xlsx
7195027,メディカル・ハンプ訪問看護ステーション,157-0062,世田谷区,世田谷区南烏山５－２３－１１　エビスビル１階,03-3326-5409,2008-04-01,2026-04-01,houkan,2026-08-01,https://www.fukushi.metro.tokyo.lg.jp/documents/d/fukushi/20260801_seishin_houkan-xlsx-xlsx
7196017,セコム世田谷訪問看護ステーション,156-0043,世田谷区,世田谷区松原１－４６－９　ＯＨＲＥＭ明大前ビル３０１,03-5329-0761,2007-06-01,2025-06-01,houkan,2026-08-01,https://www.fukushi.metro.tokyo.lg.jp/documents/d/fukushi/20260801_seishin_houkan-xlsx-xlsx
7196298,トータルライフケア奥沢訪問看護ステーション,158-0083,世田谷区,世田谷区奥沢３－４５－６,03-5754-2879,2008-08-01,2020-08-01,houkan,2026-08-01,https://www.fukushi.metro.tokyo.lg.jp/documents/d/fukushi/20260801_seishin_houkan-xlsx-xlsx
7197585,ソフィアメディ訪問看護ステーション自由が丘,158-0083,世田谷区,世田谷区奥沢７－３３－２　アーバンコート自由が丘２０１,03-5758-7263,2007-07-01,2025-07-01,houkan,2026-08-01,https://www.fukushi.metro.tokyo.lg.jp/documents/d/fukushi/20260801_seishin_houkan-xlsx-xlsx
7197858,そよかぜ訪問看護ステーション上北沢,156-0057,世田谷区,世田谷区上北沢４－１６－１１　４階,03-5316-5260,2007-01-01,2025-01-01,houkan,2026-08-01,https://www.fukushi.metro.tokyo.lg.jp/documents/d/fukushi/20260801_seishin_houkan-xlsx-xlsx
7198153,ソフィアメディ訪問看護ステーション三宿・三茶,154-0004,世田谷区,世田谷区太子堂４－３０－２２　Ｋ’ｓアパートメント２０２,03-5431-5204,2010-07-01,2022-07-01,houkan,2026-08-01,https://www.fukushi.metro.tokyo.lg.jp/documents/d/fukushi/20260801_seishin_houkan-xlsx-xlsx
7198955,ソフィアメディ訪問看護ステーション用賀,158-0097,世田谷区,世田谷区玉川台２－２２－２０　イイダアネックス７　３０４号,03-3707-1501,2011-06-01,2017-06-01,houkan,2026-08-01,https://www.fukushi.metro.tokyo.lg.jp/documents/d/fukushi/20260801_seishin_houkan-xlsx-xlsx
7199177,訪問看護ステーション しもきたざわ,155-0033,世田谷区,世田谷区代田６－６－９　アルコープ下北沢Ｂ１,03-3468-0369,2012-03-01,2024-03-01,houkan,2026-08-01,https://www.fukushi.metro.tokyo.lg.jp/documents/d/fukushi/20260801_seishin_houkan-xlsx-xlsx
7199722,ソフィアメディ訪問看護ステーション経堂,156-0051,世田谷区,世田谷区宮坂３－１２－１７　ＨＬビル５階,03-5450-3156,2011-06-01,2017-06-01,houkan,2026-08-01,https://www.fukushi.metro.tokyo.lg.jp/documents/d/fukushi/20260801_seishin_houkan-xlsx-xlsx
7291180,ソフィアメディ訪問看護ステーション成城,157-0066,世田谷区,世田谷区成城２－３６－１７　ＤＵＰＬＥＸ成城１階,03-5727-9215,2011-04-01,2023-04-01,houkan,2026-08-01,https://www.fukushi.metro.tokyo.lg.jp/documents/d/fukushi/20260801_seishin_houkan-xlsx-xlsx
7291610,グリーンメディ訪問看護ステーション明大前,156-0043,世田谷区,世田谷区松原２－４２－９　美鈴Ｎビル４０２号室,03-6770-5338,2007-10-01,2025-10-01,houkan,2026-08-01,https://www.fukushi.metro.tokyo.lg.jp/documents/d/fukushi/20260801_seishin_houkan-xlsx-xlsx
7291792,みなみ東京訪問看護ステーション,154-0002,世田谷区,世田谷区下馬６－１２－１５　２階,03-6303-1301,2012-05-01,2024-05-01,houkan,2026-08-01,https://www.fukushi.metro.tokyo.lg.jp/documents/d/fukushi/20260801_seishin_houkan-xlsx-xlsx
7291875,トータルライフケア用賀訪問看護ステーション,158-0097,世田谷区,世田谷区用賀２－２９－１６－１０１,03-5797-9081,2016-03-01,2022-03-01,houkan,2026-08-01,https://www.fukushi.metro.tokyo.lg.jp/documents/d/fukushi/20260801_seishin_houkan-xlsx-xlsx
7292196,医療法人社団輝生会 訪問看護ステーション成城リハケア,157-0072,世田谷区,世田谷区祖師谷３－８－７　ガーデン成城ビル１階,03-5429-8300,2015-12-01,2021-12-01,houkan,2026-08-01,https://www.fukushi.metro.tokyo.lg.jp/documents/d/fukushi/20260801_seishin_houkan-xlsx-xlsx
7292360,医療法人社団プラタナス ナースケア・リビング世田谷中町,158-0091,世田谷区,世田谷区中町５－９－９　４Ｆ,03-6411-6422,2021-06-01,,houkan,2026-08-01,https://www.fukushi.metro.tokyo.lg.jp/documents/d/fukushi/20260801_seishin_houkan-xlsx-xlsx
7292782,訪問看護ステーション三軒茶屋,154-0004,世田谷区,世田谷区太子堂２－４－１６　テラスコート三軒茶屋２０１,03-5779-9085,2013-03-01,2025-03-01,houkan,2026-08-01,https://www.fukushi.metro.tokyo.lg.jp/documents/d/fukushi/20260801_seishin_houkan-xlsx-xlsx
7293335,ノーツ訪問看護ステーション,155-0032,世田谷区,世田谷区代沢４－４３－７,03-6453-2712,2015-06-01,2021-06-01,houkan,2026-08-01,https://www.fukushi.metro.tokyo.lg.jp/documents/d/fukushi/20260801_seishin_houkan-xlsx-xlsx
7293442,せたがや訪問看護ステーション,154-0017,世田谷区,世田谷区世田谷３－３－３　グランドステータス世田谷２階,03-6413-7393,2013-10-01,2025-10-01,houkan,2026-08-01,https://www.fukushi.metro.tokyo.lg.jp/documents/d/fukushi/20260801_seishin_houkan-xlsx-xlsx
7293483,ソフィアメディ訪問看護ステーション芦花公園,157-0062,世田谷区,世田谷区南烏山３－２１－１１ヴェルディ南烏山３階,03-5315-9525,2013-12-01,2025-12-01,houkan,2026-08-01,https://www.fukushi.metro.tokyo.lg.jp/documents/d/fukushi/20260801_seishin_houkan-xlsx-xlsx
7293616,株式会社 東京精神訪問看護ステーション,156-0041,世田谷区,世田谷区大原１－４７－１５　レスポワール大原２０２,03-6804-9700,2014-01-01,2026-01-01,houkan,2026-08-01,https://www.fukushi.metro.tokyo.lg.jp/documents/d/fukushi/20260801_seishin_houkan-xlsx-xlsx
7293863,医療法人社団美誠会 訪問看護ステーション サンセール世田谷大蔵,157-0074,世田谷区,世田谷区大蔵１－３－２２,03-5727-9535,2020-03-01,2026-03-01,houkan,2026-08-01,https://www.fukushi.metro.tokyo.lg.jp/documents/d/fukushi/20260801_seishin_houkan-xlsx-xlsx
7294051,訪問看護ステーション ノテ東京,158-0081,世田谷区,世田谷区深沢７－１７－２０,03-6432-3893,2017-02-01,2023-02-01,houkan,2026-08-01,https://www.fukushi.metro.tokyo.lg.jp/documents/d/fukushi/20260801_seishin_houkan-xlsx-xlsx
7294382,アイ・ケア訪問看護リハビリステーション,157-0066,世田谷区,世田谷区成城２－５－６　２階,03-5494-5055,2015-05-01,2021-05-01,houkan,2026-08-01,https://www.fukushi.metro.tokyo.lg.jp/documents/d/fukushi/20260801_seishin_houkan-xlsx-xlsx
7294853,指定訪問看護 アットリハ若林,154-0023,世田谷区,世田谷区若林２－１７－９　第２エメラルド青木ビル３０１号,03-5787-5193,2015-07-01,2021-07-01,houkan,2026-08-01,https://www.fukushi.metro.tokyo.lg.jp/documents/d/fukushi/20260801_seishin_houkan-xlsx-xlsx
7295769,ホームナーシングモア世田谷用賀,158-0096,世田谷区,世田谷区玉川台２－１７－２,03-6805-7138,2015-12-01,2021-12-01,houkan,2026-08-01,https://www.fukushi.metro.tokyo.lg.jp/documents/d/fukushi/20260801_seishin_houkan-xlsx-xlsx
7296148,訪問看護ステーションデューン世田谷,154-0001,世田谷区,世田谷区池尻３－２２－４　池尻大橋ビル５Ｆ,03-6450-8515,2015-08-01,2021-08-01,houkan,2026-08-01,https://www.fukushi.metro.tokyo.lg.jp/documents/d/fukushi/20260801_seishin_houkan-xlsx-xlsx
7296155,ソフィアメディ訪問看護ステーション二子玉川,158-0094,世田谷区,世田谷区玉川４－８－７,03-5797-5140,2015-09-01,2021-09-01,houkan,2026-08-01,https://www.fukushi.metro.tokyo.lg.jp/documents/d/fukushi/20260801_seishin_houkan-xlsx-xlsx
7296593,ナーシングケア自由ヶ丘,158-0082,世田谷区,世田谷区奥沢５－３３－１３　サロン・ド・テ自由が丘２Ｆ,03-5755-5603,2018-11-01,2024-11-01,houkan,2026-08-01,https://www.fukushi.metro.tokyo.lg.jp/documents/d/fukushi/20260801_seishin_houkan-xlsx-xlsx
7297039,あむ訪問看護ステーション,156-0052,世田谷区,世田谷区経堂２－６－６小松ビル２Ｆ,03-6304-3090,2016-04-01,2022-04-01,houkan,2026-08-01,https://www.fukushi.metro.tokyo.lg.jp/documents/d/fukushi/20260801_seishin_houkan-xlsx-xlsx
7297047,おうちのカンゴ,154-0016,世田谷区,世田谷区弦巻５－１７－１０　弦巻５丁目戸建Ｂ,03-6413-1742,2016-05-01,2022-05-01,houkan,2026-08-01,https://www.fukushi.metro.tokyo.lg.jp/documents/d/fukushi/20260801_seishin_houkan-xlsx-xlsx
7297062,りはっぴぃの訪問看護,154-0014,世田谷区,世田谷区新町２－３５－２７,03-6413-6690,2016-07-01,2022-07-01,houkan,2026-08-01,https://www.fukushi.metro.tokyo.lg.jp/documents/d/fukushi/20260801_seishin_houkan-xlsx-xlsx
7297377,訪問看護リハビリステーション七つの海,158-0093,世田谷区,世田谷区上野毛２－２２－１７　ウィステリア上野毛４０１,03-6805-9140,2023-07-01,,houkan,2026-08-01,https://www.fukushi.metro.tokyo.lg.jp/documents/d/fukushi/20260801_seishin_houkan-xlsx-xlsx
7297971,訪問看護ステーションふくろう等々力,158-0082,世田谷区,世田谷区等々力３－５－１１ライオンズマンション等々力,03-6432-2975,2018-02-01,2024-02-01,houkan,2026-08-01,https://www.fukushi.metro.tokyo.lg.jp/documents/d/fukushi/20260801_seishin_houkan-xlsx-xlsx
7298227,医療法人社団プラタナス松原ナースケア・ステーション,156-0043,世田谷区,世田谷区松原５－３４－６,03-6379-0207,2024-06-01,,houkan,2026-08-01,https://www.fukushi.metro.tokyo.lg.jp/documents/d/fukushi/20260801_seishin_houkan-xlsx-xlsx
7298888,訪問看護かえりえ用賀,158-0097,世田谷区,世田谷区用賀３－６－３,050-1748-6326,2017-07-01,2023-07-01,houkan,2026-08-01,https://www.fukushi.metro.tokyo.lg.jp/documents/d/fukushi/20260801_seishin_houkan-xlsx-xlsx
7299274,こころのホームクリニック世田谷ナースステーション,157-0061,世田谷区,世田谷区北烏山３－５－９　日栄ビル２０１,03-6909-1218,2017-07-01,2023-07-01,houkan,2026-08-01,https://www.fukushi.metro.tokyo.lg.jp/documents/d/fukushi/20260801_seishin_houkan-xlsx-xlsx
7299605,訪問看護ステーションはな,157-0064,世田谷区,世田谷区給田３－３１－２０　ＯｎＣｏ千歳烏山１階,03-5490-7086,2022-05-01,,houkan,2026-08-01,https://www.fukushi.metro.tokyo.lg.jp/documents/d/fukushi/20260801_seishin_houkan-xlsx-xlsx
7391832,いちから訪問看護ステーション,156-0054,世田谷区,世田谷区経堂２－２７－２０　リリーオブザバレー１０２号室,03-6413-9136,2020-05-01,2026-05-01,houkan,2026-08-01,https://www.fukushi.metro.tokyo.lg.jp/documents/d/fukushi/20260801_seishin_houkan-xlsx-xlsx
7392251,経堂ふくろう訪問看護リハビリステーション,156-0052,世田谷区,世田谷区経堂２－２３－２１,03-5450-7051,2019-02-01,2025-02-01,houkan,2026-08-01,https://www.fukushi.metro.tokyo.lg.jp/documents/d/fukushi/20260801_seishin_houkan-xlsx-xlsx
7392269,つづる訪問看護ステーション,158-0094,世田谷区,世田谷区玉川４－９－６　アクア二子玉川２０２,03-6431-0803,2023-03-01,,houkan,2026-08-01,https://www.fukushi.metro.tokyo.lg.jp/documents/d/fukushi/20260801_seishin_houkan-xlsx-xlsx
7392384,リニエ訪問看護ステーションキッズ世田谷,157-0062,世田谷区,世田谷区南烏山５－３２－１４　アルファビル２３０２,03-6909-1965,2018-11-01,2024-11-01,houkan,2026-08-01,https://www.fukushi.metro.tokyo.lg.jp/documents/d/fukushi/20260801_seishin_houkan-xlsx-xlsx
7392418,訪問看護ステーションワイズメンタル,154-0012,世田谷区,世田谷区駒沢２－７－１－２３０４,03-6820-2733,2018-12-01,2024-12-01,houkan,2026-08-01,https://www.fukushi.metro.tokyo.lg.jp/documents/d/fukushi/20260801_seishin_houkan-xlsx-xlsx
7393358,マザーズ成城,157-0066,世田谷区,世田谷区成城９－１０－８,03-6277-9107,2023-10-01,,houkan,2026-08-01,https://www.fukushi.metro.tokyo.lg.jp/documents/d/fukushi/20260801_seishin_houkan-xlsx-xlsx
7394257,ＬＯ．ＣＯ．訪問看護,158-0091,世田谷区,世田谷区中町２－３０－２４　チッタローザビアンカ店舗１,03-6912-2798,2020-11-01,,houkan,2026-08-01,https://www.fukushi.metro.tokyo.lg.jp/documents/d/fukushi/20260801_seishin_houkan-xlsx-xlsx
7394430,訪問看護ステーション いぶき三軒茶屋,154-0024,世田谷区,世田谷区三軒茶屋２－１９－１６　メゾンレスポアール　３０５号,03-6413-8715,2020-04-01,2026-04-01,houkan,2026-08-01,https://www.fukushi.metro.tokyo.lg.jp/documents/d/fukushi/20260801_seishin_houkan-xlsx-xlsx
7394448,中町訪問看護ステーション,158-0091,世田谷区,世田谷区中町３－２９－２,03-3805-9777,2020-05-01,2026-05-01,houkan,2026-08-01,https://www.fukushi.metro.tokyo.lg.jp/documents/d/fukushi/20260801_seishin_houkan-xlsx-xlsx
7394455,トータルライフケア烏山訪問看護ステーション,157-0062,世田谷区,世田谷区南烏山５－３－３　Ｎａｓｉｃフローラコート世田谷１Ｆ Ｎｏ．２,03-5315-9308,2020-04-01,2026-04-01,houkan,2026-08-01,https://www.fukushi.metro.tokyo.lg.jp/documents/d/fukushi/20260801_seishin_houkan-xlsx-xlsx
7394471,桜十字訪問看護ステーション世田谷八幡山,156-0056,世田谷区,世田谷区八幡山２－１８－２０　第１６島田マンション３１０号室,03-5969-9220,2021-04-01,,houkan,2026-08-01,https://www.fukushi.metro.tokyo.lg.jp/documents/d/fukushi/20260801_seishin_houkan-xlsx-xlsx
7394943,成城克歩訪問看護ステーション,157-0066,世田谷区,世田谷区成城１－１３－２　ゲシュートリヒ成城１０１号室,03-6805-8658,2021-03-01,,houkan,2026-08-01,https://www.fukushi.metro.tokyo.lg.jp/documents/d/fukushi/20260801_seishin_houkan-xlsx-xlsx
7395254,カンデラ・メディカルケア世田谷本店,158-0083,世田谷区,世田谷区奥沢６－２５－１,03-3703-0810,2021-01-01,,houkan,2026-08-01,https://www.fukushi.metro.tokyo.lg.jp/documents/d/fukushi/20260801_seishin_houkan-xlsx-xlsx
7395262,アベリア訪問看護ステーション,156-0043,世田谷区,世田谷区松原５－６０－２,03-6304-3977,2024-06-01,,houkan,2026-08-01,https://www.fukushi.metro.tokyo.lg.jp/documents/d/fukushi/20260801_seishin_houkan-xlsx-xlsx
7395387,梅ヶ丘訪問看護ステーション,154-0022,世田谷区,世田谷区梅丘１－２７－１２,03-6432-6100,2014-01-01,2026-01-01,houkan,2026-08-01,https://www.fukushi.metro.tokyo.lg.jp/documents/d/fukushi/20260801_seishin_houkan-xlsx-xlsx
7395411,つぐみナースケアステーション,158-0091,世田谷区,世田谷区中町１－１７－１４　メゾンブランシュ１０４,03-6759-1516,2022-02-01,,houkan,2026-08-01,https://www.fukushi.metro.tokyo.lg.jp/documents/d/fukushi/20260801_seishin_houkan-xlsx-xlsx
7395429,ライフ訪問看護ステーション喜多見,157-0067,世田谷区,世田谷区喜多見８－１２－１８　コスモパレス３０３,03-6411-0260,2020-12-01,,houkan,2026-08-01,https://www.fukushi.metro.tokyo.lg.jp/documents/d/fukushi/20260801_seishin_houkan-xlsx-xlsx
7395627,ビュートゾルフ訪問看護ステーション世田谷,154-0017,世田谷区,世田谷区世田谷１－３５－１８,03-5426-4520,2021-11-01,,houkan,2026-08-01,https://www.fukushi.metro.tokyo.lg.jp/documents/d/fukushi/20260801_seishin_houkan-xlsx-xlsx
7395932,ネットワーク訪問ナースステーション,156-0043,世田谷区,世田谷区松原２－４１－１５　エテルノ明大前２０３,03-6762-2272,2023-10-01,,houkan,2026-08-01,https://www.fukushi.metro.tokyo.lg.jp/documents/d/fukushi/20260801_seishin_houkan-xlsx-xlsx
7396120,訪問看護ステーションあかね亭,156-0055,世田谷区,世田谷区船橋４－５－７,03-6804-4373,2021-05-01,,houkan,2026-08-01,https://www.fukushi.metro.tokyo.lg.jp/documents/d/fukushi/20260801_seishin_houkan-xlsx-xlsx
7396575,なの花訪問看護ステーション千歳台,157-0071,世田谷区,世田谷区千歳台５－１８－９,03-6411-5118,2017-12-01,2023-12-01,houkan,2026-08-01,https://www.fukushi.metro.tokyo.lg.jp/documents/d/fukushi/20260801_seishin_houkan-xlsx-xlsx
7396682,ライフ訪問看護ステーション駒澤,154-0012,世田谷区,世田谷区駒沢２－１１－１　駒沢フォーラムガーデン８０１,03-6450-9700,2021-10-01,,houkan,2026-08-01,https://www.fukushi.metro.tokyo.lg.jp/documents/d/fukushi/20260801_seishin_houkan-xlsx-xlsx
7397094,ｅ笑顔,156-0052,世田谷区,世田谷区経堂４－４－５－１０３,03-5799-4744,2022-06-01,,houkan,2026-08-01,https://www.fukushi.metro.tokyo.lg.jp/documents/d/fukushi/20260801_seishin_houkan-xlsx-xlsx
7397615,ライフ訪問看護ステーション経堂,156-0051,世田谷区,世田谷区宮坂３－４－１　ライオンズマンション経堂４０６,03-5799-7835,2022-03-01,,houkan,2026-08-01,https://www.fukushi.metro.tokyo.lg.jp/documents/d/fukushi/20260801_seishin_houkan-xlsx-xlsx
7397722,シーエルポート世田谷,158-0098,世田谷区,世田谷区上用賀１－９－１０　用賀立昇苑　イースト,03-6880-2192,2012-06-01,2024-06-01,houkan,2026-08-01,https://www.fukushi.metro.tokyo.lg.jp/documents/d/fukushi/20260801_seishin_houkan-xlsx-xlsx
7398217,ソフィアメディ訪問看護ステーション代田,156-0042,世田谷区,世田谷区羽根木１－１９－６　シャトルＨＩＥＩ羽根木３－Ａ,03-6379-3982,2022-05-01,,houkan,2026-08-01,https://www.fukushi.metro.tokyo.lg.jp/documents/d/fukushi/20260801_seishin_houkan-xlsx-xlsx
7398357,マイナビ訪問看護ステーション 祖師谷,157-0072,世田谷区,世田谷区祖師谷３－８－１０　１階,03-6411-5688,2022-06-01,,houkan,2026-08-01,https://www.fukushi.metro.tokyo.lg.jp/documents/d/fukushi/20260801_seishin_houkan-xlsx-xlsx
7398365,訪問看護 カラフルステーション,157-0073,世田谷区,世田谷区砧３－２８－１８　清水ハイツ２０２,03-6805-8582,2022-06-01,,houkan,2026-08-01,https://www.fukushi.metro.tokyo.lg.jp/documents/d/fukushi/20260801_seishin_houkan-xlsx-xlsx
7398530,医療法人社団プラタナス 桜新町ナースケア・ステーション,158-0098,世田谷区,世田谷区上用賀５－１２－１１　３０１,03-5716-5220,2022-07-01,,houkan,2026-08-01,https://www.fukushi.metro.tokyo.lg.jp/documents/d/fukushi/20260801_seishin_houkan-xlsx-xlsx
7398761,クレア訪問看護リハビリステーション,155-0033,世田谷区,世田谷区代田２－１１－１０　フラットアイ３０１号,03-6453-4490,2022-09-01,,houkan,2026-08-01,https://www.fukushi.metro.tokyo.lg.jp/documents/d/fukushi/20260801_seishin_houkan-xlsx-xlsx
7398779,訪問看護かえりえ成城,157-0066,世田谷区,世田谷区成城１－１－９,050-1753-3851,2022-11-01,,houkan,2026-08-01,https://www.fukushi.metro.tokyo.lg.jp/documents/d/fukushi/20260801_seishin_houkan-xlsx-xlsx
7399850,ブルーベリー訪問看護リハビリステーション,155-0033,世田谷区,世田谷区代田２－２１－１８　ガーデン代田２０２,03-6450-7941,2023-07-01,,houkan,2026-08-01,https://www.fukushi.metro.tokyo.lg.jp/documents/d/fukushi/20260801_seishin_houkan-xlsx-xlsx
7399868,訪問看護リハビリステーション東京敬寿園,157-0065,世田谷区,世田谷区上祖師谷７－１－１,03-5313-0064,2023-07-01,,houkan,2026-08-01,https://www.fukushi.metro.tokyo.lg.jp/documents/d/fukushi/20260801_seishin_houkan-xlsx-xlsx
7491301,訪問看護ステーションみかん,154-0004,世田谷区,世田谷区太子堂２－１４－２０　ＳＴＥＰＳ三軒茶屋２０５号室,03-6450-8825,2023-06-01,,houkan,2026-08-01,https://www.fukushi.metro.tokyo.lg.jp/documents/d/fukushi/20260801_seishin_houkan-xlsx-xlsx
7491319,ソフィアメディ訪問看護ステーション等々力,158-0082,世田谷区,世田谷区等々力８－２５－１６　２０１号室,03-6809-7822,2023-05-01,,houkan,2026-08-01,https://www.fukushi.metro.tokyo.lg.jp/documents/d/fukushi/20260801_seishin_houkan-xlsx-xlsx
7491491,マース訪問看護ステーション千歳船橋,156-0055,世田谷区,世田谷区船橋４－５－７,03-6804-4373,2023-10-01,,houkan,2026-08-01,https://www.fukushi.metro.tokyo.lg.jp/documents/d/fukushi/20260801_seishin_houkan-xlsx-xlsx
7491509,訪問看護ステーションデライト下高井戸,156-0044,世田谷区,世田谷区赤堤５－３２－２　アーバン赤堤ビル２階２０３号室,03-6379-1277,2023-06-01,,houkan,2026-08-01,https://www.fukushi.metro.tokyo.lg.jp/documents/d/fukushi/20260801_seishin_houkan-xlsx-xlsx
7491517,訪問看護ステーションデューン烏山,157-0062,世田谷区,世田谷区南烏山６－２９－６　栗原ビル１０１号室,03-6279-5136,2023-06-01,,houkan,2026-08-01,https://www.fukushi.metro.tokyo.lg.jp/documents/d/fukushi/20260801_seishin_houkan-xlsx-xlsx
7491525,ほっとナビ訪問看護ステーション世田谷,156-0043,世田谷区,世田谷区松原１－４６－９　ＯＨＲＥＭ明大前８０１号室,03-6304-7298,2023-06-01,,houkan,2026-08-01,https://www.fukushi.metro.tokyo.lg.jp/documents/d/fukushi/20260801_seishin_houkan-xlsx-xlsx
7491897,在宅療養支援ステーション楓の風 世田谷,154-0017,世田谷区,世田谷区世田谷３－１７－１５　古谷マンション２階２０２号室,03-6413-3411,2015-10-01,2021-10-01,houkan,2026-08-01,https://www.fukushi.metro.tokyo.lg.jp/documents/d/fukushi/20260801_seishin_houkan-xlsx-xlsx
7491913,訪問看護かえりえ給田,157-0064,世田谷区,世田谷区給田１－１－１１　オウカス世田谷仙川１階,050-1754-7379,2023-09-01,,houkan,2026-08-01,https://www.fukushi.metro.tokyo.lg.jp/documents/d/fukushi/20260801_seishin_houkan-xlsx-xlsx
7492408,訪問看護ステーション デライト桜新町,154-0016,世田谷区,世田谷区弦巻４－２－３　塚本ルミネビル１－Ｂ,03-5799-4981,2019-04-01,2025-04-01,houkan,2026-08-01,https://www.fukushi.metro.tokyo.lg.jp/documents/d/fukushi/20260801_seishin_houkan-xlsx-xlsx
7492416,訪問看護ステーション デライト烏山,157-0062,世田谷区,世田谷区南烏山６－２８－５ミルフィーユⅠ　２Ｆ,03-6279-6813,2020-04-01,2026-04-01,houkan,2026-08-01,https://www.fukushi.metro.tokyo.lg.jp/documents/d/fukushi/20260801_seishin_houkan-xlsx-xlsx
7492424,訪問看護ステーション デライト尾山台,158-0086,世田谷区,世田谷区尾山台３－３３－５　須摩ビル２０１号室,03-6455-9928,2023-02-01,,houkan,2026-08-01,https://www.fukushi.metro.tokyo.lg.jp/documents/d/fukushi/20260801_seishin_houkan-xlsx-xlsx
7492432,訪問看護ステーション和来 せたがや,157-0063,世田谷区,世田谷区粕谷４－２０－１８　幸栄マンション３１１,03-5314-9168,2023-10-01,,houkan,2026-08-01,https://www.fukushi.metro.tokyo.lg.jp/documents/d/fukushi/20260801_seishin_houkan-xlsx-xlsx
7492739,烏山訪問看護ステーション,157-0062,世田谷区,世田谷区南烏山６－３３－３３－１０３,03-6768-9347,2024-03-01,,houkan,2026-08-01,https://www.fukushi.metro.tokyo.lg.jp/documents/d/fukushi/20260801_seishin_houkan-xlsx-xlsx
7492952,あいず訪問看護ステーション三軒茶屋,154-0004,世田谷区,世田谷区太子堂２－１－１　ヴァンヴェール世田谷１０５,03-6805-2702,2023-12-01,,houkan,2026-08-01,https://www.fukushi.metro.tokyo.lg.jp/documents/d/fukushi/20260801_seishin_houkan-xlsx-xlsx
7492960,ソフィアメディ訪問看護ステーション千歳船橋,157-0071,世田谷区,世田谷区千歳台１－３０－１４　１０１号室,03-5787-7064,2023-12-01,,houkan,2026-08-01,https://www.fukushi.metro.tokyo.lg.jp/documents/d/fukushi/20260801_seishin_houkan-xlsx-xlsx
7493554,訪問看護ステーションｈａｒｕ ｓｔｙｌｅ世田谷,154-0015,世田谷区,世田谷区桜新町１－１５－１　チェリーハイム３０２,03-6804-4162,2024-06-01,,houkan,2026-08-01,https://www.fukushi.metro.tokyo.lg.jp/documents/d/fukushi/20260801_seishin_houkan-xlsx-xlsx
7493786,ｅｉｓｅｉ ｈｏｍｅ ｋａｎｇｏ,157-0074,世田谷区,世田谷区大蔵２－４－１４－１０３,03-6411-1425,2024-08-01,,houkan,2026-08-01,https://www.fukushi.metro.tokyo.lg.jp/documents/d/fukushi/20260801_seishin_houkan-xlsx-xlsx
7494164,まなか訪問看護ステーション,156-0053,世田谷区,世田谷区桜１－５０－１７,03-5936-1286,2023-04-01,,houkan,2026-08-01,https://www.fukushi.metro.tokyo.lg.jp/documents/d/fukushi/20260801_seishin_houkan-xlsx-xlsx
7494172,ひだまり訪問看護ステーション用賀,158-0097,世田谷区,世田谷区用賀４－２３－１２　ユウハウス用賀２,03-6808-7414,2010-03-01,2022-03-01,houkan,2026-08-01,https://www.fukushi.metro.tokyo.lg.jp/documents/d/fukushi/20260801_seishin_houkan-xlsx-xlsx
7494586,いのり訪問看護ステーション,157-0062,世田谷区,世田谷区南烏山６－１３－１３　冨岡コーポＣ－１０９,03-6909-0632,2025-04-01,,houkan,2026-08-01,https://www.fukushi.metro.tokyo.lg.jp/documents/d/fukushi/20260801_seishin_houkan-xlsx-xlsx
7495880,トータルライフケア梅丘訪問看護ステーション,154-0022,世田谷区,世田谷区梅丘１－２３－５　ファインビル２階,03-6413-7457,2025-08-01,,houkan,2026-08-01,https://www.fukushi.metro.tokyo.lg.jp/documents/d/fukushi/20260801_seishin_houkan-xlsx-xlsx
7496167,＠コレモ訪問看護,154-0011,世田谷区,世田谷区上馬１－３３－１６　小川ハイツ３０１号室,03-4218-6953,2026-02-01,,houkan,2026-08-01,https://www.fukushi.metro.tokyo.lg.jp/documents/d/fukushi/20260801_seishin_houkan-xlsx-xlsx
7497407,ショコラ訪問看護ステーション田園調布,158-0085,世田谷区,世田谷区玉川田園調布１－９－１　壱番館１０１,03-5755-5388,2026-04-01,,houkan,2026-08-01,https://www.fukushi.metro.tokyo.lg.jp/documents/d/fukushi/20260801_seishin_houkan-xlsx-xlsx
7497621,青藍会在宅医療支援センターハートハウス成城訪問看護ステーション,157-0066,世田谷区,世田谷区成城２－３５－３　１０１,03-3416-4160,2026-05-01,,houkan,2026-08-01,https://www.fukushi.metro.tokyo.lg.jp/documents/d/fukushi/20260801_seishin_houkan-xlsx-xlsx
7191976,おもて参道訪問看護ステーション,150-0001,渋谷区,渋谷区神宮前５－８－２　日本看護協会ビル５階,03-3486-4161,2007-02-01,2025-02-01,houkan,2026-08-01,https://www.fukushi.metro.tokyo.lg.jp/documents/d/fukushi/20260801_seishin_houkan-xlsx-xlsx
7196033,パール訪問看護ステーション,150-0035,渋谷区,渋谷区鉢山町３－２７,03-5458-4811,2023-07-01,,houkan,2026-08-01,https://www.fukushi.metro.tokyo.lg.jp/documents/d/fukushi/20260801_seishin_houkan-xlsx-xlsx
7199300,ＬＥ（エルイー）在宅・施設訪問看護リハビリステーション渋谷新本店,150-0041,渋谷区,渋谷区神南１－１７－１１　キューブ渋谷神南５階,03-6427-8411,2007-12-01,2025-12-01,houkan,2026-08-01,https://www.fukushi.metro.tokyo.lg.jp/documents/d/fukushi/20260801_seishin_houkan-xlsx-xlsx
7199607,ナースステーション東京 渋谷支店,150-0041,渋谷区,渋谷区神南１－４－２　神南ハイム２０２,03-6913-9331,2008-12-01,2020-12-01,houkan,2026-08-01,https://www.fukushi.metro.tokyo.lg.jp/documents/d/fukushi/20260801_seishin_houkan-xlsx-xlsx
7291073,ＮＰＯいのち訪問看護ステーション,151-0066,渋谷区,渋谷区西原１－４３－２,03-3466-3690,2009-12-01,2021-12-01,houkan,2026-08-01,https://www.fukushi.metro.tokyo.lg.jp/documents/d/fukushi/20260801_seishin_houkan-xlsx-xlsx
7293871,訪問看護ステーションスマイライフ代々木上原,151-0066,渋谷区,渋谷区西原２－４－５,03-5738-7827,2015-10-01,2021-10-01,houkan,2026-08-01,https://www.fukushi.metro.tokyo.lg.jp/documents/d/fukushi/20260801_seishin_houkan-xlsx-xlsx
7295330,訪問看護ステーションライム,150-0013,渋谷区,渋谷区恵比寿２－２２－１１,03-6447-7733,2017-03-01,2023-03-01,houkan,2026-08-01,https://www.fukushi.metro.tokyo.lg.jp/documents/d/fukushi/20260801_seishin_houkan-xlsx-xlsx
7295785,さくらナースケアステーション,150-0012,渋谷区,渋谷区広尾５－１９－７　協和ビル４階,03-6433-5093,2015-08-01,2021-08-01,houkan,2026-08-01,https://www.fukushi.metro.tokyo.lg.jp/documents/d/fukushi/20260801_seishin_houkan-xlsx-xlsx
7296452,金内メディカル訪問看護・リハビリステーション笹塚,151-0073,渋谷区,渋谷区笹塚１－５６－１０－８１０,03-6304-2440,2015-04-01,2021-04-01,houkan,2026-08-01,https://www.fukushi.metro.tokyo.lg.jp/documents/d/fukushi/20260801_seishin_houkan-xlsx-xlsx
7392996,メディキッズ訪問看護ステーション,150-0001,渋谷区,渋谷区神宮前４－２３－１０－２０１,03-4405-2078,2022-12-01,,houkan,2026-08-01,https://www.fukushi.metro.tokyo.lg.jp/documents/d/fukushi/20260801_seishin_houkan-xlsx-xlsx
7393366,ソフィアメディ訪問看護ステーション代官山,150-0035,渋谷区,渋谷区鉢山町１４－３,03-5458-7223,2019-07-01,2025-07-01,houkan,2026-08-01,https://www.fukushi.metro.tokyo.lg.jp/documents/d/fukushi/20260801_seishin_houkan-xlsx-xlsx
7393515,訪問看護ステーションデューン渋谷,151-0072,渋谷区,渋谷区幡ヶ谷１－７－４　深津ビル２階２０１号室,03-6450-6316,2019-09-01,2025-09-01,houkan,2026-08-01,https://www.fukushi.metro.tokyo.lg.jp/documents/d/fukushi/20260801_seishin_houkan-xlsx-xlsx
7394661,メディリス訪問看護ステーション,150-0043,渋谷区,渋谷区道玄坂１－１７－５　オリンピック渋谷ビル４階,03-6434-1433,2020-07-01,2026-07-01,houkan,2026-08-01,https://www.fukushi.metro.tokyo.lg.jp/documents/d/fukushi/20260801_seishin_houkan-xlsx-xlsx
7395940,初台リハケア訪問看護ステーション,151-0071,渋谷区,渋谷区本町２－２－１３　Ｔハイム西新宿１０１,03-6300-0917,2025-09-01,,houkan,2026-08-01,https://www.fukushi.metro.tokyo.lg.jp/documents/d/fukushi/20260801_seishin_houkan-xlsx-xlsx
7396583,インホーム訪問看護ステーション,151-0051,渋谷区,渋谷区千駄ヶ谷５－３０－１５,03-4400-1245,2024-10-01,,houkan,2026-08-01,https://www.fukushi.metro.tokyo.lg.jp/documents/d/fukushi/20260801_seishin_houkan-xlsx-xlsx
7397797,ウィル訪問看護ステーション渋谷,151-0061,渋谷区,渋谷区初台１－３１－９　初台三十一番館１０２,03-6383-4122,2022-03-01,,houkan,2026-08-01,https://www.fukushi.metro.tokyo.lg.jp/documents/d/fukushi/20260801_seishin_houkan-xlsx-xlsx
7399017,ひかり訪問看護ステーション東京,151-0053,渋谷区,渋谷区代々木２－１６－１　宮坂甲斐路ビル１階,03-3527-9207,2023-11-01,,houkan,2026-08-01,https://www.fukushi.metro.tokyo.lg.jp/documents/d/fukushi/20260801_seishin_houkan-xlsx-xlsx
7399314,訪問看護ステーションささえ 初台事業所,151-0061,渋谷区,渋谷区初台１－３１－９　初台三十一番館２０３号室,050-5526-8494,2023-05-01,,houkan,2026-08-01,https://www.fukushi.metro.tokyo.lg.jp/documents/d/fukushi/20260801_seishin_houkan-xlsx-xlsx
7491335,ぜろひゃく東京訪問看護リハビリテーション,151-0071,渋谷区,渋谷区本町１－２０－２　パルムハウス初台１３０９,03-6276-7977,2023-07-01,,houkan,2026-08-01,https://www.fukushi.metro.tokyo.lg.jp/documents/d/fukushi/20260801_seishin_houkan-xlsx-xlsx
7492747,かなりや訪問看護ステーション,150-0045,渋谷区,渋谷区神泉町９－１２　カサ・デ・チェーロ５０１,03-6824-8463,2024-01-01,,houkan,2026-08-01,https://www.fukushi.metro.tokyo.lg.jp/documents/d/fukushi/20260801_seishin_houkan-xlsx-xlsx
7493083,指定訪問看護ステーションおうちケア,151-0064,渋谷区,渋谷区上原３－３７－２　サンホームズ代々木上原２０１号室,03-6407-8873,2024-07-01,,houkan,2026-08-01,https://www.fukushi.metro.tokyo.lg.jp/documents/d/fukushi/20260801_seishin_houkan-xlsx-xlsx
7494735,ハイメディック訪問看護ステーションすばる,151-0064,渋谷区,渋谷区上原１－１７－１６　カスタリア代々木上原Ｂ１０２,03-5738-3521,2007-06-01,2025-06-01,houkan,2026-08-01,https://www.fukushi.metro.tokyo.lg.jp/documents/d/fukushi/20260801_seishin_houkan-xlsx-xlsx
7495807,訪問看護ステーションプロテア,150-0013,渋谷区,渋谷区恵比寿４－５－２３　ルイシャトレ恵比寿６１０号,03-6721-9377,2025-05-01,,houkan,2026-08-01,https://www.fukushi.metro.tokyo.lg.jp/documents/d/fukushi/20260801_seishin_houkan-xlsx-xlsx
7495898,訪問看護ステーションセラフィム,151-0071,渋谷区,渋谷区本町１－７－１６　８０９,03-6276-7758,2025-06-01,,houkan,2026-08-01,https://www.fukushi.metro.tokyo.lg.jp/documents/d/fukushi/20260801_seishin_houkan-xlsx-xlsx
7191299,中野区医師会訪問看護ステーション,165-0026,中野区,中野区中野２－２７－１７,03-3384-1480,2006-04-01,2024-04-01,houkan,2026-08-01,https://www.fukushi.metro.tokyo.lg.jp/documents/d/fukushi/20260801_seishin_houkan-xlsx-xlsx
7191349,社会医療法人社団健友会 上高田訪問看護ステーション,164-0002,中野区,中野区上高田１－５０－７　大川ビル１階,03-5380-4165,2007-10-01,2025-10-01,houkan,2026-08-01,https://www.fukushi.metro.tokyo.lg.jp/documents/d/fukushi/20260801_seishin_houkan-xlsx-xlsx
7191992,中野北ベタニア訪問看護ステーション,165-0022,中野区,中野区江古田３－１５－２,03-3387-0221,2006-10-01,2024-10-01,houkan,2026-08-01,https://www.fukushi.metro.tokyo.lg.jp/documents/d/fukushi/20260801_seishin_houkan-xlsx-xlsx
7192149,新渡戸記念訪問看護ステーション,164-0001,中野区,中野区中野２－２１－１７　東京医療別館３階,03-3382-8611,2016-11-01,2022-11-01,houkan,2026-08-01,https://www.fukushi.metro.tokyo.lg.jp/documents/d/fukushi/20260801_seishin_houkan-xlsx-xlsx
7197064,あすなろ訪問看護ステーション 鷺宮,165-0032,中野区,中野区鷺宮３－１８－５　ＩＮビル２階,03-3223-1900,2011-04-01,2023-04-01,houkan,2026-08-01,https://www.fukushi.metro.tokyo.lg.jp/documents/d/fukushi/20260801_seishin_houkan-xlsx-xlsx
7198393,さわやかケア中野・訪問看護,164-0011,中野区,中野区中央１－１－３　新都心中央ビル１階,03-5348-6216,2009-11-01,2021-11-01,houkan,2026-08-01,https://www.fukushi.metro.tokyo.lg.jp/documents/d/fukushi/20260801_seishin_houkan-xlsx-xlsx
7199946,訪問看護ステーション ホームケア中野,164-0003,中野区,中野区東中野１－５９－６　信菱ビル５階,03-5337-7012,2010-10-01,2022-10-01,houkan,2026-08-01,https://www.fukushi.metro.tokyo.lg.jp/documents/d/fukushi/20260801_seishin_houkan-xlsx-xlsx
7291206,つくし訪問看護ステーション,165-0035,中野区,中野区白鷺２－１－２３　ＺＯＵマンション２０２,03-3330-0425,2016-11-01,2022-11-01,houkan,2026-08-01,https://www.fukushi.metro.tokyo.lg.jp/documents/d/fukushi/20260801_seishin_houkan-xlsx-xlsx
7292105,ケアプロ訪問看護ステーション東京,164-0011,中野区,中野区中央４－２５－１４　中央ハウスＡ２,03-6696-9789,2012-08-01,2024-08-01,houkan,2026-08-01,https://www.fukushi.metro.tokyo.lg.jp/documents/d/fukushi/20260801_seishin_houkan-xlsx-xlsx
7292444,なごみ訪問看護ステーション,165-0027,中野区,中野区野方１－２９－４　竹内ビル１階,03-6383-3189,2012-09-01,2024-09-01,houkan,2026-08-01,https://www.fukushi.metro.tokyo.lg.jp/documents/d/fukushi/20260801_seishin_houkan-xlsx-xlsx
7293715,訪問看護ステーション 江古田の森,165-0022,中野区,中野区江古田３－１４－１９,03-5318-3701,2025-08-01,,houkan,2026-08-01,https://www.fukushi.metro.tokyo.lg.jp/documents/d/fukushi/20260801_seishin_houkan-xlsx-xlsx
7294747,あけぼの訪問看護ステーション,165-0026,中野区,中野区新井２－６－５　ＤＳＫ情報センタービル１階,03-5942-8990,2017-08-01,2023-08-01,houkan,2026-08-01,https://www.fukushi.metro.tokyo.lg.jp/documents/d/fukushi/20260801_seishin_houkan-xlsx-xlsx
7296072,ユースタイルケア中野訪問看護,164-0003,中野区,中野区東中野３－１４－１　グリーンビル８Ｆ,070-6528-7652,2015-08-01,2021-08-01,houkan,2026-08-01,https://www.fukushi.metro.tokyo.lg.jp/documents/d/fukushi/20260801_seishin_houkan-xlsx-xlsx
7296163,訪問看護リハビリステーション マザース中野事業所,164-0003,中野区,中野区東中野２－２８－１４　メディカルコートⅡ　２階　２Ｄ,03-5989-1567,2016-01-01,2022-01-01,houkan,2026-08-01,https://www.fukushi.metro.tokyo.lg.jp/documents/d/fukushi/20260801_seishin_houkan-xlsx-xlsx
7297385,訪問看護ステーションリライブ,164-0003,中野区,中野区東中野４－２３－３サングロウ１００号,03-6279-3696,2017-03-01,2023-03-01,houkan,2026-08-01,https://www.fukushi.metro.tokyo.lg.jp/documents/d/fukushi/20260801_seishin_houkan-xlsx-xlsx
7297500,訪問看護ステーション ホームケア都立家政,165-0033,中野区,中野区若宮３－４０－１４,03-5356-6755,2016-09-01,2022-09-01,houkan,2026-08-01,https://www.fukushi.metro.tokyo.lg.jp/documents/d/fukushi/20260801_seishin_houkan-xlsx-xlsx
7299860,ひよこ訪問看護ステーション,165-0024,中野区,中野区松が丘２－３－５－２０１,03-5913-3890,2007-02-01,2025-02-01,houkan,2026-08-01,https://www.fukushi.metro.tokyo.lg.jp/documents/d/fukushi/20260801_seishin_houkan-xlsx-xlsx
7299977,リニエ訪問看護ステーション中野,164-0003,中野区,中野区東中野３－１６－１４　小谷ビル３０１,03-6908-9567,2018-01-01,2024-01-01,houkan,2026-08-01,https://www.fukushi.metro.tokyo.lg.jp/documents/d/fukushi/20260801_seishin_houkan-xlsx-xlsx
7391857,ケアサポートＭＡＮＡ,164-0012,中野区,中野区本町６－３５－１５－１０１,03-6382-8142,2021-06-01,,houkan,2026-08-01,https://www.fukushi.metro.tokyo.lg.jp/documents/d/fukushi/20260801_seishin_houkan-xlsx-xlsx
7392806,ほっとナビ訪問看護ステーション 中野事業所,165-0032,中野区,中野区鷺宮３－１５－１９　ラタン・サギノミヤⅡ１階,03-5327-8785,2019-03-01,2025-03-01,houkan,2026-08-01,https://www.fukushi.metro.tokyo.lg.jp/documents/d/fukushi/20260801_seishin_houkan-xlsx-xlsx
7393465,医療法人社団泉樹会 訪問看護・リハビリステーションだるま,165-0032,中野区,中野区鷺宮３－３－６　シュプール１階１Ａ,03-5942-5615,2022-02-01,,houkan,2026-08-01,https://www.fukushi.metro.tokyo.lg.jp/documents/d/fukushi/20260801_seishin_houkan-xlsx-xlsx
7393937,ソフィアメディ訪問看護ステーション中野新橋,164-0012,中野区,中野区本町４－８－１,03-6382-4300,2019-12-01,2025-12-01,houkan,2026-08-01,https://www.fukushi.metro.tokyo.lg.jp/documents/d/fukushi/20260801_seishin_houkan-xlsx-xlsx
7394158,ソフィアメディ訪問看護ステーション野方,165-0027,中野区,中野区野方５－３０－２０　三宅ビル２階,03-6383-0215,2020-02-01,2026-02-01,houkan,2026-08-01,https://www.fukushi.metro.tokyo.lg.jp/documents/d/fukushi/20260801_seishin_houkan-xlsx-xlsx
7395825,ソレイユ訪問看護ステーション中野,165-0021,中野区,中野区丸山２－５－１６　内山ビル１階,03-5942-5675,2021-02-01,,houkan,2026-08-01,https://www.fukushi.metro.tokyo.lg.jp/documents/d/fukushi/20260801_seishin_houkan-xlsx-xlsx
7396690,まるこ訪問看護ステーション,165-0003,中野区,中野区若宮２－３４－１９Ｂ,03-6383-0823,2021-12-01,,houkan,2026-08-01,https://www.fukushi.metro.tokyo.lg.jp/documents/d/fukushi/20260801_seishin_houkan-xlsx-xlsx
7398001,アロハナースステーション,164-0002,中野区,中野区上高田２－４５－１０－２０２,03-4400-8988,2022-07-01,,houkan,2026-08-01,https://www.fukushi.metro.tokyo.lg.jp/documents/d/fukushi/20260801_seishin_houkan-xlsx-xlsx
7398548,ひなた訪問看護ステーション中野,164-0014,中野区,中野区南台５－２３－１３　アイル方南町５０２,03-6382-6979,2022-09-01,,houkan,2026-08-01,https://www.fukushi.metro.tokyo.lg.jp/documents/d/fukushi/20260801_seishin_houkan-xlsx-xlsx
7398647,さくら訪問看護ステーション,165-0025,中野区,中野区沼袋２－２０－１２　ファーストメゾン沼袋２０２,03-5942-8981,2022-09-01,,houkan,2026-08-01,https://www.fukushi.metro.tokyo.lg.jp/documents/d/fukushi/20260801_seishin_houkan-xlsx-xlsx
7398910,訪問看護ステーション はな 中野,164-0003,中野区,中野区東中野３－６－１４　鈴木ビル２階,03-6820-2378,2022-11-01,,houkan,2026-08-01,https://www.fukushi.metro.tokyo.lg.jp/documents/d/fukushi/20260801_seishin_houkan-xlsx-xlsx
7399884,サルスケア訪問看護リハビリステーション,164-0001,中野区,中野区中野５－３－３３　ＫＩマンション２０１号室,03-5942-6328,2024-06-01,,houkan,2026-08-01,https://www.fukushi.metro.tokyo.lg.jp/documents/d/fukushi/20260801_seishin_houkan-xlsx-xlsx
7492192,おうちのカンゴてとて,164-0011,中野区,中野区中央３－１２－１７　グランヴィル中野６０１,03-5937-0597,2022-07-01,,houkan,2026-08-01,https://www.fukushi.metro.tokyo.lg.jp/documents/d/fukushi/20260801_seishin_houkan-xlsx-xlsx
7492457,カリス訪問看護ステーション,164-0001,中野区,中野区中野２－２９－１５　サンハイツ中野８０８号,03-6823-8708,2023-11-01,,houkan,2026-08-01,https://www.fukushi.metro.tokyo.lg.jp/documents/d/fukushi/20260801_seishin_houkan-xlsx-xlsx
7493976,ＣＲＡＹＯＮＺプライベート看護,165-0031,中野区,中野区上鷺宮４－１７－６　ハイツ小河３０１,0800-808-1083,2024-07-01,,houkan,2026-08-01,https://www.fukushi.metro.tokyo.lg.jp/documents/d/fukushi/20260801_seishin_houkan-xlsx-xlsx
7495500,ワンストップ訪問看護ステーション中野南台,164-0014,中野区,中野区南台２－１７－１０　１階,03-6382-5336,2025-07-01,,houkan,2026-08-01,https://www.fukushi.metro.tokyo.lg.jp/documents/d/fukushi/20260801_seishin_houkan-xlsx-xlsx
7496326,ルピナス訪問看護ステーション中野,164-0012,中野区,中野区本町５－１０－１　丸共第三ハイツ１階,03-6454-1425,2026-03-01,,houkan,2026-08-01,https://www.fukushi.metro.tokyo.lg.jp/documents/d/fukushi/20260801_seishin_houkan-xlsx-xlsx
7191232,河北訪問看護・リハビリステーション阿佐谷,166-0001,杉並区,杉並区阿佐谷南１－１６－８　ＩＳＭ　ＡＳＡＧＡＹＡ６階,03-5913-7977,2010-03-01,2022-03-01,houkan,2026-08-01,https://www.fukushi.metro.tokyo.lg.jp/documents/d/fukushi/20260801_seishin_houkan-xlsx-xlsx
7191794,野﨑クリニック訪問看護ステーション,166-0004,杉並区,杉並区阿佐谷南３－３７－１３　大同ビル２階,03-3398-3330,2007-01-01,2025-01-01,houkan,2026-08-01,https://www.fukushi.metro.tokyo.lg.jp/documents/d/fukushi/20260801_seishin_houkan-xlsx-xlsx
7192693,社会医療法人社団健友会 西荻南訪問看護ステーション,167-0053,杉並区,杉並区西荻南４－２－７　西荻窪診療所２階,03-3333-6584,2007-11-01,2025-11-01,houkan,2026-08-01,https://www.fukushi.metro.tokyo.lg.jp/documents/d/fukushi/20260801_seishin_houkan-xlsx-xlsx
7192867,すぎなみ中央訪問看護ステーション,166-0011,杉並区,杉並区梅里２－２１－１　日新ビル１階,03-5305-4841,2011-08-01,2023-08-01,houkan,2026-08-01,https://www.fukushi.metro.tokyo.lg.jp/documents/d/fukushi/20260801_seishin_houkan-xlsx-xlsx
7193337,荻窪病院訪問看護ステーション,167-0035,杉並区,杉並区今川２－５－７　サニーヒルズ荻窪３０１号,03-5310-3162,2022-10-01,,houkan,2026-08-01,https://www.fukushi.metro.tokyo.lg.jp/documents/d/fukushi/20260801_seishin_houkan-xlsx-xlsx
7193600,杉並区医師会訪問看護ステーション,167-0032,杉並区,杉並区天沼３－１９－１４　フェニックス杉並１Ｆ,03-3391-0009,2006-09-01,2024-09-01,houkan,2026-08-01,https://www.fukushi.metro.tokyo.lg.jp/documents/d/fukushi/20260801_seishin_houkan-xlsx-xlsx
7193709,たけうち訪問看護ステーション,166-0015,杉並区,杉並区成田東３－１２－１３,03-5378-3535,2007-02-01,2025-02-01,houkan,2026-08-01,https://www.fukushi.metro.tokyo.lg.jp/documents/d/fukushi/20260801_seishin_houkan-xlsx-xlsx
7195969,野﨑クリニック さくら訪問看護ステーション,168-0073,杉並区,杉並区下高井戸１－３９－１９　１階,03-5316-3877,2007-01-01,2025-01-01,houkan,2026-08-01,https://www.fukushi.metro.tokyo.lg.jp/documents/d/fukushi/20260801_seishin_houkan-xlsx-xlsx
7197403,訪問看護ステーション ほたるすぎなみ,167-0023,杉並区,杉並区上井草１－２２－１７　浅賀マンション１０７号室,03-5311-6577,2011-06-01,2017-06-01,houkan,2026-08-01,https://www.fukushi.metro.tokyo.lg.jp/documents/d/fukushi/20260801_seishin_houkan-xlsx-xlsx
7199227,ローズ訪問看護ステーション,166-0003,杉並区,杉並区高円寺南４－２９－２　ミヤシタビル・高円寺メディカルプラザ１階Ａ号室,03-3313-2014,2021-04-01,,houkan,2026-08-01,https://www.fukushi.metro.tokyo.lg.jp/documents/d/fukushi/20260801_seishin_houkan-xlsx-xlsx
7199326,訪問看護ステーションＨＵＧはぐ,166-0003,杉並区,杉並区高円寺南４－４５－４　高円寺南サマリアマンション７０４,03-5307-8989,2007-10-01,2025-10-01,houkan,2026-08-01,https://www.fukushi.metro.tokyo.lg.jp/documents/d/fukushi/20260801_seishin_houkan-xlsx-xlsx
7291214,あおい訪問看護ステーション,168-0065,杉並区,杉並区高井戸東３－１７－１８,03-6795-8144,2010-06-01,2022-06-01,houkan,2026-08-01,https://www.fukushi.metro.tokyo.lg.jp/documents/d/fukushi/20260801_seishin_houkan-xlsx-xlsx
7291297,笑生訪問看護ステーション,167-0053,杉並区,杉並区西荻南３－７－２,03-5344-9838,2016-11-01,2022-11-01,houkan,2026-08-01,https://www.fukushi.metro.tokyo.lg.jp/documents/d/fukushi/20260801_seishin_houkan-xlsx-xlsx
7291438,訪問看護ステーションデューン荻窪,167-0032,杉並区,杉並区天沼３－１２－１０　榎本ビル１Ｆ,03-5941-3031,2010-12-01,2022-12-01,houkan,2026-08-01,https://www.fukushi.metro.tokyo.lg.jp/documents/d/fukushi/20260801_seishin_houkan-xlsx-xlsx
7291693,セコム訪問看護ステーションくがやま,168-0082,杉並区,杉並区久我山３－１－３０,03-5336-7722,2022-12-01,,houkan,2026-08-01,https://www.fukushi.metro.tokyo.lg.jp/documents/d/fukushi/20260801_seishin_houkan-xlsx-xlsx
7291883,りんご訪問看護ステーション,167-0035,杉並区,杉並区今川２－２４－１　カリフール今川１号棟１０４,03-6454-7990,2011-11-01,2023-11-01,houkan,2026-08-01,https://www.fukushi.metro.tokyo.lg.jp/documents/d/fukushi/20260801_seishin_houkan-xlsx-xlsx
7293020,ケィズリハビリ訪問看護ステーション,167-0043,杉並区,杉並区上荻１－１８－１６　亀谷酒販第一ビル５０１号,03-3398-0781,2013-06-01,2025-06-01,houkan,2026-08-01,https://www.fukushi.metro.tokyo.lg.jp/documents/d/fukushi/20260801_seishin_houkan-xlsx-xlsx
7294218,野﨑クリニックリリーフ訪問看護ステーション,166-0004,杉並区,杉並区阿佐谷南３－３７－１３　大同ビル３０６,03-5335-7676,2014-07-01,2026-07-01,houkan,2026-08-01,https://www.fukushi.metro.tokyo.lg.jp/documents/d/fukushi/20260801_seishin_houkan-xlsx-xlsx
7295132,ガイア訪問看護ステーション 荻窪,167-0051,杉並区,杉並区荻窪４－３１－１１　中田ビル２０１,03-6276-9171,2021-02-01,,houkan,2026-08-01,https://www.fukushi.metro.tokyo.lg.jp/documents/d/fukushi/20260801_seishin_houkan-xlsx-xlsx
7295231,メディケアーズ訪問看護リハビリステーション高井戸,168-0071,杉並区,杉並区高井戸西２－１０－７　新川ビル２階－２,03-5344-9700,2015-11-01,2021-11-01,houkan,2026-08-01,https://www.fukushi.metro.tokyo.lg.jp/documents/d/fukushi/20260801_seishin_houkan-xlsx-xlsx
7295512,訪問看護ステーションみのり,167-0043,杉並区,杉並区上荻１－２４－１２　第１浅賀ビル２階Ｃ号室,03-6915-1524,2015-04-01,2021-04-01,houkan,2026-08-01,https://www.fukushi.metro.tokyo.lg.jp/documents/d/fukushi/20260801_seishin_houkan-xlsx-xlsx
7295793,プライム訪問看護リハビリステーション,167-0051,杉並区,杉並区荻窪５－１１－２２　榎本ビル４階,03-5335-9873,2015-07-01,2021-07-01,houkan,2026-08-01,https://www.fukushi.metro.tokyo.lg.jp/documents/d/fukushi/20260801_seishin_houkan-xlsx-xlsx
7296171,エフリオ訪問看護ステーション,166-0001,杉並区,杉並区阿佐谷北２－１４－５大阪やビル１階,03-5356-1267,2017-07-01,2023-07-01,houkan,2026-08-01,https://www.fukushi.metro.tokyo.lg.jp/documents/d/fukushi/20260801_seishin_houkan-xlsx-xlsx
7296759,リハラボ訪問看護リハビリステーション,166-0012,杉並区,杉並区和田３－３１－１５　パイロットハウス１０１,03-5913-7286,2019-04-01,2025-04-01,houkan,2026-08-01,https://www.fukushi.metro.tokyo.lg.jp/documents/d/fukushi/20260801_seishin_houkan-xlsx-xlsx
7296767,ふじ訪問看護ステーション,166-0001,杉並区,杉並区阿佐谷北４－９－１,03-5327-8191,2016-02-01,2022-02-01,houkan,2026-08-01,https://www.fukushi.metro.tokyo.lg.jp/documents/d/fukushi/20260801_seishin_houkan-xlsx-xlsx
7297856,スギコー訪問看護ステーション,168-0072,杉並区,杉並区高井戸東３－１８－７　杉交第２ビル,03-3247-7500,2018-07-01,2024-07-01,houkan,2026-08-01,https://www.fukushi.metro.tokyo.lg.jp/documents/d/fukushi/20260801_seishin_houkan-xlsx-xlsx
7297864,ののはな訪問看護ステーション,167-0023,杉並区,杉並区上井草４－２４－３,03-6913-8743,2017-05-01,2023-05-01,houkan,2026-08-01,https://www.fukushi.metro.tokyo.lg.jp/documents/d/fukushi/20260801_seishin_houkan-xlsx-xlsx
7298029,セントケア看護小規模荻窪,168-0081,杉並区,杉並区宮前２－２１－１９,03-5336-1201,2016-12-01,2022-12-01,houkan,2026-08-01,https://www.fukushi.metro.tokyo.lg.jp/documents/d/fukushi/20260801_seishin_houkan-xlsx-xlsx
7298490,ナーシングケア いおり,166-0013,杉並区,杉並区堀ノ内２－３９－１８,03-6383-2901,2017-05-01,2023-05-01,houkan,2026-08-01,https://www.fukushi.metro.tokyo.lg.jp/documents/d/fukushi/20260801_seishin_houkan-xlsx-xlsx
7299613,トータルライフケア新中野訪問看護ステーション,166-0012,杉並区,杉並区和田１－２９－１１,03-6382-4951,2017-10-01,,houkan,2026-08-01,https://www.fukushi.metro.tokyo.lg.jp/documents/d/fukushi/20260801_seishin_houkan-xlsx-xlsx
7299621,訪問看護ステーション ユアネーム,167-0051,杉並区,杉並区荻窪３－４１－１９,03-6915-1347,2017-10-01,,houkan,2026-08-01,https://www.fukushi.metro.tokyo.lg.jp/documents/d/fukushi/20260801_seishin_houkan-xlsx-xlsx
7299993,太陽訪問看護ステーション,168-0081,杉並区,杉並区宮前５－１９－１０,03-6315-2664,2019-02-01,2025-02-01,houkan,2026-08-01,https://www.fukushi.metro.tokyo.lg.jp/documents/d/fukushi/20260801_seishin_houkan-xlsx-xlsx
7391287,オラロア訪問看護リハビリステーション新高円寺,166-0011,杉並区,杉並区梅里１－７－１７　Ｋ＆Ⅱビル４０１,03-5913-9554,2018-05-01,2024-05-01,houkan,2026-08-01,https://www.fukushi.metro.tokyo.lg.jp/documents/d/fukushi/20260801_seishin_houkan-xlsx-xlsx
7392129,訪問看護ステーションデューン高円寺,166-0003,杉並区,杉並区高円寺南４－４０－１７　モンコトー２階,03-5929-7601,2018-10-01,2024-10-01,houkan,2026-08-01,https://www.fukushi.metro.tokyo.lg.jp/documents/d/fukushi/20260801_seishin_houkan-xlsx-xlsx
7392707,ソフィアメディ訪問看護ステーション阿佐ヶ谷,166-0015,杉並区,杉並区成田東５－４０－１０　ソレイユビル３Ｆ,03-6276-9324,2019-02-01,2025-02-01,houkan,2026-08-01,https://www.fukushi.metro.tokyo.lg.jp/documents/d/fukushi/20260801_seishin_houkan-xlsx-xlsx
7393374,いたる訪問看護ステーション,167-0043,杉並区,杉並区上荻１－１２－１　荻窪ビル３階Ｃ号室,03-6279-9350,2019-08-01,2025-08-01,houkan,2026-08-01,https://www.fukushi.metro.tokyo.lg.jp/documents/d/fukushi/20260801_seishin_houkan-xlsx-xlsx
7393382,セントケア訪問看護ステーション西荻,167-0053,杉並区,杉並区西荻南３－２２－９　エクセリア西荻窪２－Ａ,03-5344-3120,2019-07-01,2025-07-01,houkan,2026-08-01,https://www.fukushi.metro.tokyo.lg.jp/documents/d/fukushi/20260801_seishin_houkan-xlsx-xlsx
7393457,訪問看護ステーション co-co-ro,167-0043,杉並区,杉並区上荻３－２６－１４　ドミトリー上荻Ⅱ２０２,03-6913-6778,2019-08-01,2025-08-01,houkan,2026-08-01,https://www.fukushi.metro.tokyo.lg.jp/documents/d/fukushi/20260801_seishin_houkan-xlsx-xlsx
7393523,ソフィアメディ訪問看護ステーション永福,168-0064,杉並区,杉並区永福４－６－１３　アメニティコート４７０　２階,03-6265-8604,2019-09-01,2025-09-01,houkan,2026-08-01,https://www.fukushi.metro.tokyo.lg.jp/documents/d/fukushi/20260801_seishin_houkan-xlsx-xlsx
7393648,ソフィアメディ訪問看護ステーション西荻窪,167-0054,杉並区,杉並区松庵２－１３－３３　ＶＩＬＬＡ　ＭＡＲＲＯＮＮＩＥＲＥ　１Ｆ,03-5941-7512,2019-10-01,2025-10-01,houkan,2026-08-01,https://www.fukushi.metro.tokyo.lg.jp/documents/d/fukushi/20260801_seishin_houkan-xlsx-xlsx
7393812,ぱんだ訪問看護リハビリステーション,167-0042,杉並区,杉並区西荻北２－１－３　シャトルマンション１０２,03-6913-6124,2020-04-01,2026-04-01,houkan,2026-08-01,https://www.fukushi.metro.tokyo.lg.jp/documents/d/fukushi/20260801_seishin_houkan-xlsx-xlsx
7394166,ソフィアメディ訪問看護ステーション下井草,167-0022,杉並区,杉並区下井草２－１９－１９,03-6913-8790,2020-02-01,2026-02-01,houkan,2026-08-01,https://www.fukushi.metro.tokyo.lg.jp/documents/d/fukushi/20260801_seishin_houkan-xlsx-xlsx
7394950,ホウカンＴＯＫＹＯ,166-0012,杉並区,杉並区和田３－３２－９,03-5913-7299,2020-10-01,,houkan,2026-08-01,https://www.fukushi.metro.tokyo.lg.jp/documents/d/fukushi/20260801_seishin_houkan-xlsx-xlsx
7395122,野いちご訪問看護ステーション,167-0022,杉並区,杉並区下井草３－８－５,03-6913-8590,2020-10-01,,houkan,2026-08-01,https://www.fukushi.metro.tokyo.lg.jp/documents/d/fukushi/20260801_seishin_houkan-xlsx-xlsx
7395635,ＣＢ訪問看護リハビリステーション井荻,167-0021,杉並区,杉並区井草４－８－１４,03-6822-7257,2022-10-01,,houkan,2026-08-01,https://www.fukushi.metro.tokyo.lg.jp/documents/d/fukushi/20260801_seishin_houkan-xlsx-xlsx
7396138,訪問看護ステーションナンナル,166-0001,杉並区,杉並区阿佐谷北３－２－１０,03-5656-4078,2021-04-01,,houkan,2026-08-01,https://www.fukushi.metro.tokyo.lg.jp/documents/d/fukushi/20260801_seishin_houkan-xlsx-xlsx
7396146,エル訪問看護ステーション,166-0002,杉並区,杉並区高円寺北３－２２－１　利研ビル７０２,03-5356-7310,2021-08-01,,houkan,2026-08-01,https://www.fukushi.metro.tokyo.lg.jp/documents/d/fukushi/20260801_seishin_houkan-xlsx-xlsx
7396351,アート訪問看護センター,166-0011,杉並区,杉並区梅里１－２１－８,03-5929-9497,2023-12-01,,houkan,2026-08-01,https://www.fukushi.metro.tokyo.lg.jp/documents/d/fukushi/20260801_seishin_houkan-xlsx-xlsx
7397730,シーエルポート杉並,168-0081,杉並区,杉並区宮前４－１－２３　プレミアムスペース富士見ヶ丘１０２号,03-3331-5713,2009-10-01,2021-10-01,houkan,2026-08-01,https://www.fukushi.metro.tokyo.lg.jp/documents/d/fukushi/20260801_seishin_houkan-xlsx-xlsx
7397805,ファミリア訪問看護リハビリステーション,166-0003,杉並区,杉並区高円寺南４－２９－１３　大雅堂マンション６Ｃ,03-6383-2905,2022-04-01,,houkan,2026-08-01,https://www.fukushi.metro.tokyo.lg.jp/documents/d/fukushi/20260801_seishin_houkan-xlsx-xlsx
7398019,ＰＩＥＣＥ訪問看護ステーション,168-0063,杉並区,杉並区和泉１－１９－１３　センチュリーＫＤ２０２,03-6304-3398,2023-12-01,,houkan,2026-08-01,https://www.fukushi.metro.tokyo.lg.jp/documents/d/fukushi/20260801_seishin_houkan-xlsx-xlsx
7398662,訪問看護ステーション はな 荻窪,167-0051,杉並区,杉並区荻窪４－１１－１６　ドミシール荻窪１０１,03-6823-4666,2022-09-01,,houkan,2026-08-01,https://www.fukushi.metro.tokyo.lg.jp/documents/d/fukushi/20260801_seishin_houkan-xlsx-xlsx
7399074,セントケアＤＸ訪問看護ステーション高円寺,166-0013,杉並区,杉並区高円寺北４－３２－４　カーサベルテ３０１号,03-4431-3214,2022-11-01,,houkan,2026-08-01,https://www.fukushi.metro.tokyo.lg.jp/documents/d/fukushi/20260801_seishin_houkan-xlsx-xlsx
7399553,Ｎａｎａ訪問看護ステーション下井草,167-0022,杉並区,杉並区下井草１－２７－３　トリコロール３号室,03-6826-9460,2023-07-01,,houkan,2026-08-01,https://www.fukushi.metro.tokyo.lg.jp/documents/d/fukushi/20260801_seishin_houkan-xlsx-xlsx
7399561,ツクイ杉並訪問看護ステーション,167-0022,杉並区,杉並区下井草２－１８－１６　プラチナテラス・ロイロ２０２,03-5382-7162,2023-04-01,,houkan,2026-08-01,https://www.fukushi.metro.tokyo.lg.jp/documents/d/fukushi/20260801_seishin_houkan-xlsx-xlsx
7399892,グラン訪問看護ＴＯＫＹＯ,167-0023,杉並区,杉並区上井草１－２２－１７　浅賀マンション２１０号室,03-6915-0330,2023-05-01,,houkan,2026-08-01,https://www.fukushi.metro.tokyo.lg.jp/documents/d/fukushi/20260801_seishin_houkan-xlsx-xlsx
7399918,セントケアＤＸ訪問看護ステーション堀ノ内,166-0013,杉並区,杉並区堀ノ内１－１０－２　堀ノ内ＧＡＬＡＸＹ４Ａ,03-4431-3211,2023-04-01,,houkan,2026-08-01,https://www.fukushi.metro.tokyo.lg.jp/documents/d/fukushi/20260801_seishin_houkan-xlsx-xlsx
7491681,トータルライフケア杉並訪問看護ステーション,167-0033,杉並区,杉並区清水３－３１－１０　ｙａｓｈｉｍａビル２階,03-6454-7280,2023-08-01,,houkan,2026-08-01,https://www.fukushi.metro.tokyo.lg.jp/documents/d/fukushi/20260801_seishin_houkan-xlsx-xlsx
7491939,あいず訪問看護ステーション荻窪,167-0051,杉並区,杉並区荻窪５－１４－４　荻窪武蔵野マンション１０４,03-5335-9771,2023-09-01,,houkan,2026-08-01,https://www.fukushi.metro.tokyo.lg.jp/documents/d/fukushi/20260801_seishin_houkan-xlsx-xlsx
7492465,訪問看護ステーション デライト杉並,167-0042,杉並区,杉並区西荻北２－３－９　トラストビル２階,03-6454-7528,2020-11-01,,houkan,2026-08-01,https://www.fukushi.metro.tokyo.lg.jp/documents/d/fukushi/20260801_seishin_houkan-xlsx-xlsx
7493794,ぴゅあ訪問看護リハビリステーション,166-0003,杉並区,杉並区高円寺南４－２７－７　ラインビルド高円寺・林４０３,03-5913-8435,2024-05-01,,houkan,2026-08-01,https://www.fukushi.metro.tokyo.lg.jp/documents/d/fukushi/20260801_seishin_houkan-xlsx-xlsx
7494438,杉並ふくろう訪問看護リハビリステーション,168-0063,杉並区,杉並区和泉３－４１－６,03-6379-3691,2024-10-01,,houkan,2026-08-01,https://www.fukushi.metro.tokyo.lg.jp/documents/d/fukushi/20260801_seishin_houkan-xlsx-xlsx
7495187,ソラーナ訪問看護ステーション,167-0022,杉並区,杉並区下井草４－３２－１７　第二陵雲閣マンション３０４号室,03-6913-6512,2025-06-01,,houkan,2026-08-01,https://www.fukushi.metro.tokyo.lg.jp/documents/d/fukushi/20260801_seishin_houkan-xlsx-xlsx
7495518,訪問看護ステーションコルディアーレ杉並,132-0024,杉並区,杉並区方南１－５３－９　髙見澤貸事務１階,03-5929-8960,2025-04-01,,houkan,2026-08-01,https://www.fukushi.metro.tokyo.lg.jp/documents/d/fukushi/20260801_seishin_houkan-xlsx-xlsx
7497019,訪問看護ステーションＧＯＲＩＬＬＡ ＣＡＲＥ,166-0012,杉並区,杉並区和田１－１４－３,03-5340-7130,2026-03-01,,houkan,2026-08-01,https://www.fukushi.metro.tokyo.lg.jp/documents/d/fukushi/20260801_seishin_houkan-xlsx-xlsx
7497308,訪問看護ステーションドルチェ,168-0063,杉並区,杉並区和泉１－３－１　２階,03-5726-9517,2026-03-01,,houkan,2026-08-01,https://www.fukushi.metro.tokyo.lg.jp/documents/d/fukushi/20260801_seishin_houkan-xlsx-xlsx
7192982,医療法人社団日心会 おおつか訪問看護ステーション,170-0004,豊島区,豊島区北大塚１－１８－８　田村ビル２階,03-3916-7185,2007-08-01,2025-08-01,houkan,2026-08-01,https://www.fukushi.metro.tokyo.lg.jp/documents/d/fukushi/20260801_seishin_houkan-xlsx-xlsx
7195944,セコムとしま訪問看護ステーション,170-0005,豊島区,豊島区南大塚２－３５－７　平文社ビル３Ｆ,03-3947-5750,2011-03-01,2023-03-01,houkan,2026-08-01,https://www.fukushi.metro.tokyo.lg.jp/documents/d/fukushi/20260801_seishin_houkan-xlsx-xlsx
7198401,さわやかケアポートとしま・訪問看護,170-0004,豊島区,豊島区北大塚１－１２－１５,03-5907-4292,2016-03-01,2022-03-01,houkan,2026-08-01,https://www.fukushi.metro.tokyo.lg.jp/documents/d/fukushi/20260801_seishin_houkan-xlsx-xlsx
7198948,訪問看護ステーション ホームケア練馬,171-0052,豊島区,豊島区南長崎６－３４－３　ツム・アウフタクト２階,03-5988-7657,2008-07-01,2026-07-01,houkan,2026-08-01,https://www.fukushi.metro.tokyo.lg.jp/documents/d/fukushi/20260801_seishin_houkan-xlsx-xlsx
7199011,セントケア訪問看護ステーション豊島,170-0013,豊島区,豊島区東池袋３－２０－２１　広宣ビル２階,03-5953-5034,2007-02-01,2025-02-01,houkan,2026-08-01,https://www.fukushi.metro.tokyo.lg.jp/documents/d/fukushi/20260801_seishin_houkan-xlsx-xlsx
7292709,訪問看護ステーション ホームケア池袋,170-0013,豊島区,豊島区東池袋２－７－４　Ｋ・Ｂ東池袋４階,03-5928-0244,2014-05-01,2026-05-01,houkan,2026-08-01,https://www.fukushi.metro.tokyo.lg.jp/documents/d/fukushi/20260801_seishin_houkan-xlsx-xlsx
7292840,ナースステーション東京 池袋支店,171-0044,豊島区,豊島区千早１－２２－２　ラヴィータ要町１０１,03-5926-9415,2013-05-01,2025-05-01,houkan,2026-08-01,https://www.fukushi.metro.tokyo.lg.jp/documents/d/fukushi/20260801_seishin_houkan-xlsx-xlsx
7293731,おんびっと訪問看護ステーション,170-0002,豊島区,豊島区巣鴨２－１１－５　巣鴨第一ビル７階,03-6903-6643,2015-05-01,2021-05-01,houkan,2026-08-01,https://www.fukushi.metro.tokyo.lg.jp/documents/d/fukushi/20260801_seishin_houkan-xlsx-xlsx
7293889,訪問看護ステーション こころ千川,171-0044,豊島区,豊島区千早１－２８－１３,03-6909-5062,2014-03-01,2026-03-01,houkan,2026-08-01,https://www.fukushi.metro.tokyo.lg.jp/documents/d/fukushi/20260801_seishin_houkan-xlsx-xlsx
7296189,葵の空在宅看護センター,171-0043,豊島区,豊島区要町２－３０－６,03-6905-9582,2015-12-01,2021-12-01,houkan,2026-08-01,https://www.fukushi.metro.tokyo.lg.jp/documents/d/fukushi/20260801_seishin_houkan-xlsx-xlsx
7297070,東池袋訪問看護リハビリステーション,170-0013,豊島区,豊島区東池袋１－４４－８　パークサイドビル５Ｅ,03-5904-8099,2016-06-01,2022-06-01,houkan,2026-08-01,https://www.fukushi.metro.tokyo.lg.jp/documents/d/fukushi/20260801_seishin_houkan-xlsx-xlsx
7298052,訪問看護リハビリステーションＳＯＲＡ,171-0044,豊島区,豊島区千早３－２４－３,03-6905-8960,2017-01-01,2023-01-01,houkan,2026-08-01,https://www.fukushi.metro.tokyo.lg.jp/documents/d/fukushi/20260801_seishin_houkan-xlsx-xlsx
7391477,訪問看護ステーション ウィリング,170-0002,豊島区,豊島区巣鴨１－２９－１１　図南社ビル２階,03-6902-9565,2018-06-01,2024-06-01,houkan,2026-08-01,https://www.fukushi.metro.tokyo.lg.jp/documents/d/fukushi/20260801_seishin_houkan-xlsx-xlsx
7392137,セントケア訪問看護ステーション池袋,171-0014,豊島区,豊島区池袋２－３５－１２　井戸ビル１階,03-5911-5520,2018-11-01,2024-11-01,houkan,2026-08-01,https://www.fukushi.metro.tokyo.lg.jp/documents/d/fukushi/20260801_seishin_houkan-xlsx-xlsx
7392814,訪問看護ステーションはな 池袋,170-0013,豊島区,豊島区東池袋２－２１－６朝日プラザ東池袋１０１,03-6822-6708,2019-04-01,2025-04-01,houkan,2026-08-01,https://www.fukushi.metro.tokyo.lg.jp/documents/d/fukushi/20260801_seishin_houkan-xlsx-xlsx
7393002,アットイーズ訪問看護リハビリステーション上池袋,170-0012,豊島区,豊島区上池袋４－２７－２０　パーラヴィアランス１０１,03-6824-5551,2019-10-01,2025-10-01,houkan,2026-08-01,https://www.fukushi.metro.tokyo.lg.jp/documents/d/fukushi/20260801_seishin_houkan-xlsx-xlsx
7393010,訪問看護ステーションデューン池袋,171-0014,豊島区,豊島区池袋２－６６－２　小林ビル１階,03-5926-9630,2019-04-01,2025-04-01,houkan,2026-08-01,https://www.fukushi.metro.tokyo.lg.jp/documents/d/fukushi/20260801_seishin_houkan-xlsx-xlsx
7393143,コモド訪問看護ステーション,170-0001,豊島区,豊島区西巣鴨３－４－１０山下ビル１階,03-5972-1110,2019-06-01,2025-06-01,houkan,2026-08-01,https://www.fukushi.metro.tokyo.lg.jp/documents/d/fukushi/20260801_seishin_houkan-xlsx-xlsx
7393994,たばこま訪問看護ステーション,170-0003,豊島区,豊島区駒込３－５－５　エフティビル３階,03-6822-0144,2020-01-01,2026-01-01,houkan,2026-08-01,https://www.fukushi.metro.tokyo.lg.jp/documents/d/fukushi/20260801_seishin_houkan-xlsx-xlsx
7394174,訪問看護ステーションすずめが丘,171-0043,豊島区,豊島区要町１－２５－１５,03-6909-5337,2020-03-01,2026-03-01,houkan,2026-08-01,https://www.fukushi.metro.tokyo.lg.jp/documents/d/fukushi/20260801_seishin_houkan-xlsx-xlsx
7394570,かのん訪問看護ステーションとも,171-0031,豊島区,豊島区目白３－１７－１,03-6908-2290,2020-06-01,2026-06-01,houkan,2026-08-01,https://www.fukushi.metro.tokyo.lg.jp/documents/d/fukushi/20260801_seishin_houkan-xlsx-xlsx
7394836,訪問看護ステーションはなえみ池袋,171-0022,豊島区,豊島区南池袋２－６－１２　宮城ビル２階２０３,03-5985-4331,2020-09-01,,houkan,2026-08-01,https://www.fukushi.metro.tokyo.lg.jp/documents/d/fukushi/20260801_seishin_houkan-xlsx-xlsx
7394968,アワー訪問看護ステーション,171-0021,豊島区,豊島区西池袋４－３６－１９　エステートピアＮＡＱ１０１号,03-6909-5894,2020-12-01,,houkan,2026-08-01,https://www.fukushi.metro.tokyo.lg.jp/documents/d/fukushi/20260801_seishin_houkan-xlsx-xlsx
7395643,ビコー訪問看護リハビリステーション豊島,170-0004,豊島区,豊島区北大塚１－２－６　ＭＡＮ巣鴨１０３,03-5972-1414,2021-01-01,,houkan,2026-08-01,https://www.fukushi.metro.tokyo.lg.jp/documents/d/fukushi/20260801_seishin_houkan-xlsx-xlsx
7396435,池袋本町訪問看護ステーション,170-0011,豊島区,豊島区池袋本町２－３８－５,03-3985-7882,2012-02-01,2024-02-01,houkan,2026-08-01,https://www.fukushi.metro.tokyo.lg.jp/documents/d/fukushi/20260801_seishin_houkan-xlsx-xlsx
7396591,サステナース訪問看護リハビリステーション,171-0043,豊島区,豊島区要町１－２－３　金子マンション２０２,03-5926-8080,2021-08-01,,houkan,2026-08-01,https://www.fukushi.metro.tokyo.lg.jp/documents/d/fukushi/20260801_seishin_houkan-xlsx-xlsx
7396898,訪問看護リハビリステーション エガオコネクト,170-0004,豊島区,豊島区北大塚１－２－６　ＭＡＮ巣鴨２０１,03-6903-4968,2021-12-01,,houkan,2026-08-01,https://www.fukushi.metro.tokyo.lg.jp/documents/d/fukushi/20260801_seishin_houkan-xlsx-xlsx
7396914,訪問看護ステーションともる,171-0022,豊島区,豊島区南池袋２－８－５　ライオンズマンション９０７号,03-5928-5286,2021-10-01,,houkan,2026-08-01,https://www.fukushi.metro.tokyo.lg.jp/documents/d/fukushi/20260801_seishin_houkan-xlsx-xlsx
7397250,エール訪問看護リハビリステーション,170-0005,豊島区,豊島区南大塚２－２９－９　サンレックス２０３号室,03-6902-2683,2021-11-01,,houkan,2026-08-01,https://www.fukushi.metro.tokyo.lg.jp/documents/d/fukushi/20260801_seishin_houkan-xlsx-xlsx
7397334,訪問看護ステーション郷,171-0022,豊島区,豊島区南池袋４－５－１,03-5927-8234,2023-01-01,,houkan,2026-08-01,https://www.fukushi.metro.tokyo.lg.jp/documents/d/fukushi/20260801_seishin_houkan-xlsx-xlsx
7397631,いちご訪問看護ステーション,171-0014,豊島区,豊島区池袋２－３３－１７　オリエントハイツ２０２,03-6907-1836,2022-04-01,,houkan,2026-08-01,https://www.fukushi.metro.tokyo.lg.jp/documents/d/fukushi/20260801_seishin_houkan-xlsx-xlsx
7399413,みつバチ訪問看護ステーション,170-0005,豊島区,豊島区南大塚１－３５－２２　１階,03-3576-8148,2023-03-01,,houkan,2026-08-01,https://www.fukushi.metro.tokyo.lg.jp/documents/d/fukushi/20260801_seishin_houkan-xlsx-xlsx
7399926,えん訪問看護ステーション東京 池袋,171-0014,豊島区,豊島区池袋３－９－６　新光池袋第３コーポ１０１,03-6903-1625,2023-09-01,,houkan,2026-08-01,https://www.fukushi.metro.tokyo.lg.jp/documents/d/fukushi/20260801_seishin_houkan-xlsx-xlsx
7491699,訪問看護ステーションナーレ池袋,170-0012,豊島区,豊島区上池袋４－９－８　グランドメゾン上池袋１０４,03-6903-5106,2023-10-01,,houkan,2026-08-01,https://www.fukushi.metro.tokyo.lg.jp/documents/d/fukushi/20260801_seishin_houkan-xlsx-xlsx
7492473,訪問看護ステーション デライト池袋,171-0014,豊島区,豊島区池袋２－５５－１２　セピア池袋Ⅱ　２０６,03-6914-3257,2021-03-01,,houkan,2026-08-01,https://www.fukushi.metro.tokyo.lg.jp/documents/d/fukushi/20260801_seishin_houkan-xlsx-xlsx
7492499,ひまわり訪問看護ステーション,171-0051,豊島区,豊島区長崎２－５－５　第２椎名町ハイム１階,03-5964-5006,2023-10-01,,houkan,2026-08-01,https://www.fukushi.metro.tokyo.lg.jp/documents/d/fukushi/20260801_seishin_houkan-xlsx-xlsx
7492507,訪問看護ステーションまんぞく,170-0011,豊島区,豊島区池袋本町１－２８－１－１０１,03-6912-5426,2023-12-01,,houkan,2026-08-01,https://www.fukushi.metro.tokyo.lg.jp/documents/d/fukushi/20260801_seishin_houkan-xlsx-xlsx
7493802,たいよう訪問看護ステーション,171-0021,豊島区,豊島区西池袋３－２４－３　藤井ビル７階,050-1807-7343,2024-06-01,,houkan,2026-08-01,https://www.fukushi.metro.tokyo.lg.jp/documents/d/fukushi/20260801_seishin_houkan-xlsx-xlsx
7494941,しろくま訪問看護ステーション,170-0011,豊島区,豊島区池袋本町４－１１　小林ハウス１０２,050-1750-6289,2025-01-01,,houkan,2026-08-01,https://www.fukushi.metro.tokyo.lg.jp/documents/d/fukushi/20260801_seishin_houkan-xlsx-xlsx
7495534,きらめき訪問看護リハビリステーション池袋事業所,170-0013,豊島区,豊島区東池袋３－２０－９　宏和ビル１階,03-5928-5335,2026-04-01,,houkan,2026-08-01,https://www.fukushi.metro.tokyo.lg.jp/documents/d/fukushi/20260801_seishin_houkan-xlsx-xlsx
7495914,なないろ訪問看護,170-0003,豊島区,豊島区駒込１－４－５　東俳シャトル館３０１,03-5810-1705,2026-03-01,,houkan,2026-08-01,https://www.fukushi.metro.tokyo.lg.jp/documents/d/fukushi/20260801_seishin_houkan-xlsx-xlsx
7497191,ショートケーキ訪問看護ステーション,170-0011,豊島区,豊島区池袋本町１－８－１７,080-7195-2430,2026-03-01,,houkan,2026-08-01,https://www.fukushi.metro.tokyo.lg.jp/documents/d/fukushi/20260801_seishin_houkan-xlsx-xlsx
7192669,博栄会訪問看護ステーション,115-0044,北区,北区赤羽南２－１２－５　五十子ビル１階,03-3903-0711,2007-02-01,2025-02-01,houkan,2026-08-01,https://www.fukushi.metro.tokyo.lg.jp/documents/d/fukushi/20260801_seishin_houkan-xlsx-xlsx
7192990,ふれあい訪問看護ステーション,114-0004,北区,北区堀船３－３１－１５　ふれあいセンタービル２階,03-3911-3000,2007-03-01,2025-03-01,houkan,2026-08-01,https://www.fukushi.metro.tokyo.lg.jp/documents/d/fukushi/20260801_seishin_houkan-xlsx-xlsx
7193121,神谷病院訪問看護ステーション,115-0043,北区,北区神谷１－２７－１４,03-3822-6699,2009-06-01,2021-06-01,houkan,2026-08-01,https://www.fukushi.metro.tokyo.lg.jp/documents/d/fukushi/20260801_seishin_houkan-xlsx-xlsx
7193725,あすか山訪問看護ステーション,115-0043,北区,北区神谷１－１３－１０　Ｋｏｕｒｔ　Ｋ３　１階,03-5959-3121,2007-01-01,2025-01-01,houkan,2026-08-01,https://www.fukushi.metro.tokyo.lg.jp/documents/d/fukushi/20260801_seishin_houkan-xlsx-xlsx
7195894,訪問看護ステーションほくと,114-0003,北区,北区豊島３－１９－３　東京ほくと医療生協豊島ビル１階,03-5902-7156,2017-01-01,2023-01-01,houkan,2026-08-01,https://www.fukushi.metro.tokyo.lg.jp/documents/d/fukushi/20260801_seishin_houkan-xlsx-xlsx
7196793,さわやか訪問看護ステーション,114-0011,北区,北区昭和町２－７－１３　ＳＫビル２階,03-3810-7127,2010-07-01,2022-07-01,houkan,2026-08-01,https://www.fukushi.metro.tokyo.lg.jp/documents/d/fukushi/20260801_seishin_houkan-xlsx-xlsx
7291479,訪問看護ステーション飛鳥晴山苑,114-0024,北区,北区西ケ原４－５１－１,03-5980-0102,2011-09-01,2023-09-01,houkan,2026-08-01,https://www.fukushi.metro.tokyo.lg.jp/documents/d/fukushi/20260801_seishin_houkan-xlsx-xlsx
7292212,うらら訪問看護ステーション,115-0042,北区,北区志茂３－１３－５　信濃ビル３階,03-5939-6731,2015-07-01,2021-07-01,houkan,2026-08-01,https://www.fukushi.metro.tokyo.lg.jp/documents/d/fukushi/20260801_seishin_houkan-xlsx-xlsx
7292873,はくちょう訪問看護ステーション,114-0014,北区,北区田端３－１８－２４,03-3822-6082,2013-08-01,2025-08-01,houkan,2026-08-01,https://www.fukushi.metro.tokyo.lg.jp/documents/d/fukushi/20260801_seishin_houkan-xlsx-xlsx
7293749,大橋病院訪問看護ステーション,115-0055,北区,北区赤羽西６－１７－８　１階,03-5963-6301,2018-05-01,2024-05-01,houkan,2026-08-01,https://www.fukushi.metro.tokyo.lg.jp/documents/d/fukushi/20260801_seishin_houkan-xlsx-xlsx
7294523,多幸会訪問看護ステーション,114-0023,北区,北区滝野川７－７－１　ライズＦＴビル１階,03-5972-4766,2016-12-01,2022-12-01,houkan,2026-08-01,https://www.fukushi.metro.tokyo.lg.jp/documents/d/fukushi/20260801_seishin_houkan-xlsx-xlsx
7294861,訪問看護ステーションそれいゆ,114-0012,北区,北区田端新町１－２２－５,03-5855-3744,2006-12-01,2024-12-01,houkan,2026-08-01,https://www.fukushi.metro.tokyo.lg.jp/documents/d/fukushi/20260801_seishin_houkan-xlsx-xlsx
7296080,花と森の訪問看護ステーション ペンギン,114-0024,北区,北区西ヶ原２－３－２,03-5980-7121,2015-10-01,2021-10-01,houkan,2026-08-01,https://www.fukushi.metro.tokyo.lg.jp/documents/d/fukushi/20260801_seishin_houkan-xlsx-xlsx
7296635,王子神谷訪問看護リハビリステーション,114-0002,北区,北区王子５－２－２－１１７,03-5902-3881,2016-12-01,2022-12-01,houkan,2026-08-01,https://www.fukushi.metro.tokyo.lg.jp/documents/d/fukushi/20260801_seishin_houkan-xlsx-xlsx
7297088,訪問看護ステーション凛,115-0045,北区,北区赤羽２－４８－３　末広ビル３階,03-5939-4026,2016-05-01,2022-05-01,houkan,2026-08-01,https://www.fukushi.metro.tokyo.lg.jp/documents/d/fukushi/20260801_seishin_houkan-xlsx-xlsx
7394588,訪問看護ステーション はな 赤羽,115-0044,北区,北区赤羽南２－１１－１４　ルイケ第二マンション１階,03-6822-6565,2020-05-01,2026-05-01,houkan,2026-08-01,https://www.fukushi.metro.tokyo.lg.jp/documents/d/fukushi/20260801_seishin_houkan-xlsx-xlsx
7396609,訪問看護ステーションナースケア心愛赤羽,115-0045,北区,北区赤羽３－８－９　ロアハウス池田２０２号室,03-5939-7930,2021-08-01,,houkan,2026-08-01,https://www.fukushi.metro.tokyo.lg.jp/documents/d/fukushi/20260801_seishin_houkan-xlsx-xlsx
7397128,スマイル優 訪問看護ステーション,114-0004,北区,北区豊島３－２０－１２　アップステアーズａｎｎｅｘ２０１,03-6770-6522,2021-10-01,,houkan,2026-08-01,https://www.fukushi.metro.tokyo.lg.jp/documents/d/fukushi/20260801_seishin_houkan-xlsx-xlsx
7398027,絆訪問看護ステーション赤羽,115-0045,北区,北区赤羽１－６１－１１　中央ビル２階,03-3903-3037,2022-04-01,,houkan,2026-08-01,https://www.fukushi.metro.tokyo.lg.jp/documents/d/fukushi/20260801_seishin_houkan-xlsx-xlsx
7398381,東京療育・障がい訪問看護ステーション,114-0034,北区,北区上十条２－１－１２　ＭＥＴＥO　１０１,03-5948-9236,2022-11-01,,houkan,2026-08-01,https://www.fukushi.metro.tokyo.lg.jp/documents/d/fukushi/20260801_seishin_houkan-xlsx-xlsx
7398563,訪問看護ステーション ぱんだ,115-0045,北区,北区赤羽１－６６－５　グリーンコーポⅡ　３０１,03-6903-9822,2022-09-01,,houkan,2026-08-01,https://www.fukushi.metro.tokyo.lg.jp/documents/d/fukushi/20260801_seishin_houkan-xlsx-xlsx
7398928,訪問看護ステーション ＡＬＷＡＹＳ赤羽,115-0045,北区,北区赤羽２－１９－１０　伊東ビル２０１号,03-5939-9151,2022-10-01,,houkan,2026-08-01,https://www.fukushi.metro.tokyo.lg.jp/documents/d/fukushi/20260801_seishin_houkan-xlsx-xlsx
7398936,訪問看護ステーション はな 王子,114-0016,北区,北区上中里３－６－１７,03-6823-7686,2022-12-01,,houkan,2026-08-01,https://www.fukushi.metro.tokyo.lg.jp/documents/d/fukushi/20260801_seishin_houkan-xlsx-xlsx
7399082,東京華仁訪問看護ステーション,114-0012,北区,北区田端新町１－２０－１１　メゾンブラン田端１００１,03-6674-1388,2023-02-01,,houkan,2026-08-01,https://www.fukushi.metro.tokyo.lg.jp/documents/d/fukushi/20260801_seishin_houkan-xlsx-xlsx
7399421,みつば訪問看護ステーション赤羽,114-0001,北区,北区東十条６－７－１２　サンチェリーハイツ１０１,03-6903-9029,2023-04-01,,houkan,2026-08-01,https://www.fukushi.metro.tokyo.lg.jp/documents/d/fukushi/20260801_seishin_houkan-xlsx-xlsx
7399934,訪問看護ステーション ホームケア赤羽,105-0021,北区,北区志茂２－２１－１　ｍａｉｓｏｎ　ｄｅ　ｕｒｂａｎ２０１,03-5249-3313,2023-04-01,,houkan,2026-08-01,https://www.fukushi.metro.tokyo.lg.jp/documents/d/fukushi/20260801_seishin_houkan-xlsx-xlsx
7491293,訪問看護ステーションはなえみ駒込,114-0024,北区,北区西ケ原１－１１－４　駒込Ｋ＆ＭビルＢ１０１,03-5944-5640,2023-08-01,,houkan,2026-08-01,https://www.fukushi.metro.tokyo.lg.jp/documents/d/fukushi/20260801_seishin_houkan-xlsx-xlsx
7491533,Ｃｈｅｅｒ Ｕｐ ａｔ Ｎｕｒｓｉｎｇ,114-0022,北区,北区王子本町１－２４－６　ハイムロワール１０１,03-6313-1225,2023-07-01,,houkan,2026-08-01,https://www.fukushi.metro.tokyo.lg.jp/documents/d/fukushi/20260801_seishin_houkan-xlsx-xlsx
7491632,タツミ訪問看護ステーション滝野川,114-0023,北区,北区滝野川１－６８－７　早稲田ビル４階,03-6903-7574,2019-02-01,2025-02-01,houkan,2026-08-01,https://www.fukushi.metro.tokyo.lg.jp/documents/d/fukushi/20260801_seishin_houkan-xlsx-xlsx
7491707,訪問看護ステーションデューン王子,114-0021,北区,北区岸町１－６－１９　青葉ビル２階,03-6903-2678,2023-07-01,,houkan,2026-08-01,https://www.fukushi.metro.tokyo.lg.jp/documents/d/fukushi/20260801_seishin_houkan-xlsx-xlsx
7491715,東京療育・家族支援訪問看護ステーション,115-0045,北区,北区赤羽２－４７－２　１０１,03-6824-6360,2024-02-01,,houkan,2026-08-01,https://www.fukushi.metro.tokyo.lg.jp/documents/d/fukushi/20260801_seishin_houkan-xlsx-xlsx
7491947,アワー訪問看護ステーション赤羽,115-0051,北区,北区浮間１－１４－３　ユーコート赤羽１０４,03-6824-5872,2023-09-01,,houkan,2026-08-01,https://www.fukushi.metro.tokyo.lg.jp/documents/d/fukushi/20260801_seishin_houkan-xlsx-xlsx
7492200,しりうす訪問看護ステーション,115-0052,北区,北区赤羽北１－１２－１４　１階,03-5948-6805,2023-09-01,,houkan,2026-08-01,https://www.fukushi.metro.tokyo.lg.jp/documents/d/fukushi/20260801_seishin_houkan-xlsx-xlsx
7492218,ｓｔｅｌｌａ訪問看護北ステーション,114-0011,北区,北区昭和町１－２－２４　アルテーオグ１階,03-5944-2699,2023-10-01,,houkan,2026-08-01,https://www.fukushi.metro.tokyo.lg.jp/documents/d/fukushi/20260801_seishin_houkan-xlsx-xlsx
7492515,訪問看護ステーションｈａｒｕ ｓｔｙｌｅ北区王子,114-0002,北区,北区王子１－１９－１１　第一サカモトビル５階,03-5933-6961,2023-11-01,,houkan,2026-08-01,https://www.fukushi.metro.tokyo.lg.jp/documents/d/fukushi/20260801_seishin_houkan-xlsx-xlsx
7492523,訪問看護ステーションエルライト,115-0052,北区,北区赤羽北２－２８－１　コーポ原島１０３,03-6385-1353,2023-12-01,,houkan,2026-08-01,https://www.fukushi.metro.tokyo.lg.jp/documents/d/fukushi/20260801_seishin_houkan-xlsx-xlsx
7494602,にこっと訪問看護ステーション,115-0042,北区,北区志茂１－１８－１,03-5948-6575,2025-01-01,,houkan,2026-08-01,https://www.fukushi.metro.tokyo.lg.jp/documents/d/fukushi/20260801_seishin_houkan-xlsx-xlsx
7494743,訪問看護ステーションことぶき,115-0043,北区,北区神谷１－７－１２　フローラ神谷橋１０２,03-6903-2954,2025-02-01,,houkan,2026-08-01,https://www.fukushi.metro.tokyo.lg.jp/documents/d/fukushi/20260801_seishin_houkan-xlsx-xlsx
7496003,訪問看護ステーションももいろ,115-0051,北区,北区浮間１－６－１８　１階,03-6821-2360,2026-05-01,,houkan,2026-08-01,https://www.fukushi.metro.tokyo.lg.jp/documents/d/fukushi/20260801_seishin_houkan-xlsx-xlsx
7496334,訪問看護ステーションＳＯＮＯＫＡ,114-0001,北区,北区東十条３－４－７,03-5933-6920,2026-07-01,,houkan,2026-08-01,https://www.fukushi.metro.tokyo.lg.jp/documents/d/fukushi/20260801_seishin_houkan-xlsx-xlsx
7496763,訪問看護ステーションゆうわ,114-0001,北区,北区東十条２－４－３,03-6826-2103,2026-06-01,,houkan,2026-08-01,https://www.fukushi.metro.tokyo.lg.jp/documents/d/fukushi/20260801_seishin_houkan-xlsx-xlsx
7192313,訪問看護ステーションみどり,116-0001,荒川区,荒川区町屋４－１－１６,03-3892-0106,2007-02-01,2025-02-01,houkan,2026-08-01,https://www.fukushi.metro.tokyo.lg.jp/documents/d/fukushi/20260801_seishin_houkan-xlsx-xlsx
7197775,訪問看護ステーションＳＵＮ,116-0013,荒川区,荒川区西日暮里６－８－８　モミービル２階,03-6458-2166,2008-03-01,2026-03-01,houkan,2026-08-01,https://www.fukushi.metro.tokyo.lg.jp/documents/d/fukushi/20260801_seishin_houkan-xlsx-xlsx
7197791,スイートハート訪問看護ステーション,116-0014,荒川区,荒川区東日暮里５－５０－１７　アネックスＭ３０１,03-5604-1554,2007-05-01,2025-05-01,houkan,2026-08-01,https://www.fukushi.metro.tokyo.lg.jp/documents/d/fukushi/20260801_seishin_houkan-xlsx-xlsx
7199623,訪問看護ステーションつばさ,116-0011,荒川区,荒川区西尾久７－７－４　３階,03-5692-5217,2008-09-01,2020-09-01,houkan,2026-08-01,https://www.fukushi.metro.tokyo.lg.jp/documents/d/fukushi/20260801_seishin_houkan-xlsx-xlsx
7199870,磯医院訪問看護ステーション,116-0003,荒川区,荒川区南千住５－９－１,03-5615-2760,2011-05-01,2023-05-01,houkan,2026-08-01,https://www.fukushi.metro.tokyo.lg.jp/documents/d/fukushi/20260801_seishin_houkan-xlsx-xlsx
7296312,訪問看護ステーション てんとうむし,116-0012,荒川区,荒川区東尾久２－３０－７　１階,03-6240-8199,2015-09-01,2021-09-01,houkan,2026-08-01,https://www.fukushi.metro.tokyo.lg.jp/documents/d/fukushi/20260801_seishin_houkan-xlsx-xlsx
7296478,東京リバーサイド訪問看護ステーション ペンギン,116-0003,荒川区,荒川区南千住８－５－８　はなみずき通り北参番館１０６号室,03-5604-5432,2018-01-01,2024-01-01,houkan,2026-08-01,https://www.fukushi.metro.tokyo.lg.jp/documents/d/fukushi/20260801_seishin_houkan-xlsx-xlsx
7391873,天使の翼訪問看護,116-0012,荒川区,荒川区東尾久１－１５－８　１０５,03-5901-1021,2026-06-01,,houkan,2026-08-01,https://www.fukushi.metro.tokyo.lg.jp/documents/d/fukushi/20260801_seishin_houkan-xlsx-xlsx
7392145,訪問看護ステーションあずき,116-0013,荒川区,荒川区西日暮里２－５４－５　加瀬ビル１階,03-5615-2871,2018-11-01,,houkan,2026-08-01,https://www.fukushi.metro.tokyo.lg.jp/documents/d/fukushi/20260801_seishin_houkan-xlsx-xlsx
7392160,訪問看護ステーションデューン荒川,116-0002,荒川区,荒川区荒川７－２２－６　フロンティアワン３階,03-5604-9640,2018-10-01,2024-10-01,houkan,2026-08-01,https://www.fukushi.metro.tokyo.lg.jp/documents/d/fukushi/20260801_seishin_houkan-xlsx-xlsx
7394695,あしすと訪問看護ステーション,116-0014,荒川区,荒川区東日暮里１－１６－１　　モンシェール三ノ輪３０１号室,03-6806-8283,2020-09-01,,houkan,2026-08-01,https://www.fukushi.metro.tokyo.lg.jp/documents/d/fukushi/20260801_seishin_houkan-xlsx-xlsx
7396153,あべクリニック訪問看護ステーション,116-0014,荒川区,荒川区東日暮里５－３６－３　１階,03-5615-5088,2021-05-01,,houkan,2026-08-01,https://www.fukushi.metro.tokyo.lg.jp/documents/d/fukushi/20260801_seishin_houkan-xlsx-xlsx
7399942,ハレノヒ訪問看護リハビリステーション,116-0014,荒川区,荒川区東日暮里１－１７－４,03-5604-5940,2023-05-01,,houkan,2026-08-01,https://www.fukushi.metro.tokyo.lg.jp/documents/d/fukushi/20260801_seishin_houkan-xlsx-xlsx
7399959,アンドライフ訪問看護ステーション日暮里,116-0014,荒川区,荒川区東日暮里６－４３－８　竹山ビル七番館１０３号室,03-5838-6941,2023-04-01,,houkan,2026-08-01,https://www.fukushi.metro.tokyo.lg.jp/documents/d/fukushi/20260801_seishin_houkan-xlsx-xlsx
7491541,訪問看護ステーションナイチンゲール,116-0014,荒川区,荒川区東日暮里２－４９－２　大和コーポ２０４,03-6806-8507,2023-07-01,,houkan,2026-08-01,https://www.fukushi.metro.tokyo.lg.jp/documents/d/fukushi/20260801_seishin_houkan-xlsx-xlsx
7491558,ＮＳ－ＭＥＮ ＦＡＳＴ,116-0013,荒川区,荒川区西日暮里２－４９－５　４０１号室,03-5604-5971,2023-07-01,,houkan,2026-08-01,https://www.fukushi.metro.tokyo.lg.jp/documents/d/fukushi/20260801_seishin_houkan-xlsx-xlsx
7492531,一般社団法人空と花 訪問看護リハビリステーション 日本財団在宅看護センター,116-0002,荒川区,荒川区荒川５－１１－１０　シエロ町屋１０１,03-6458-2395,2023-11-01,,houkan,2026-08-01,https://www.fukushi.metro.tokyo.lg.jp/documents/d/fukushi/20260801_seishin_houkan-xlsx-xlsx
7493091,リナース訪問看護リハビリステーション町屋,116-0001,荒川区,荒川区町屋３－１２－１２　マロニエハイツ３０１,03-6807-8704,2024-04-01,,houkan,2026-08-01,https://www.fukushi.metro.tokyo.lg.jp/documents/d/fukushi/20260801_seishin_houkan-xlsx-xlsx
7493596,ファミーユ訪問看護ステーション,116-0012,荒川区,荒川区東尾久８－４２－１２,03-6807-9531,2024-09-01,,houkan,2026-08-01,https://www.fukushi.metro.tokyo.lg.jp/documents/d/fukushi/20260801_seishin_houkan-xlsx-xlsx
7493992,訪問看護ステーション ホームケア荒川,116-0014,荒川区,荒川区東日暮里５－４５－１２　いかるがビル５０３号室,03-5615-1212,2024-07-01,,houkan,2026-08-01,https://www.fukushi.metro.tokyo.lg.jp/documents/d/fukushi/20260801_seishin_houkan-xlsx-xlsx
7494008,訪問看護ステーションデライト荒川,116-0014,荒川区,荒川区東日暮里３－４３－９　ビジュアルシティ４０１号室,03-6806-5347,2024-06-01,,houkan,2026-08-01,https://www.fukushi.metro.tokyo.lg.jp/documents/d/fukushi/20260801_seishin_houkan-xlsx-xlsx
7494313,カガクル訪問看護ステーション荒川,116-0013,荒川区,東京都荒川区西日暮里６－４０－５　松本ビル１０１,03-6379-8295,2025-08-01,,houkan,2026-08-01,https://www.fukushi.metro.tokyo.lg.jp/documents/d/fukushi/20260801_seishin_houkan-xlsx-xlsx
7494339,きらめき訪問看護リハビリステーション日暮里事業所,116-0014,荒川区,荒川区東日暮里５－２４－５　川合ビル１０２,03-5615-5414,2024-11-01,,houkan,2026-08-01,https://www.fukushi.metro.tokyo.lg.jp/documents/d/fukushi/20260801_seishin_houkan-xlsx-xlsx
7494461,あいず訪問看護ステーション日暮里,116-0014,荒川区,荒川区東日暮里５－４３－３,03-5604-9197,2024-09-01,,houkan,2026-08-01,https://www.fukushi.metro.tokyo.lg.jp/documents/d/fukushi/20260801_seishin_houkan-xlsx-xlsx
7495542,訪問看護ステーションスマイルリンク,116-0013,荒川区,荒川区西日暮里６－４５－８　永田ビル１０２,03-5901-9250,2016-06-01,2022-06-01,houkan,2026-08-01,https://www.fukushi.metro.tokyo.lg.jp/documents/d/fukushi/20260801_seishin_houkan-xlsx-xlsx
7495922,めでたい訪問看護ステーション尾久,116-0012,荒川区,荒川区東尾久２－４９－１３　Ａｍｂｉｔｉｏｎ東尾久１０１号室,03-5838-9960,2025-07-01,,houkan,2026-08-01,https://www.fukushi.metro.tokyo.lg.jp/documents/d/fukushi/20260801_seishin_houkan-xlsx-xlsx
7191315,小豆沢病院訪問看護ステーション,174-0051,板橋区,板橋区小豆沢１－９－１４,03-3968-7011,2007-02-01,2025-02-01,houkan,2026-08-01,https://www.fukushi.metro.tokyo.lg.jp/documents/d/fukushi/20260801_seishin_houkan-xlsx-xlsx
7192156,上板橋訪問看護リハビリステーション,174-0071,板橋区,板橋区常盤台４－３６－６,03-5398-0557,2008-02-01,2026-02-01,houkan,2026-08-01,https://www.fukushi.metro.tokyo.lg.jp/documents/d/fukushi/20260801_seishin_houkan-xlsx-xlsx
7192321,成増訪問看護ステーション,175-0091,板橋区,板橋区三園１－２９－２２,03-3939-0880,2007-01-01,2025-01-01,houkan,2026-08-01,https://www.fukushi.metro.tokyo.lg.jp/documents/d/fukushi/20260801_seishin_houkan-xlsx-xlsx
7192586,訪問看護ステーションエーデルワイス,175-0084,板橋区,板橋区四葉２－２１－１６,03-3930-1590,2007-01-01,2025-01-01,houkan,2026-08-01,https://www.fukushi.metro.tokyo.lg.jp/documents/d/fukushi/20260801_seishin_houkan-xlsx-xlsx
7192727,訪問看護ステーションつくしんぼ,173-0033,板橋区,板橋区大山西町７０－１０　１階,03-5375-0367,2007-01-01,2025-01-01,houkan,2026-08-01,https://www.fukushi.metro.tokyo.lg.jp/documents/d/fukushi/20260801_seishin_houkan-xlsx-xlsx
7193311,板橋区医師会訪問看護ステーション,175-0082,板橋区,板橋区高島平２－３２－２－１０７,03-3931-4774,2007-01-01,2025-01-01,houkan,2026-08-01,https://www.fukushi.metro.tokyo.lg.jp/documents/d/fukushi/20260801_seishin_houkan-xlsx-xlsx
7195084,在宅ケア協会,173-0002,板橋区,板橋区稲荷台２０－４,03-6905-7590,2007-06-01,2025-06-01,houkan,2026-08-01,https://www.fukushi.metro.tokyo.lg.jp/documents/d/fukushi/20260801_seishin_houkan-xlsx-xlsx
7196116,訪問看護ステーションつゆくさ,173-0034,板橋区,板橋区幸町１０－６,03-5986-7334,2023-10-01,,houkan,2026-08-01,https://www.fukushi.metro.tokyo.lg.jp/documents/d/fukushi/20260801_seishin_houkan-xlsx-xlsx
7196835,板橋リハビリ訪問看護ステーション,173-0013,板橋区,板橋区氷川町２番１１号,03-5943-3151,2020-09-01,,houkan,2026-08-01,https://www.fukushi.metro.tokyo.lg.jp/documents/d/fukushi/20260801_seishin_houkan-xlsx-xlsx
7197452,青出木訪問看護ステーション,173-0037,板橋区,板橋区小茂根１－２７－１６　江古田第四ロイヤルコーポ１０１号室,03-6782-6942,2007-01-01,2025-01-01,houkan,2026-08-01,https://www.fukushi.metro.tokyo.lg.jp/documents/d/fukushi/20260801_seishin_houkan-xlsx-xlsx
7197692,特定非営利活動法人訪問看護ステーション菜の花,173-0034,板橋区,板橋区幸町２１－１０,03-5917-0717,2007-03-01,2025-03-01,houkan,2026-08-01,https://www.fukushi.metro.tokyo.lg.jp/documents/d/fukushi/20260801_seishin_houkan-xlsx-xlsx
7197742,こもね訪問看護ステーション,173-0037,板橋区,板橋区小茂根４－１１－１１,03-3959-7439,2007-04-01,2025-04-01,houkan,2026-08-01,https://www.fukushi.metro.tokyo.lg.jp/documents/d/fukushi/20260801_seishin_houkan-xlsx-xlsx
7291651,医療法人社団健育会ケアセンターけやき,174-0075,板橋区,板橋区桜川２－１０－７,03-5922-6322,2017-05-01,2023-05-01,houkan,2026-08-01,https://www.fukushi.metro.tokyo.lg.jp/documents/d/fukushi/20260801_seishin_houkan-xlsx-xlsx
7293046,セントケア訪問看護ステーション板橋,174-0076,板橋区,板橋区上板橋１－１６－６　町田ビル１階,03-5922-1081,2013-07-01,2025-07-01,houkan,2026-08-01,https://www.fukushi.metro.tokyo.lg.jp/documents/d/fukushi/20260801_seishin_houkan-xlsx-xlsx
7293087,訪問看護ステーションルピナス板橋,175-0092,板橋区,板橋区赤塚２－４－１３,03-3935-5050,2014-07-01,2026-07-01,houkan,2026-08-01,https://www.fukushi.metro.tokyo.lg.jp/documents/d/fukushi/20260801_seishin_houkan-xlsx-xlsx
7294887,イムス訪問看護ステーション東京,173-0022,板橋区,板橋区仲町１－４,03-3955-9681,2015-08-01,2021-08-01,houkan,2026-08-01,https://www.fukushi.metro.tokyo.lg.jp/documents/d/fukushi/20260801_seishin_houkan-xlsx-xlsx
7295249,訪問看護ステーションあおば,175-0094,板橋区,板橋区成増１－２８－９　成増第五シャトレ２０２,03-6750-9591,2016-11-01,2022-11-01,houkan,2026-08-01,https://www.fukushi.metro.tokyo.lg.jp/documents/d/fukushi/20260801_seishin_houkan-xlsx-xlsx
7295801,こころ訪問看護リハビリステーション板橋,173-0013,板橋区,板橋区氷川町３－９　桜井ビル２階,03-6905-7277,2015-07-01,2021-07-01,houkan,2026-08-01,https://www.fukushi.metro.tokyo.lg.jp/documents/d/fukushi/20260801_seishin_houkan-xlsx-xlsx
7297104,訪問看護ステーション共茂,174-0043,板橋区,板橋区坂下２－６－１ロワイヤルシャバール４０３,03-6337-0430,2016-08-01,2022-08-01,houkan,2026-08-01,https://www.fukushi.metro.tokyo.lg.jp/documents/d/fukushi/20260801_seishin_houkan-xlsx-xlsx
7298375,訪問看護ステーションデューン板橋,173-0012,板橋区,板橋区大和町３２－１６　ナリタビル１階,03-6909-6745,2017-03-01,2023-03-01,houkan,2026-08-01,https://www.fukushi.metro.tokyo.lg.jp/documents/d/fukushi/20260801_seishin_houkan-xlsx-xlsx
7299407,アウル訪問看護ステーション,173-0004,板橋区,板橋区板橋１－４７－１３　アメニティ新板橋１００１号,03-5944-2516,2017-08-01,2023-08-01,houkan,2026-08-01,https://www.fukushi.metro.tokyo.lg.jp/documents/d/fukushi/20260801_seishin_houkan-xlsx-xlsx
7391006,ビコー訪問看護リハビリステーション板橋,173-0004,板橋区,板橋区常盤台１－１１－１３,03-5944-2442,2018-02-01,2024-02-01,houkan,2026-08-01,https://www.fukushi.metro.tokyo.lg.jp/documents/d/fukushi/20260801_seishin_houkan-xlsx-xlsx
7391089,訪問看護ステーションｎｉｃｏ,174-0083,板橋区,板橋区徳丸３－１７－１　サークルポーチビル３０１,03-6906-8941,2022-05-01,,houkan,2026-08-01,https://www.fukushi.metro.tokyo.lg.jp/documents/d/fukushi/20260801_seishin_houkan-xlsx-xlsx
7391097,訪問看護ステーションはな 板橋,173-0004,板橋区,板橋区板橋１－４３－５　武井ビル１階,03-6822-6566,2018-04-01,2024-04-01,houkan,2026-08-01,https://www.fukushi.metro.tokyo.lg.jp/documents/d/fukushi/20260801_seishin_houkan-xlsx-xlsx
7391311,クローバー訪問看護ステーション板橋,174-0063,板橋区,板橋区東新町１－１１－４　志村コーポ２０１,03-6337-6155,2018-05-01,2024-05-01,houkan,2026-08-01,https://www.fukushi.metro.tokyo.lg.jp/documents/d/fukushi/20260801_seishin_houkan-xlsx-xlsx
7391774,ＳＯＭＰＯケア 徳丸 訪問看護,175-0083,板橋区,板橋区徳丸２－１７－９,03-5922-6249,2021-06-01,,houkan,2026-08-01,https://www.fukushi.metro.tokyo.lg.jp/documents/d/fukushi/20260801_seishin_houkan-xlsx-xlsx
7392012,訪問看護ステーション ホームケア板橋,174-0072,板橋区,板橋区南常盤台１－２３－１４石田ビル２Ｆ,03-5986-8200,2018-10-01,2024-10-01,houkan,2026-08-01,https://www.fukushi.metro.tokyo.lg.jp/documents/d/fukushi/20260801_seishin_houkan-xlsx-xlsx
7392178,一般社団法人すこやか在宅看護センター板橋,174-0053,板橋区,板橋区清水町７９－２　パールハイツ２０４号室,050-1745-9040,2018-10-01,2024-10-01,houkan,2026-08-01,https://www.fukushi.metro.tokyo.lg.jp/documents/d/fukushi/20260801_seishin_houkan-xlsx-xlsx
7392293,訪問看護リハステーションＲｅ：ＡＣＴＩＶＥ,173-0023,板橋区,板橋区大山町５３－３　内田ＣＰＡビル２階,03-5948-3721,2019-09-01,2025-09-01,houkan,2026-08-01,https://www.fukushi.metro.tokyo.lg.jp/documents/d/fukushi/20260801_seishin_houkan-xlsx-xlsx
7393259,訪問看護ステーションデューン東武練馬,175-0083,板橋区,板橋区徳丸３－１３－１０　中村ビル１０１号室,03-6906-7211,2019-06-01,2025-06-01,houkan,2026-08-01,https://www.fukushi.metro.tokyo.lg.jp/documents/d/fukushi/20260801_seishin_houkan-xlsx-xlsx
7393549,みちおい訪問看護ステーション,175-0083,板橋区,板橋区徳丸３－３８－３４　ヒルサイドハイツＢ１階,03-6909-7071,2019-09-01,2025-09-01,houkan,2026-08-01,https://www.fukushi.metro.tokyo.lg.jp/documents/d/fukushi/20260801_seishin_houkan-xlsx-xlsx
7393655,ガイア訪問看護ステーション 板橋,173-0004,板橋区,板橋区板橋２－４０－３,03-5944-2570,2019-10-01,2025-10-01,houkan,2026-08-01,https://www.fukushi.metro.tokyo.lg.jp/documents/d/fukushi/20260801_seishin_houkan-xlsx-xlsx
7394786,あまね看護ステーション,174-0046,板橋区,板橋区蓮根２－２０－９　スピードビル２階,03-5918-7553,2022-07-01,,houkan,2026-08-01,https://www.fukushi.metro.tokyo.lg.jp/documents/d/fukushi/20260801_seishin_houkan-xlsx-xlsx
7395148,訪問看護ステーション はな 中台,174-0064,板橋区,板橋区中台１－３６－２　上板橋カーネル１０１,03-6822-5965,2020-10-01,,houkan,2026-08-01,https://www.fukushi.metro.tokyo.lg.jp/documents/d/fukushi/20260801_seishin_houkan-xlsx-xlsx
7395155,訪問看護ステーション はな メンタルケア下赤塚,175-0092,板橋区,板橋区赤塚２－９－３,03-6822-6710,2020-10-01,,houkan,2026-08-01,https://www.fukushi.metro.tokyo.lg.jp/documents/d/fukushi/20260801_seishin_houkan-xlsx-xlsx
7395163,ｓｔｅｌｌａ訪問看護ステーション,174-0071,板橋区,板橋区常盤台１－５２－３　３階,03-5944-2698,2020-10-01,,houkan,2026-08-01,https://www.fukushi.metro.tokyo.lg.jp/documents/d/fukushi/20260801_seishin_houkan-xlsx-xlsx
7395445,訪問看護ステーションぽると,173-0022,板橋区,板橋区仲町３６－６　パサニアハイツ小宮１０５号,03-5926-9370,2021-01-01,,houkan,2026-08-01,https://www.fukushi.metro.tokyo.lg.jp/documents/d/fukushi/20260801_seishin_houkan-xlsx-xlsx
7395650,アップルパイ訪問看護ステーション,173-0004,板橋区,板橋区板橋２－３８－１０パークハイツ１階,03-6820-0300,2021-02-01,,houkan,2026-08-01,https://www.fukushi.metro.tokyo.lg.jp/documents/d/fukushi/20260801_seishin_houkan-xlsx-xlsx
7395668,アイル訪問看護ステーション,174-0075,板橋区,板橋区桜川３－２２－１３　ハイツ木乃実３０２号,03-6281-0838,2021-01-01,,houkan,2026-08-01,https://www.fukushi.metro.tokyo.lg.jp/documents/d/fukushi/20260801_seishin_houkan-xlsx-xlsx
7395841,リニエ訪問看護ステーション板橋,173-0004,板橋区,板橋区板橋１－３４－７　平嶋ビル２０１,03-5943-8166,2021-02-01,,houkan,2026-08-01,https://www.fukushi.metro.tokyo.lg.jp/documents/d/fukushi/20260801_seishin_houkan-xlsx-xlsx
7396161,健祐会訪問看護ステーション,174-0072,板橋区,板橋区南常盤台１－７－１４　南ときわ台ビルＢ１Ｆ,03-6909-4211,2021-06-01,,houkan,2026-08-01,https://www.fukushi.metro.tokyo.lg.jp/documents/d/fukushi/20260801_seishin_houkan-xlsx-xlsx
7396443,訪問看護かえりえ西台,175-0045,板橋区,板橋区西台２－２４－１５,03-6775-3885,2021-08-01,,houkan,2026-08-01,https://www.fukushi.metro.tokyo.lg.jp/documents/d/fukushi/20260801_seishin_houkan-xlsx-xlsx
7396716,訪問看護ステーションカラフル,173-0004,板橋区,板橋区板橋４－３８－５　パインコート１階,03-4500-6951,2021-09-01,,houkan,2026-08-01,https://www.fukushi.metro.tokyo.lg.jp/documents/d/fukushi/20260801_seishin_houkan-xlsx-xlsx
7397136,スターク訪問看護ステーション板橋徳丸,175-0083,板橋区,板橋区徳丸４－２５－１３新三洋ビル２Ｆ,03-6859-1780,2021-11-01,,houkan,2026-08-01,https://www.fukushi.metro.tokyo.lg.jp/documents/d/fukushi/20260801_seishin_houkan-xlsx-xlsx
7397466,まごころ訪問看護リハビリステーション,175-0094,板橋区,板橋区成増２-１０-２２,03-6904-2037,2016-09-01,2022-09-01,houkan,2026-08-01,https://www.fukushi.metro.tokyo.lg.jp/documents/d/fukushi/20260801_seishin_houkan-xlsx-xlsx
7397649,ねこのて訪問看護ステーション成増,175-0094,板橋区,板橋区成増１－３５－２５　志幸７６ＭＡＮＤＡＲＩＮ成増１０５,03-6904-1137,2022-02-01,,houkan,2026-08-01,https://www.fukushi.metro.tokyo.lg.jp/documents/d/fukushi/20260801_seishin_houkan-xlsx-xlsx
7398043,はいさい訪問看護ステーション,174-0062,板橋区,板橋区富士見町１７－１３,03-5944-1156,2023-02-01,,houkan,2026-08-01,https://www.fukushi.metro.tokyo.lg.jp/documents/d/fukushi/20260801_seishin_houkan-xlsx-xlsx
7398233,マイナビ訪問看護ステーション 常盤台,174-0071,板橋区,板橋区常盤台４－２５－１４　ＹＭビル１階,03-6906-9351,2022-05-01,,houkan,2026-08-01,https://www.fukushi.metro.tokyo.lg.jp/documents/d/fukushi/20260801_seishin_houkan-xlsx-xlsx
7398688,訪問看護ステーション はっちぽっち,173-0036,板橋区,板橋区向原１－２２－２　コームハイツ１Ｆ,03-5926-3520,2022-08-01,,houkan,2026-08-01,https://www.fukushi.metro.tokyo.lg.jp/documents/d/fukushi/20260801_seishin_houkan-xlsx-xlsx
7398787,トラスト訪問看護ステーション,173-0014,板橋区,板橋区大山東町２７－１２　メゾンフォンテーヌ２０４号室,03-6454-0715,2022-09-01,,houkan,2026-08-01,https://www.fukushi.metro.tokyo.lg.jp/documents/d/fukushi/20260801_seishin_houkan-xlsx-xlsx
7398795,グッドライフ訪問看護ステーション,175-0094,板橋区,板橋区成増１－３５－２５　志幸７６ＭＡＮＤＡＲＩＮ成増２０５,03-5905-3077,2022-10-01,,houkan,2026-08-01,https://www.fukushi.metro.tokyo.lg.jp/documents/d/fukushi/20260801_seishin_houkan-xlsx-xlsx
7399199,エース訪問看護リハビリステーション,174-0071,板橋区,板橋区常盤台１－１１－１３　２Ｆ,03-6454-9941,2023-01-01,,houkan,2026-08-01,https://www.fukushi.metro.tokyo.lg.jp/documents/d/fukushi/20260801_seishin_houkan-xlsx-xlsx
7399967,Ｇ・グレイス訪問看護ステーション,174-0076,板橋区,板橋区上板橋２－５５－４,03-6281-0834,2023-05-01,,houkan,2026-08-01,https://www.fukushi.metro.tokyo.lg.jp/documents/d/fukushi/20260801_seishin_houkan-xlsx-xlsx
7399975,ビコー訪問看護リハビリステーション成増,175-0094,板橋区,板橋区成増１－２０－１２,03-6904-1728,2023-05-01,,houkan,2026-08-01,https://www.fukushi.metro.tokyo.lg.jp/documents/d/fukushi/20260801_seishin_houkan-xlsx-xlsx
7399983,ツクイ板橋訪問看護ステーション,173-0004,板橋区,板橋区板橋２－６７－８　板橋中央ビル８階,03-6905-5400,2023-07-01,,houkan,2026-08-01,https://www.fukushi.metro.tokyo.lg.jp/documents/d/fukushi/20260801_seishin_houkan-xlsx-xlsx
7491954,在宅療養支援ステーション楓の風 高島平,175-0092,板橋区,板橋区赤塚８－１０－２　プラザ清華禎１０１号室,03-5968-6810,2015-08-01,2021-08-01,houkan,2026-08-01,https://www.fukushi.metro.tokyo.lg.jp/documents/d/fukushi/20260801_seishin_houkan-xlsx-xlsx
7491962,グロープ訪問看護リハビリステーション,173-0015,板橋区,板橋区栄町３２－５－４１４,03-5944-1725,2023-10-01,,houkan,2026-08-01,https://www.fukushi.metro.tokyo.lg.jp/documents/d/fukushi/20260801_seishin_houkan-xlsx-xlsx
7491970,Ｌｉｎｋ板橋訪問看護,173-0016,板橋区,板橋区中板橋４－１５　藤井ビル１０５,03-6905-7119,2023-09-01,,houkan,2026-08-01,https://www.fukushi.metro.tokyo.lg.jp/documents/d/fukushi/20260801_seishin_houkan-xlsx-xlsx
7492549,アワー訪問看護ステーション板橋,175-0083,板橋区,板橋区徳丸２－１９－１４　ＦＵＵＷＡ徳丸１００,03-6906-4661,2023-10-01,,houkan,2026-08-01,https://www.fukushi.metro.tokyo.lg.jp/documents/d/fukushi/20260801_seishin_houkan-xlsx-xlsx
7493109,すみれ訪問看護ステーション,173-0024,板橋区,板橋区大山金井町１１－１０　山手通り大山ビル４階,03-6909-3096,2024-05-01,,houkan,2026-08-01,https://www.fukushi.metro.tokyo.lg.jp/documents/d/fukushi/20260801_seishin_houkan-xlsx-xlsx
7493117,訪問看護ステーションこんぱす,175-0092,板橋区,板橋区赤塚１－５－１１－３３,03-6904-0343,2024-02-01,,houkan,2026-08-01,https://www.fukushi.metro.tokyo.lg.jp/documents/d/fukushi/20260801_seishin_houkan-xlsx-xlsx
7493331,訪問看護ステーションすきっぷ,175-0094,板橋区,板橋区成増１－２８－１５　林屋ビル９０７号室,03-6904-1626,2024-06-01,,houkan,2026-08-01,https://www.fukushi.metro.tokyo.lg.jp/documents/d/fukushi/20260801_seishin_houkan-xlsx-xlsx
7493604,精神科訪問看護ステーション宝珠,175-0045,板橋区,板橋区西台２－２８－２０　楽寿ビル,03-6909-7870,2024-05-01,,houkan,2026-08-01,https://www.fukushi.metro.tokyo.lg.jp/documents/d/fukushi/20260801_seishin_houkan-xlsx-xlsx
7494016,訪問看護ステーションプラスワン,174-0041,板橋区,板橋区舟渡３－２８－１４,03-5939-8530,2024-07-01,,houkan,2026-08-01,https://www.fukushi.metro.tokyo.lg.jp/documents/d/fukushi/20260801_seishin_houkan-xlsx-xlsx
7494347,ジェイサポート訪問看護ステーション,175-0083,板橋区,板橋区徳丸４－８－１１　正司ビル１階,03-6909-7244,2024-10-01,,houkan,2026-08-01,https://www.fukushi.metro.tokyo.lg.jp/documents/d/fukushi/20260801_seishin_houkan-xlsx-xlsx
7494750,Ｗｉｓｈ－Ｔｒｅｅ訪問看護ステーション板橋,173-0014,板橋区,板橋区大山東町３８－８　石塚ビル１階,03-5944-1363,2024-12-01,,houkan,2026-08-01,https://www.fukushi.metro.tokyo.lg.jp/documents/d/fukushi/20260801_seishin_houkan-xlsx-xlsx
7494768,ＣＬＡＳＷＥＬＬ小竹向原訪問看護ステーション,173-0036,板橋区,板橋区向原２－１１－１１,03-5926-7082,2025-11-01,,houkan,2026-08-01,https://www.fukushi.metro.tokyo.lg.jp/documents/d/fukushi/20260801_seishin_houkan-xlsx-xlsx
7494776,訪問看護いたばし感動ステーション,173-0022,板橋区,板橋区仲町２８－７　３階,03-5926-8013,2022-01-01,,houkan,2026-08-01,https://www.fukushi.metro.tokyo.lg.jp/documents/d/fukushi/20260801_seishin_houkan-xlsx-xlsx
7494982,Ｃ－ｙｕ訪問看護ステーション,173-0037,板橋区,板橋区小茂根１－２９－１６　バンブー１０１号,03-6909-3396,2025-03-01,,houkan,2026-08-01,https://www.fukushi.metro.tokyo.lg.jp/documents/d/fukushi/20260801_seishin_houkan-xlsx-xlsx
7494990,ファミリーナース板橋,173-0011,板橋区,板橋区双葉町７－１４　なかねビル１０３,050-3645-4417,2025-02-01,,houkan,2026-08-01,https://www.fukushi.metro.tokyo.lg.jp/documents/d/fukushi/20260801_seishin_houkan-xlsx-xlsx
7495195,訪問看護ステーションニト板橋,173-0024,板橋区,板橋区大山金井町４０－６　ハーモニー大山２０１号室,03-5945-1550,2021-03-01,,houkan,2026-08-01,https://www.fukushi.metro.tokyo.lg.jp/documents/d/fukushi/20260801_seishin_houkan-xlsx-xlsx
7495567,訪問看護ステーションコルディアーレ板橋,173-0004,板橋区,板橋区板橋１－４９－３　ライオンズマンション板橋２０７号室,03-6909-6107,2025-04-01,,houkan,2026-08-01,https://www.fukushi.metro.tokyo.lg.jp/documents/d/fukushi/20260801_seishin_houkan-xlsx-xlsx
7495815,訪問看護ステーションようき,173-0013,板橋区,板橋区氷川町４１－３　後藤ビル２０２,070-8560-6439,2025-07-01,,houkan,2026-08-01,https://www.fukushi.metro.tokyo.lg.jp/documents/d/fukushi/20260801_seishin_houkan-xlsx-xlsx
7496011,リクラス東京訪問看護よつば,173-0016,板橋区,板橋区中板橋２２－９　堀越ビル１０２,03-5944-1766,2019-05-01,2025-05-01,houkan,2026-08-01,https://www.fukushi.metro.tokyo.lg.jp/documents/d/fukushi/20260801_seishin_houkan-xlsx-xlsx
7496177,訪問看護かえりえ上板橋,174-0076,板橋区,板橋区上板橋１－１２－２,050-1707-4378,2025-10-01,,houkan,2026-08-01,https://www.fukushi.metro.tokyo.lg.jp/documents/d/fukushi/20260801_seishin_houkan-xlsx-xlsx
7497415,アンドアップ訪問看護ステーション,174-0071,板橋区,板橋区常盤台１－３８－９　第２ＢＡＪビル３０２号室,03-5918-7908,2026-08-01,,houkan,2026-08-01,https://www.fukushi.metro.tokyo.lg.jp/documents/d/fukushi/20260801_seishin_houkan-xlsx-xlsx
7497423,訪問看護ステーションＨＹ板橋徳丸,175-0083,板橋区,板橋区徳丸１－３３－８　不動ビル１０１,03-6281-0684,2026-04-01,,houkan,2026-08-01,https://www.fukushi.metro.tokyo.lg.jp/documents/d/fukushi/20260801_seishin_houkan-xlsx-xlsx
7191851,東京都看護協会立城北看護ステーション,179-0081,練馬区,練馬区北町８－３７－２２　第５相原ビル２０２号室,03-3931-2231,2007-01-01,2025-01-01,houkan,2026-08-01,https://www.fukushi.metro.tokyo.lg.jp/documents/d/fukushi/20260801_seishin_houkan-xlsx-xlsx
7192172,大泉訪問看護ステーション,177-0045,練馬区,練馬区石神井台６－９－１２,03-5933-0717,2007-01-01,2025-01-01,houkan,2026-08-01,https://www.fukushi.metro.tokyo.lg.jp/documents/d/fukushi/20260801_seishin_houkan-xlsx-xlsx
7192420,慈雲堂訪問看護ステーション,177-0053,練馬区,練馬区関町南４－１４－５３,03-5991-7520,2007-01-01,2025-01-01,houkan,2026-08-01,https://www.fukushi.metro.tokyo.lg.jp/documents/d/fukushi/20260801_seishin_houkan-xlsx-xlsx
7192560,医療法人社団翠会 北大泉訪問看護ステーション,178-0062,練馬区,練馬区大泉町２－１７－１,03-3923-0223,2007-01-01,2025-01-01,houkan,2026-08-01,https://www.fukushi.metro.tokyo.lg.jp/documents/d/fukushi/20260801_seishin_houkan-xlsx-xlsx
7193741,北園訪問看護ステーション,178-0061,練馬区,練馬区大泉学園町１－１－５　シャトー高陣屋１０１,03-5947-3520,2007-02-01,2025-02-01,houkan,2026-08-01,https://www.fukushi.metro.tokyo.lg.jp/documents/d/fukushi/20260801_seishin_houkan-xlsx-xlsx
7195654,オレンジ訪問看護ステーション,177-0051,練馬区,練馬区関町北１－６－１６,03-3929-5811,2007-01-01,2025-01-01,houkan,2026-08-01,https://www.fukushi.metro.tokyo.lg.jp/documents/d/fukushi/20260801_seishin_houkan-xlsx-xlsx
7197007,あすなろ訪問看護ステーション,177-0044,練馬区,練馬区上石神井１－５－５　パールビル１階,03-5991-9300,2011-04-01,2023-04-01,houkan,2026-08-01,https://www.fukushi.metro.tokyo.lg.jp/documents/d/fukushi/20260801_seishin_houkan-xlsx-xlsx
7197825,あいの風ナースステーション光が丘事業所,177-0032,練馬区,練馬区谷原２－４－３,03-6913-1081,2006-07-01,2024-07-01,houkan,2026-08-01,https://www.fukushi.metro.tokyo.lg.jp/documents/d/fukushi/20260801_seishin_houkan-xlsx-xlsx
7198351,アール訪問看護ステーションねりま,176-0012,練馬区,練馬区豊玉北５－１２－９　パレスシノ１階,03-5946-4321,2010-07-01,2022-07-01,houkan,2026-08-01,https://www.fukushi.metro.tokyo.lg.jp/documents/d/fukushi/20260801_seishin_houkan-xlsx-xlsx
7198963,光が丘訪問看護ステーション,179-0073,練馬区,練馬区田柄４－１－１６,03-3930-3011,2007-05-01,2025-05-01,houkan,2026-08-01,https://www.fukushi.metro.tokyo.lg.jp/documents/d/fukushi/20260801_seishin_houkan-xlsx-xlsx
7291081,訪問看護ステーションすこやか工房,177-0051,練馬区,練馬区関町北１－２０－１６　第２泉ビルＢ１階,03-6904-9077,2015-10-01,2021-10-01,houkan,2026-08-01,https://www.fukushi.metro.tokyo.lg.jp/documents/d/fukushi/20260801_seishin_houkan-xlsx-xlsx
7291313,大地訪問看護ステーション,177-0034,練馬区,練馬区富士見台２－１９－２２,03-3577-8090,2016-12-01,2022-12-01,houkan,2026-08-01,https://www.fukushi.metro.tokyo.lg.jp/documents/d/fukushi/20260801_seishin_houkan-xlsx-xlsx
7291594,訪問看護ステーション ホームケア石神井公園,177-0041,練馬区,練馬区石神井町７－１－１４　石神井スカイビル１１１号,03-5910-7160,2011-05-01,2023-05-01,houkan,2026-08-01,https://www.fukushi.metro.tokyo.lg.jp/documents/d/fukushi/20260801_seishin_houkan-xlsx-xlsx
7292287,ソレイユ訪問看護ステーション,177-0054,練馬区,練馬区立野町８－８　福山ビル２階,03-6904-7364,2012-06-01,2024-06-01,houkan,2026-08-01,https://www.fukushi.metro.tokyo.lg.jp/documents/d/fukushi/20260801_seishin_houkan-xlsx-xlsx
7292469,石神井訪問看護ステーション,177-0041,練馬区,練馬区石神井町２－３２－８,03-3995-8752,2007-01-01,2025-01-01,houkan,2026-08-01,https://www.fukushi.metro.tokyo.lg.jp/documents/d/fukushi/20260801_seishin_houkan-xlsx-xlsx
7293061,めぐみの会訪問看護ステーション,177-0041,練馬区,練馬区石神井町５－３－１２,03-6913-1592,2013-08-01,2025-08-01,houkan,2026-08-01,https://www.fukushi.metro.tokyo.lg.jp/documents/d/fukushi/20260801_seishin_houkan-xlsx-xlsx
7293491,訪問看護ステーション 星の砂,178-0062,練馬区,練馬区大泉町３－２－１７　エステート大泉町１階,03-5947-4601,2016-06-01,2022-06-01,houkan,2026-08-01,https://www.fukushi.metro.tokyo.lg.jp/documents/d/fukushi/20260801_seishin_houkan-xlsx-xlsx
7293509,リハビリパーク練馬訪問看護ステーション,176-0012,練馬区,練馬区豊玉北１－２０－２０,03-6914-8760,2020-04-01,2026-04-01,houkan,2026-08-01,https://www.fukushi.metro.tokyo.lg.jp/documents/d/fukushi/20260801_seishin_houkan-xlsx-xlsx
7293681,ひかり訪問看護リハビリステーション,178-0063,練馬区,練馬区東大泉２－７－２６　葵コーポ１０１,03-5947-5244,2016-09-01,2022-09-01,houkan,2026-08-01,https://www.fukushi.metro.tokyo.lg.jp/documents/d/fukushi/20260801_seishin_houkan-xlsx-xlsx
7294242,株式会社さかえケアサービス 訪問看護ステーション,176-0012,練馬区,練馬区豊玉北５－１１－４－２０１,03-3993-7311,2015-03-01,2021-03-01,houkan,2026-08-01,https://www.fukushi.metro.tokyo.lg.jp/documents/d/fukushi/20260801_seishin_houkan-xlsx-xlsx
7294309,訪問看護リハビリステーションスマイルケアーズ,179-0073,練馬区,練馬区田柄１－１２－５－２０１,03-6904-2490,2014-10-01,2020-10-01,houkan,2026-08-01,https://www.fukushi.metro.tokyo.lg.jp/documents/d/fukushi/20260801_seishin_houkan-xlsx-xlsx
7294762,訪問看護ステーションデューン練馬,176-0021,練馬区,練馬区旭丘１－７３－３　川端ビル３階,03-5933-9252,2014-09-01,2020-09-01,houkan,2026-08-01,https://www.fukushi.metro.tokyo.lg.jp/documents/d/fukushi/20260801_seishin_houkan-xlsx-xlsx
7295140,医療法人社団翠会 こころサポート石神井,177-0041,練馬区,練馬区石神井町４－３－１６,03-5923-7531,2015-02-01,2021-02-01,houkan,2026-08-01,https://www.fukushi.metro.tokyo.lg.jp/documents/d/fukushi/20260801_seishin_houkan-xlsx-xlsx
7296213,ＤＳ訪問看護ステーション,179-0073,練馬区,練馬区田柄３－１４－１２ルシェール飯綱山２０７,03-5848-6417,2019-12-01,2025-12-01,houkan,2026-08-01,https://www.fukushi.metro.tokyo.lg.jp/documents/d/fukushi/20260801_seishin_houkan-xlsx-xlsx
7296486,ガイア訪問看護ステーション 練馬,176-0011,練馬区,練馬区豊玉上２－２５－９　但馬ビル６階,03-5946-9666,2020-05-01,2026-05-01,houkan,2026-08-01,https://www.fukushi.metro.tokyo.lg.jp/documents/d/fukushi/20260801_seishin_houkan-xlsx-xlsx
7296627,訪問看護ステーション ホームケア光が丘,175-0094,練馬区,板橋区成増２－１７－１０　タカスビル８階,03-5967-0068,2016-01-01,2022-01-01,houkan,2026-08-01,https://www.fukushi.metro.tokyo.lg.jp/documents/d/fukushi/20260801_seishin_houkan-xlsx-xlsx
7299142,医療法人社団錦祥会訪問看護ステーションひびき,179-0082,練馬区,練馬区錦１－１６－１２,03-6906-8998,2020-06-01,2026-06-01,houkan,2026-08-01,https://www.fukushi.metro.tokyo.lg.jp/documents/d/fukushi/20260801_seishin_houkan-xlsx-xlsx
7299282,訪問看護ステーションわかば,177-0034,練馬区,練馬区富士見台３－１２－２１,03-6913-4619,2018-07-01,2024-07-01,houkan,2026-08-01,https://www.fukushi.metro.tokyo.lg.jp/documents/d/fukushi/20260801_seishin_houkan-xlsx-xlsx
7299290,訪問看護ステーションＮｅｗ Ｓｔｅｐ練馬,179-0081,練馬区,練馬区北町２－２９－１３　モリビル２０１号室,03-5921-5230,2017-09-01,2023-09-01,houkan,2026-08-01,https://www.fukushi.metro.tokyo.lg.jp/documents/d/fukushi/20260801_seishin_houkan-xlsx-xlsx
7299746,訪問看護ステーションべんてん,179-0076,練馬区,練馬区土支田１－３１－１１　山八マンションＡ棟１０５ｂ,03-6761-5666,2018-12-01,2024-12-01,houkan,2026-08-01,https://www.fukushi.metro.tokyo.lg.jp/documents/d/fukushi/20260801_seishin_houkan-xlsx-xlsx
7391329,ハミングバード訪問看護ステーション,176-0012,練馬区,練馬区豊玉北４－２６－６　ＤＳＴクリーンカーム４０３,03-6914-8658,2018-04-01,2024-04-01,houkan,2026-08-01,https://www.fukushi.metro.tokyo.lg.jp/documents/d/fukushi/20260801_seishin_houkan-xlsx-xlsx
7393044,訪問看護ステーションデューン大泉学園,178-0063,練馬区,練馬区東大泉１－３７－１５　浅海ビル６階,03-6904-6726,2019-05-01,2025-05-01,houkan,2026-08-01,https://www.fukushi.metro.tokyo.lg.jp/documents/d/fukushi/20260801_seishin_houkan-xlsx-xlsx
7393556,らいおんハート訪問看護リハビリステーション中村橋,176-0021,練馬区,練馬区貫井２－３－５　シュウ・カワグチ北ビル３階,03-5933-9888,2013-05-01,2025-05-01,houkan,2026-08-01,https://www.fukushi.metro.tokyo.lg.jp/documents/d/fukushi/20260801_seishin_houkan-xlsx-xlsx
7393564,なないろ訪問看護ステーション,177-0031,練馬区,練馬区三原台１－２９－８ライフステージ１０４号,03-6904-5046,2021-02-01,,houkan,2026-08-01,https://www.fukushi.metro.tokyo.lg.jp/documents/d/fukushi/20260801_seishin_houkan-xlsx-xlsx
7393663,訪問看護かえりえ上石神井,177-0044,練馬区,練馬区上石神井２－９－２１,03-6862-8741,2020-06-01,2026-06-01,houkan,2026-08-01,https://www.fukushi.metro.tokyo.lg.jp/documents/d/fukushi/20260801_seishin_houkan-xlsx-xlsx
7393671,訪問看護ステーションはな 練馬,176-0023,練馬区,練馬区中村北１－３－８　ＹＳビル１Ｆ/２Ｆ,03-6822-6562,2019-11-01,2025-11-01,houkan,2026-08-01,https://www.fukushi.metro.tokyo.lg.jp/documents/d/fukushi/20260801_seishin_houkan-xlsx-xlsx
7393697,ソフィアメディ訪問看護ステーション光が丘,179-0073,練馬区,練馬区田柄３－６－７,03-5848-2455,2019-10-01,2025-10-01,houkan,2026-08-01,https://www.fukushi.metro.tokyo.lg.jp/documents/d/fukushi/20260801_seishin_houkan-xlsx-xlsx
7393820,訪問看護ステーション コルディアーレ練馬,176-0011,練馬区,練馬区豊玉上２－２－５　桜台ツーウッズビル３階,03-5946-9502,2019-04-01,2025-04-01,houkan,2026-08-01,https://www.fukushi.metro.tokyo.lg.jp/documents/d/fukushi/20260801_seishin_houkan-xlsx-xlsx
7394612,きらめき訪問看護リハビリステーション下赤塚事業所,179-0073,練馬区,練馬区田柄２－２７－２９　フレンドマンション田柄１階,03-5968-1331,2024-12-01,,houkan,2026-08-01,https://www.fukushi.metro.tokyo.lg.jp/documents/d/fukushi/20260801_seishin_houkan-xlsx-xlsx
7394620,訪問看護ステーションGift,178-0064,練馬区,練馬区南大泉４－４３－６　エスペランスヒルズＢ棟１０１号室,03-5933-4020,2021-06-01,,houkan,2026-08-01,https://www.fukushi.metro.tokyo.lg.jp/documents/d/fukushi/20260801_seishin_houkan-xlsx-xlsx
7394844,訪問看護ステーション えがお,178-0061,練馬区,練馬区大泉学園町６－２－３　ラフィーネ大泉学園Ｂ棟１０３,03-5935-7586,2020-12-01,,houkan,2026-08-01,https://www.fukushi.metro.tokyo.lg.jp/documents/d/fukushi/20260801_seishin_houkan-xlsx-xlsx
7394984,らぽーる訪問看護ステーション,178-0065,練馬区,練馬区西大泉１－１１－２７,03-5935-8651,2021-02-01,,houkan,2026-08-01,https://www.fukushi.metro.tokyo.lg.jp/documents/d/fukushi/20260801_seishin_houkan-xlsx-xlsx
7394992,ソフィアメディ訪問看護ステーション大泉学園,178-0063,練馬区,練馬区東大泉１－１９－３５　三慶ビル３Ｆ,03-5935-8571,2020-08-01,,houkan,2026-08-01,https://www.fukushi.metro.tokyo.lg.jp/documents/d/fukushi/20260801_seishin_houkan-xlsx-xlsx
7395270,練馬板橋ふくろう訪問看護リハビリステーション,179-0082,練馬区,練馬区錦１－７－１２,03-5945-1771,2020-12-01,,houkan,2026-08-01,https://www.fukushi.metro.tokyo.lg.jp/documents/d/fukushi/20260801_seishin_houkan-xlsx-xlsx
7395452,医療法人財団厚生協会 大泉学園訪問看護図テーション,178-0061,練馬区,練馬区大泉学園町６－１４－３,03-5933-2800,2020-12-01,,houkan,2026-08-01,https://www.fukushi.metro.tokyo.lg.jp/documents/d/fukushi/20260801_seishin_houkan-xlsx-xlsx
7395460,ソフィアメディ訪問看護ステーション小竹向原,176-0004,練馬区,練馬区小竹町２－４２－３　ストークビラ小竹町Ｄ棟２号室,03-5926-7062,2020-11-01,,houkan,2026-08-01,https://www.fukushi.metro.tokyo.lg.jp/documents/d/fukushi/20260801_seishin_houkan-xlsx-xlsx
7395593,楓ナーシング,176-0001,練馬区,練馬区練馬１－１－１２　下島ビル３階,03-3992-5130,2018-07-01,2024-07-01,houkan,2026-08-01,https://www.fukushi.metro.tokyo.lg.jp/documents/d/fukushi/20260801_seishin_houkan-xlsx-xlsx
7395965,訪問看護ステーションこころサポート光が丘,179-0076,練馬区,練馬区土支田１－３４－２２　加藤ビル２０１,,2021-03-01,,houkan,2026-08-01,https://www.fukushi.metro.tokyo.lg.jp/documents/d/fukushi/20260801_seishin_houkan-xlsx-xlsx
7396179,在宅ケアステーション 石神井,177-0045,練馬区,練馬区石神井台４－３－２４　扇山ハイツ３０１号室,03-6904-7028,2021-06-01,,houkan,2026-08-01,https://www.fukushi.metro.tokyo.lg.jp/documents/d/fukushi/20260801_seishin_houkan-xlsx-xlsx
7396369,ＴＣコミュニティ訪問看護ステーション,177-0051,練馬区,練馬区関町北４－１１－１５　ペルリーノ武蔵関１１１号室,03-6868-6052,2021-06-01,,houkan,2026-08-01,https://www.fukushi.metro.tokyo.lg.jp/documents/d/fukushi/20260801_seishin_houkan-xlsx-xlsx
7396617,ひまわり訪問看護リハビリステーション,178-0061,練馬区,練馬区大泉学園町４－２２－４,03-6904-5146,2013-10-01,2025-10-01,houkan,2026-08-01,https://www.fukushi.metro.tokyo.lg.jp/documents/d/fukushi/20260801_seishin_houkan-xlsx-xlsx
7396724,訪問看護ステーションいずみケア東京,177-0052,練馬区,練馬区関町東２－１５－７　根岸コーポ１０１,03-6904-7015,2021-08-01,,houkan,2026-08-01,https://www.fukushi.metro.tokyo.lg.jp/documents/d/fukushi/20260801_seishin_houkan-xlsx-xlsx
7397144,トータルライフケア桜台訪問看護ステーション,176-0002,練馬区,練馬区桜台１－１１－２　コーポ若宮１Ｆ,03-6915-8775,2021-10-01,,houkan,2026-08-01,https://www.fukushi.metro.tokyo.lg.jp/documents/d/fukushi/20260801_seishin_houkan-xlsx-xlsx
7397151,りんく訪問看護ステーション,176-0001,練馬区,練馬区練馬１－６－６　カーサ・ポルタ７０６,03-6914-7477,2024-07-01,,houkan,2026-08-01,https://www.fukushi.metro.tokyo.lg.jp/documents/d/fukushi/20260801_seishin_houkan-xlsx-xlsx
7397367,訪問看護ステーションＦ・Ｏ・Ｒ,178-0061,練馬区,練馬区大泉学園町３－７－２５　ボーアタルデこぐれ１１１,03-5905-5870,2022-01-01,,houkan,2026-08-01,https://www.fukushi.metro.tokyo.lg.jp/documents/d/fukushi/20260801_seishin_houkan-xlsx-xlsx
7397656,訪問看護ステーション くらしさ練馬,179-0076,練馬区,練馬区土支田４－２３－２１,03-3925-6880,2022-02-01,,houkan,2026-08-01,https://www.fukushi.metro.tokyo.lg.jp/documents/d/fukushi/20260801_seishin_houkan-xlsx-xlsx
7397672,訪問看護ステーション・シナモンロール,178-0063,練馬区,練馬区東大泉１－２０－３８　三宝ビル２０２,03-4400-8082,2022-02-01,,houkan,2026-08-01,https://www.fukushi.metro.tokyo.lg.jp/documents/d/fukushi/20260801_seishin_houkan-xlsx-xlsx
7397839,ルージュ訪問看護ステーション,178-0061,練馬区,練馬区大泉学園町１－２４－７,03-5923-9899,2022-04-01,,houkan,2026-08-01,https://www.fukushi.metro.tokyo.lg.jp/documents/d/fukushi/20260801_seishin_houkan-xlsx-xlsx
7397854,ワイズ訪問看護ステーション,178-0062,練馬区,練馬区大泉町２－１４－１７,03-3867-8083,2026-04-01,,houkan,2026-08-01,https://www.fukushi.metro.tokyo.lg.jp/documents/d/fukushi/20260801_seishin_houkan-xlsx-xlsx
7398050,ＴＯＥＩ訪問看護ステーション,176-0001,練馬区,練馬区練馬１－２５－５　エヌ・ワイコート練馬２０２,03-6914-5330,2022-09-01,,houkan,2026-08-01,https://www.fukushi.metro.tokyo.lg.jp/documents/d/fukushi/20260801_seishin_houkan-xlsx-xlsx
7398803,訪問看護縁,173-0037,練馬区,練馬区桜台５－１４－５,080-2013-6190,2022-10-01,,houkan,2026-08-01,https://www.fukushi.metro.tokyo.lg.jp/documents/d/fukushi/20260801_seishin_houkan-xlsx-xlsx
7398811,ルピナス訪問看護ステーション,179-0081,練馬区,練馬区北町７－８－８　パレス高根沢１０１号室,03-6906-7842,2022-11-01,,houkan,2026-08-01,https://www.fukushi.metro.tokyo.lg.jp/documents/d/fukushi/20260801_seishin_houkan-xlsx-xlsx
7398829,レインボー訪問看護リハビリステーション,176-0002,練馬区,練馬区桜台１－２９－２２　メゾンマロニエ１０２,03-6914-7242,2023-06-01,,houkan,2026-08-01,https://www.fukushi.metro.tokyo.lg.jp/documents/d/fukushi/20260801_seishin_houkan-xlsx-xlsx
7399207,いちご介護株式会社 いちご訪問看護リハビリステーション,177-0041,練馬区,練馬区石神井町７－１－１４　石神井スカイビル４０１号,03-6913-4607,2023-07-01,,houkan,2026-08-01,https://www.fukushi.metro.tokyo.lg.jp/documents/d/fukushi/20260801_seishin_houkan-xlsx-xlsx
7399439,にじのわ訪問看護ステーション,178-0061,練馬区,練馬区大泉学園７－１９－１７　ＳＴプラザ大泉学園２０２号室,03-6904-5379,2023-03-01,,houkan,2026-08-01,https://www.fukushi.metro.tokyo.lg.jp/documents/d/fukushi/20260801_seishin_houkan-xlsx-xlsx
7399991,きずな訪問看護ステーション,178-0061,練馬区,練馬区大泉学園町４－２２－４　パールハイツ大塚２０１,03-5935-8775,2023-04-01,,houkan,2026-08-01,https://www.fukushi.metro.tokyo.lg.jp/documents/d/fukushi/20260801_seishin_houkan-xlsx-xlsx
7491004,ケア２１メディカル訪問看護ステーションぴ～す練馬,176-0002,練馬区,練馬区桜台４－５－８　ファミール桜台１階　１０２号室,03-5912-1721,2023-07-01,,houkan,2026-08-01,https://www.fukushi.metro.tokyo.lg.jp/documents/d/fukushi/20260801_seishin_houkan-xlsx-xlsx
7491566,訪問看護ステーションまる練馬,176-0001,練馬区,練馬区練馬１－２０－９,03-5946-9357,2023-07-01,,houkan,2026-08-01,https://www.fukushi.metro.tokyo.lg.jp/documents/d/fukushi/20260801_seishin_houkan-xlsx-xlsx
7491574,アワー訪問看護ステーション練馬,179-0085,練馬区,練馬区早宮３－９－２１　早宮３丁目貸事務所,03-6915-8908,2023-07-01,,houkan,2026-08-01,https://www.fukushi.metro.tokyo.lg.jp/documents/d/fukushi/20260801_seishin_houkan-xlsx-xlsx
7491988,イーズ訪問看護ステーション,178-0063,練馬区,練馬区東大泉３－４－３　大新ビル３０３,03-5935-9221,2023-08-01,,houkan,2026-08-01,https://www.fukushi.metro.tokyo.lg.jp/documents/d/fukushi/20260801_seishin_houkan-xlsx-xlsx
7492234,こころわ訪問看護ステーション練馬,179-0081,練馬区,練馬区北町６－２０－３　平和台不二ハイツ１０１,03-6909-7741,2023-11-01,,houkan,2026-08-01,https://www.fukushi.metro.tokyo.lg.jp/documents/d/fukushi/20260801_seishin_houkan-xlsx-xlsx
7492564,訪問看護ステーション デライト石神井公園,177-0041,練馬区,練馬区石神井町３－２５－２１　ライオンズプラザ石神井公園　Ａ棟２０６号室,03-6913-2701,2022-02-01,,houkan,2026-08-01,https://www.fukushi.metro.tokyo.lg.jp/documents/d/fukushi/20260801_seishin_houkan-xlsx-xlsx
7492598,ｔｅｔｅ訪問看護ステーション,176-0012,練馬区,練馬区豊玉北４－２６－１３　豊玉カームマンションＥＡＳＴ４０２,03-5933-9905,2023-10-01,,houkan,2026-08-01,https://www.fukushi.metro.tokyo.lg.jp/documents/d/fukushi/20260801_seishin_houkan-xlsx-xlsx
7492788,ルネサンスリハビリステーション富士見台,176-0021,練馬区,練馬区貫井３－１２－３３　スポーツクラブルネサンス富士見台２４内,03-5987-0200,2025-04-01,,houkan,2026-08-01,https://www.fukushi.metro.tokyo.lg.jp/documents/d/fukushi/20260801_seishin_houkan-xlsx-xlsx
7493224,訪問看護ステーションＨＡＹＡＢＵＳＡ,177-0034,練馬区,練馬区富士見台１－２６－２８　サニーコーポ２０１,03-5848-6290,2024-02-01,,houkan,2026-08-01,https://www.fukushi.metro.tokyo.lg.jp/documents/d/fukushi/20260801_seishin_houkan-xlsx-xlsx
7493307,セントケアＤＸ訪問看護ステーション富士見台,176-0023,練馬区,練馬区中村北４－１４－２,03-3577-8515,2024-03-01,,houkan,2026-08-01,https://www.fukushi.metro.tokyo.lg.jp/documents/d/fukushi/20260801_seishin_houkan-xlsx-xlsx
7493620,いちりん訪問看護ステーション練馬,177-0034,練馬区,練馬区富士見台４－１４－１,03-5848-3257,2025-02-01,,houkan,2026-08-01,https://www.fukushi.metro.tokyo.lg.jp/documents/d/fukushi/20260801_seishin_houkan-xlsx-xlsx
7493638,あさひ訪問看護ステーション,179-0073,練馬区,練馬区田柄２－２７－２９　フレンドマンション１０６号室,03-5968-6211,2021-02-01,,houkan,2026-08-01,https://www.fukushi.metro.tokyo.lg.jp/documents/d/fukushi/20260801_seishin_houkan-xlsx-xlsx
7493810,ナースウェル練馬,176-0011,練馬区,練馬区豊玉上１－１－１８,03-6914-7611,2024-12-01,,houkan,2026-08-01,https://www.fukushi.metro.tokyo.lg.jp/documents/d/fukushi/20260801_seishin_houkan-xlsx-xlsx
7494180,ザオーケア訪問看護ステーション上石神井,177-0052,練馬区,練馬区関町東１－１１－１８　ホワイトヴィラＣ棟１０１,03-6904-9466,2024-07-01,,houkan,2026-08-01,https://www.fukushi.metro.tokyo.lg.jp/documents/d/fukushi/20260801_seishin_houkan-xlsx-xlsx
7494479,にじ色ナースステーション上石神井,177-0044,練馬区,練馬区上石神井４－１０－３２　セルシオ上石神井１階,03-5903-8658,2024-12-01,,houkan,2026-08-01,https://www.fukushi.metro.tokyo.lg.jp/documents/d/fukushi/20260801_seishin_houkan-xlsx-xlsx
7494610,訪問看護ステーションまる石神井,177-0041,練馬区,練馬区石神井町６－６－２１　Ｇ．Ｈ石神井Ｄ棟,03-5923-9979,2024-11-01,,houkan,2026-08-01,https://www.fukushi.metro.tokyo.lg.jp/documents/d/fukushi/20260801_seishin_houkan-xlsx-xlsx
7494784,しおん訪問看護ステーション,179-0081,練馬区,練馬区北町７－１０－９　Ｋフラット１０１号室,03-6912-3301,2025-02-01,,houkan,2026-08-01,https://www.fukushi.metro.tokyo.lg.jp/documents/d/fukushi/20260801_seishin_houkan-xlsx-xlsx
7494792,訪問看護ステーションひなげし,176-0001,練馬区,練馬区練馬１－５－４　ＭＩビル８０１,03-6914-8291,2024-11-01,,houkan,2026-08-01,https://www.fukushi.metro.tokyo.lg.jp/documents/d/fukushi/20260801_seishin_houkan-xlsx-xlsx
7495005,訪問看護ステーションまんまる,177-0045,練馬区,練馬区石神井台３－２６－８　１０４号,050-1808-4204,2025-03-01,,houkan,2026-08-01,https://www.fukushi.metro.tokyo.lg.jp/documents/d/fukushi/20260801_seishin_houkan-xlsx-xlsx
7495203,みんなのケアステーション練馬,176-0011,練馬区,練馬区豊玉上２－２５－７　３０２,03-5838-5703,2025-04-01,,houkan,2026-08-01,https://www.fukushi.metro.tokyo.lg.jp/documents/d/fukushi/20260801_seishin_houkan-xlsx-xlsx
7495344,ＣＬＡＳＷＥＬＬ下石神井訪問看護ステーション,177-0042,練馬区,練馬区下石神井２－３３－３,03-5393-8131,2025-11-01,,houkan,2026-08-01,https://www.fukushi.metro.tokyo.lg.jp/documents/d/fukushi/20260801_seishin_houkan-xlsx-xlsx
7495575,すこまる訪問看護ステーション,177-0052,練馬区,練馬区関町東２－１３－３　豊田コーポ１階１０２号室,03-6904-9445,2025-04-01,,houkan,2026-08-01,https://www.fukushi.metro.tokyo.lg.jp/documents/d/fukushi/20260801_seishin_houkan-xlsx-xlsx
7496037,ｈｅｒｅｎｅｓｓ訪問看護ステーション,177-0035,練馬区,練馬区南田中３－８－２４　タウンハウス富士Ⅱ２０５,03-4363-5255,2025-09-01,,houkan,2026-08-01,https://www.fukushi.metro.tokyo.lg.jp/documents/d/fukushi/20260801_seishin_houkan-xlsx-xlsx
7496193,康楽訪問看護ステーション,179-0084,練馬区,練馬区氷川台４－２９－１　２０１,03-6795-5233,2026-07-01,,houkan,2026-08-01,https://www.fukushi.metro.tokyo.lg.jp/documents/d/fukushi/20260801_seishin_houkan-xlsx-xlsx
7496375,訪問看護ステーションまごころナース練馬,178-0063,練馬区,練馬区東大泉１－２０－３１　パステルゆふ３階,03-6913-2880,2025-12-01,,houkan,2026-08-01,https://www.fukushi.metro.tokyo.lg.jp/documents/d/fukushi/20260801_seishin_houkan-xlsx-xlsx
7496920,ナラティブ訪問看護ステーション,177-0033,練馬区,練馬区高野台３－８－１０　コーポ豊島２０５,03-6913-1032,2026-06-01,,houkan,2026-08-01,https://www.fukushi.metro.tokyo.lg.jp/documents/d/fukushi/20260801_seishin_houkan-xlsx-xlsx
7497431,母子特化型訪問看護ステーションママスマイルねりま,176-0021,練馬区,練馬区貫井２－２８－８　ラフィーネ中村橋２０１,03-5848-6130,2026-05-01,,houkan,2026-08-01,https://www.fukushi.metro.tokyo.lg.jp/documents/d/fukushi/20260801_seishin_houkan-xlsx-xlsx
7497449,訪問看護ステーションくつろぎ,178-0062,練馬区,練馬区大泉町２－２６－４６　サンクレール２０１,03-6904-6233,2026-04-01,,houkan,2026-08-01,https://www.fukushi.metro.tokyo.lg.jp/documents/d/fukushi/20260801_seishin_houkan-xlsx-xlsx
7497456,あまね訪問看護ステーション練馬,176-0005,練馬区,練馬区旭丘２－１９－８,03-5926-7192,2026-05-01,,houkan,2026-08-01,https://www.fukushi.metro.tokyo.lg.jp/documents/d/fukushi/20260801_seishin_houkan-xlsx-xlsx
7497464,ＳｍｉＬｏｏｐ訪問看護ステーション練馬ステーション,179-0081,練馬区,練馬区北町７－９－２３　ハミルトン１０５,090-5432-1185,2026-05-01,,houkan,2026-08-01,https://www.fukushi.metro.tokyo.lg.jp/documents/d/fukushi/20260801_seishin_houkan-xlsx-xlsx
7393267,つむぐ訪問看護ステーション,177-0041,練馬区,練馬区石神井町６－２６－２１－１０２,03-6913-2695,2021-01-01,,houkan,2026-08-01,https://www.fukushi.metro.tokyo.lg.jp/documents/d/fukushi/20260801_seishin_houkan-xlsx-xlsx
7395676,リニエ訪問看護ステーション練馬,177-0033,練馬区,練馬区高野台２－８－２,03-6913-3025,2021-01-01,,houkan,2026-08-01,https://www.fukushi.metro.tokyo.lg.jp/documents/d/fukushi/20260801_seishin_houkan-xlsx-xlsx
7191000,医療法人財団健和会 北千住訪問看護ステーション,120-0036,足立区,足立区千住仲町１４－４,03-3882-8386,2007-01-01,2025-01-01,houkan,2026-08-01,https://www.fukushi.metro.tokyo.lg.jp/documents/d/fukushi/20260801_seishin_houkan-xlsx-xlsx
7191869,訪問看護ステーション茜,123-0873,足立区,足立区扇３－２－１２,03-3898-7520,2007-01-01,2025-01-01,houkan,2026-08-01,https://www.fukushi.metro.tokyo.lg.jp/documents/d/fukushi/20260801_seishin_houkan-xlsx-xlsx
7191943,訪問看護ステーション保木間,121-0064,足立区,足立区保木間５－２３－２０,03-3860-3965,2007-01-01,2025-01-01,houkan,2026-08-01,https://www.fukushi.metro.tokyo.lg.jp/documents/d/fukushi/20260801_seishin_houkan-xlsx-xlsx
7192081,かもめ訪問看護ステーション,123-0851,足立区,足立区関原３－３７－２２,03-5681-0993,2007-02-01,2025-02-01,houkan,2026-08-01,https://www.fukushi.metro.tokyo.lg.jp/documents/d/fukushi/20260801_seishin_houkan-xlsx-xlsx
7192685,亀有訪問看護ステーション,120-0002,足立区,足立区中川４－２－１４,050-3734-5291,2007-02-01,2025-02-01,houkan,2026-08-01,https://www.fukushi.metro.tokyo.lg.jp/documents/d/fukushi/20260801_seishin_houkan-xlsx-xlsx
7193469,いずみ訪問看護ステーション本木,123-0853,足立区,足立区本木１－３－７,03-5888-2121,2015-04-01,2021-04-01,houkan,2026-08-01,https://www.fukushi.metro.tokyo.lg.jp/documents/d/fukushi/20260801_seishin_houkan-xlsx-xlsx
7195720,スマイル訪問看護ステーション,123-0841,足立区,足立区西新井５－１３－４,03-5838-2825,2007-01-01,2025-01-01,houkan,2026-08-01,https://www.fukushi.metro.tokyo.lg.jp/documents/d/fukushi/20260801_seishin_houkan-xlsx-xlsx
7198138,訪問看護ステーション 東竹の塚,121-0813,足立区,足立区竹の塚５－３１－８　ウェルフェアーＭ１０２号,03-5856-6870,2015-04-01,2021-04-01,houkan,2026-08-01,https://www.fukushi.metro.tokyo.lg.jp/documents/d/fukushi/20260801_seishin_houkan-xlsx-xlsx
7291446,楽患ナース訪問看護ステーション,123-0843,足立区,足立区西新井栄町２－２１－９　１階,03-6806-3920,2011-02-01,2023-02-01,houkan,2026-08-01,https://www.fukushi.metro.tokyo.lg.jp/documents/d/fukushi/20260801_seishin_houkan-xlsx-xlsx
7291891,きづきリハビリ訪問看護ステーション,120-0003,足立区,足立区東和２－１４－２　遠藤ビル１０２,03-5849-3934,2019-09-01,2025-09-01,houkan,2026-08-01,https://www.fukushi.metro.tokyo.lg.jp/documents/d/fukushi/20260801_seishin_houkan-xlsx-xlsx
7291917,株式会社絹心 ひなた訪問看護ステーション,121-0813,足立区,足立区竹の塚３－５－５　第５６アライビル２０６,03-3884-6311,2012-04-01,2024-04-01,houkan,2026-08-01,https://www.fukushi.metro.tokyo.lg.jp/documents/d/fukushi/20260801_seishin_houkan-xlsx-xlsx
7291974,訪問看護ステーションとも,121-0061,足立区,足立区花畑４－２３－７　第３けあともビル１階,03-5809-6235,2016-04-01,2022-04-01,houkan,2026-08-01,https://www.fukushi.metro.tokyo.lg.jp/documents/d/fukushi/20260801_seishin_houkan-xlsx-xlsx
7292295,あしたば訪問看護ステーション,120-0011,足立区,足立区中央本町２－２５－５　クレインパレス１０４,03-5888-6576,2012-05-01,2024-05-01,houkan,2026-08-01,https://www.fukushi.metro.tokyo.lg.jp/documents/d/fukushi/20260801_seishin_houkan-xlsx-xlsx
7293079,すみだ訪問看護ステーション,121-0061,足立区,足立区花畑４－３５－３,03-5831-8530,2013-05-01,2025-05-01,houkan,2026-08-01,https://www.fukushi.metro.tokyo.lg.jp/documents/d/fukushi/20260801_seishin_houkan-xlsx-xlsx
7294648,ベストリハ訪問看護ステーション,120-0034,足立区,足立区千住２－３　吾妻ビル６階,03-5813-9898,2017-07-01,2023-07-01,houkan,2026-08-01,https://www.fukushi.metro.tokyo.lg.jp/documents/d/fukushi/20260801_seishin_houkan-xlsx-xlsx
7294895,訪問看護リハビリステーション白樺,123-0842,足立区,足立区栗原３－２５－１２　グリーンコーポラス１Ｆ,03-5647-6725,2015-09-01,2021-09-01,houkan,2026-08-01,https://www.fukushi.metro.tokyo.lg.jp/documents/d/fukushi/20260801_seishin_houkan-xlsx-xlsx
7296338,訪問看護ステーション ツール,123-0841,足立区,足立区西新井１－２１－３　アークトップ西新井３０７号室,03-6325-9153,2015-09-01,2021-09-01,houkan,2026-08-01,https://www.fukushi.metro.tokyo.lg.jp/documents/d/fukushi/20260801_seishin_houkan-xlsx-xlsx
7296346,東和訪問看護ステーション,120-0003,足立区,足立区東和４－７－７－１階　ウイスティ４３,03-5613-1690,2019-04-01,2025-04-01,houkan,2026-08-01,https://www.fukushi.metro.tokyo.lg.jp/documents/d/fukushi/20260801_seishin_houkan-xlsx-xlsx
7296494,訪問看護ステーション ウェルビー,123-0841,足立区,足立区西新井６－４３－４　じんのびビル,03-5647-6228,2022-04-01,,houkan,2026-08-01,https://www.fukushi.metro.tokyo.lg.jp/documents/d/fukushi/20260801_seishin_houkan-xlsx-xlsx
7296775,訪問看護ステーションデューン足立,120-0021,足立区,足立区日ノ出町３９－１３　北千住第３ダイヤモンドマンション１階１０６号,03-5284-7121,2016-01-01,2022-01-01,houkan,2026-08-01,https://www.fukushi.metro.tokyo.lg.jp/documents/d/fukushi/20260801_seishin_houkan-xlsx-xlsx
7296858,訪問看護ステーションはな,120-0021,足立区,足立区日ノ出町３９－１３－１０８,03-6822-6552,2016-03-01,2022-03-01,houkan,2026-08-01,https://www.fukushi.metro.tokyo.lg.jp/documents/d/fukushi/20260801_seishin_houkan-xlsx-xlsx
7297724,ＭＩＲＡＩ訪問看護ステーション東京,120-0036,足立区,足立区千住仲町３－１　サカイリグリーンパーク１０２,03-4567-6212,2016-09-01,2022-09-01,houkan,2026-08-01,https://www.fukushi.metro.tokyo.lg.jp/documents/d/fukushi/20260801_seishin_houkan-xlsx-xlsx
7298060,訪問看護ステーション じゃすみん,123-0841,足立区,足立区西新井７－１０－１３,03-5647-9111,2017-07-01,2023-07-01,houkan,2026-08-01,https://www.fukushi.metro.tokyo.lg.jp/documents/d/fukushi/20260801_seishin_houkan-xlsx-xlsx
7392723,訪問看護リハビリステーション ハッピーヒル,121-0813,足立区,足立区竹の塚１－２５－１７　丸竹第一ビル５階,03-5851-8260,2021-08-01,,houkan,2026-08-01,https://www.fukushi.metro.tokyo.lg.jp/documents/d/fukushi/20260801_seishin_houkan-xlsx-xlsx
7392848,訪問看護ステーションブロッサム,120-0034,足立区,足立区千住１－２８－１　コーポ高橋１０３,03-6806-1025,2011-07-01,2023-07-01,houkan,2026-08-01,https://www.fukushi.metro.tokyo.lg.jp/documents/d/fukushi/20260801_seishin_houkan-xlsx-xlsx
7392855,きららナースステーション,120-0005,足立区,足立区綾瀬２－１０－２２－２０７,03-6662-5015,2019-03-01,2025-03-01,houkan,2026-08-01,https://www.fukushi.metro.tokyo.lg.jp/documents/d/fukushi/20260801_seishin_houkan-xlsx-xlsx
7393705,訪問看護ステーションきぼう,120-0001,足立区,足立区大谷田１－４－７　ロイヤルエクセレンス小川１０２,03-5849-3630,2019-11-01,2025-11-01,houkan,2026-08-01,https://www.fukushi.metro.tokyo.lg.jp/documents/d/fukushi/20260801_seishin_houkan-xlsx-xlsx
7393846,訪問看護ステーションコルディアーレ北千住,120-0034,足立区,足立区千住３－６－１２　ツオード千住壱番館８０３号室,03-5284-2050,2017-12-01,2023-12-01,houkan,2026-08-01,https://www.fukushi.metro.tokyo.lg.jp/documents/d/fukushi/20260801_seishin_houkan-xlsx-xlsx
7394265,すえひろ訪問看護ステーション,120-0015,足立区,足立区足立４－２５－１３－１０２,03-5888-6375,2020-03-01,2026-03-01,houkan,2026-08-01,https://www.fukushi.metro.tokyo.lg.jp/documents/d/fukushi/20260801_seishin_houkan-xlsx-xlsx
7394489,訪問看護ステーション はな メンタルケア 竹ノ塚,121-0813,足立区,足立区竹の塚４－６－３　第３ヒカリマンション１Ｆ,03-6822-6555,2020-05-01,2026-05-01,houkan,2026-08-01,https://www.fukushi.metro.tokyo.lg.jp/documents/d/fukushi/20260801_seishin_houkan-xlsx-xlsx
7394794,訪問看護ステーションたつ希,123-0851,足立区,足立区梅田２－１２－１　どきどきビル３階,03-5851-8520,2020-10-01,,houkan,2026-08-01,https://www.fukushi.metro.tokyo.lg.jp/documents/d/fukushi/20260801_seishin_houkan-xlsx-xlsx
7394851,訪問看護ステーション はな 六町,121-0073,足立区,足立区六町１－１７－３３,03-6822-6557,2020-08-01,,houkan,2026-08-01,https://www.fukushi.metro.tokyo.lg.jp/documents/d/fukushi/20260801_seishin_houkan-xlsx-xlsx
7395171,かのん訪問看護ステーションあだち,120-0005,足立区,足立区綾瀬５－１４－１８－１０２,03-5613-1616,2012-12-01,2024-12-01,houkan,2026-08-01,https://www.fukushi.metro.tokyo.lg.jp/documents/d/fukushi/20260801_seishin_houkan-xlsx-xlsx
7395288,訪問看護かえりえ竹ノ塚,121-0801,足立区,足立区東伊興３－２１－５　フューチャー本社ビル４階,03-6890-3711,2022-01-01,,houkan,2026-08-01,https://www.fukushi.metro.tokyo.lg.jp/documents/d/fukushi/20260801_seishin_houkan-xlsx-xlsx
7395684,訪問看護ステーションあかり,121-0815,足立区,足立区島根１－１１－５シャンドヴィラージュ６０１,03-6822-3391,2021-02-01,,houkan,2026-08-01,https://www.fukushi.metro.tokyo.lg.jp/documents/d/fukushi/20260801_seishin_houkan-xlsx-xlsx
7395866,ミロク訪問看護ステーション,121-0073,足立区,足立区六町２－７－１６,03-5851-8853,2021-08-01,,houkan,2026-08-01,https://www.fukushi.metro.tokyo.lg.jp/documents/d/fukushi/20260801_seishin_houkan-xlsx-xlsx
7396195,訪問看護ステーションはなえみ足立,120-0036,足立区,足立区千住仲町３８－２　ミリオンマンション１０１号,03-6806-1097,2021-06-01,,houkan,2026-08-01,https://www.fukushi.metro.tokyo.lg.jp/documents/d/fukushi/20260801_seishin_houkan-xlsx-xlsx
7396732,訪問看護ステーション晴あか,120-0034,足立区,足立区千住３－２６,03-6555-4132,2021-12-01,,houkan,2026-08-01,https://www.fukushi.metro.tokyo.lg.jp/documents/d/fukushi/20260801_seishin_houkan-xlsx-xlsx
7396955,あすてるカンゴ竹ノ塚,121-0822,足立区,足立区西竹の塚２－１３－４－２０９号,03-6807-2792,2021-11-01,,houkan,2026-08-01,https://www.fukushi.metro.tokyo.lg.jp/documents/d/fukushi/20260801_seishin_houkan-xlsx-xlsx
7396963,訪問看護ステーションねこのて,121-0813,足立区,足立区竹ノ塚１－２８－６　古庄ビル１０１,03-5856-7157,2021-09-01,,houkan,2026-08-01,https://www.fukushi.metro.tokyo.lg.jp/documents/d/fukushi/20260801_seishin_houkan-xlsx-xlsx
7396971,ぷえお訪問看護ステーション,120-0044,足立区,足立区千住緑町１－２０－２　１０１,03-5284-5268,2021-10-01,,houkan,2026-08-01,https://www.fukushi.metro.tokyo.lg.jp/documents/d/fukushi/20260801_seishin_houkan-xlsx-xlsx
7397268,フローレンス訪問看護たけのつか,121-0813,足立区,足立区竹の塚３－１６－１１－１０７,03-5831-5411,2022-01-01,,houkan,2026-08-01,https://www.fukushi.metro.tokyo.lg.jp/documents/d/fukushi/20260801_seishin_houkan-xlsx-xlsx
7397276,イーリス訪問看護ステーション,120-0005,足立区,足立区綾瀬２－２７－７　サンルートＡビル４０１号室,03-3601-5151,2022-01-01,,houkan,2026-08-01,https://www.fukushi.metro.tokyo.lg.jp/documents/d/fukushi/20260801_seishin_houkan-xlsx-xlsx
7397474,エール訪問看護ステーション,120-0025,足立区,足立区千住東２－１０－１,03-6806-2588,2022-01-01,,houkan,2026-08-01,https://www.fukushi.metro.tokyo.lg.jp/documents/d/fukushi/20260801_seishin_houkan-xlsx-xlsx
7397482,まいど訪問看護ステーション,120-0036,足立区,足立区千住仲町３１－８　８０３号,03-6823-8408,2022-02-01,,houkan,2026-08-01,https://www.fukushi.metro.tokyo.lg.jp/documents/d/fukushi/20260801_seishin_houkan-xlsx-xlsx
7397912,医療法人社団苑田会 ナーシングホームそのだ（看護小規模多機能型居宅介護事業所）,121-0064,足立区,足立区保木間４－１５－１６,03-5831-0420,2022-06-01,,houkan,2026-08-01,https://www.fukushi.metro.tokyo.lg.jp/documents/d/fukushi/20260801_seishin_houkan-xlsx-xlsx
7398035,グリンケア訪問看護ステーション,121-0815,足立区,足立区島根４－３８－５,03-5856-7542,2022-05-01,,houkan,2026-08-01,https://www.fukushi.metro.tokyo.lg.jp/documents/d/fukushi/20260801_seishin_houkan-xlsx-xlsx
7398068,はつね訪問看護ステーション,120-0034,足立区,足立区千住１－８－８　スイシンビル４階,03-6806-1255,2022-05-01,,houkan,2026-08-01,https://www.fukushi.metro.tokyo.lg.jp/documents/d/fukushi/20260801_seishin_houkan-xlsx-xlsx
7398407,東竹の塚訪問看護ステーション,121-0813,足立区,足立区竹の塚５－７－１０　森屋ビル２０１,03-5856-4101,2023-01-01,,houkan,2026-08-01,https://www.fukushi.metro.tokyo.lg.jp/documents/d/fukushi/20260801_seishin_houkan-xlsx-xlsx
7399108,訪問看護ステーションはなえみ東京,120-0034,足立区,足立区千住１－３７－２　プティーボワービル２０４,03-5284-9061,2023-10-01,,houkan,2026-08-01,https://www.fukushi.metro.tokyo.lg.jp/documents/d/fukushi/20260801_seishin_houkan-xlsx-xlsx
7399223,訪問看護ステーションぐっどはーと,121-0062,足立区,足立区南花畑４－２５－１２　ジュピター兼六１０３,03-5849-3417,2023-05-01,,houkan,2026-08-01,https://www.fukushi.metro.tokyo.lg.jp/documents/d/fukushi/20260801_seishin_houkan-xlsx-xlsx
7399322,ミルカ訪問看護ステーション,121-0816,足立区,足立区梅島２－３８－１１　鴨下マンション２０３,03-5888-7639,2020-12-01,,houkan,2026-08-01,https://www.fukushi.metro.tokyo.lg.jp/documents/d/fukushi/20260801_seishin_houkan-xlsx-xlsx
7399447,訪問看護ステーション はな 西新井,123-0843,足立区,足立区西新井栄町２－１７－２４　１階,03-6824-0298,2023-03-01,,houkan,2026-08-01,https://www.fukushi.metro.tokyo.lg.jp/documents/d/fukushi/20260801_seishin_houkan-xlsx-xlsx
7399454,ハイタッチ訪問看護,121-0831,足立区,足立区舎人５－２４－１２　シンスイフクダＢ－２,03-5647-6603,2024-03-01,,houkan,2026-08-01,https://www.fukushi.metro.tokyo.lg.jp/documents/d/fukushi/20260801_seishin_houkan-xlsx-xlsx
7399462,ローズ訪問看護ステーション,120-0005,足立区,足立区綾瀬１－１９－２２　３０１号,03-6555-3543,2023-04-01,,houkan,2026-08-01,https://www.fukushi.metro.tokyo.lg.jp/documents/d/fukushi/20260801_seishin_houkan-xlsx-xlsx
7491582,指定訪問看護 キュアド・メディカル あだち,120-0012,足立区,足立区青井２－１－１１　ウインド青井４０５号室,03-5888-7045,2023-06-01,,houkan,2026-08-01,https://www.fukushi.metro.tokyo.lg.jp/documents/d/fukushi/20260801_seishin_houkan-xlsx-xlsx
7491749,輝訪問看護ステーション,120-0001,足立区,足立区大谷田４－７－４　鈴木マンション２０３,03-6802-6356,2023-08-01,,houkan,2026-08-01,https://www.fukushi.metro.tokyo.lg.jp/documents/d/fukushi/20260801_seishin_houkan-xlsx-xlsx
7491996,まつり訪問看護ステーション,121-0816,足立区,足立区梅島３－６－１２　アカデミックハイツ梅島１０１,03-5888-6119,2023-08-01,,houkan,2026-08-01,https://www.fukushi.metro.tokyo.lg.jp/documents/d/fukushi/20260801_seishin_houkan-xlsx-xlsx
7492606,訪問看護ステーション デライト足立,123-0843,足立区,足立区西新井栄町２－２６－９　牧野ビル１階,03-6807-2524,2020-02-01,2026-02-01,houkan,2026-08-01,https://www.fukushi.metro.tokyo.lg.jp/documents/d/fukushi/20260801_seishin_houkan-xlsx-xlsx
7492614,スマイル優 訪問看護ステーション 西新井,123-0844,足立区,足立区興野２－３－１５,03-5647-8081,2023-10-01,,houkan,2026-08-01,https://www.fukushi.metro.tokyo.lg.jp/documents/d/fukushi/20260801_seishin_houkan-xlsx-xlsx
7492804,ナースケア＆リハビリなないろ,121-0064,足立区,足立区保木間１－１９－２　プラセール竹の塚１階,03-5856-5050,2024-02-01,,houkan,2026-08-01,https://www.fukushi.metro.tokyo.lg.jp/documents/d/fukushi/20260801_seishin_houkan-xlsx-xlsx
7492820,ハレノヒ訪問看護ステーション,120-0005,足立区,足立区綾瀬３－１５－１　遠藤ビルＡＮＮＥＸ３０１号室,03-5856-0835,2023-12-01,,houkan,2026-08-01,https://www.fukushi.metro.tokyo.lg.jp/documents/d/fukushi/20260801_seishin_houkan-xlsx-xlsx
7493356,訪問看護ステーションらっこなーす,123-0851,足立区,足立区梅田５－５－１６　ガレージオフィス・プラムＡ,03-6807-2620,2024-04-01,,houkan,2026-08-01,https://www.fukushi.metro.tokyo.lg.jp/documents/d/fukushi/20260801_seishin_houkan-xlsx-xlsx
7493364,訪問看護ステーションスイートホーム,121-0836,足立区,足立区入谷７－１４－１,03-5809-5670,2024-04-01,,houkan,2026-08-01,https://www.fukushi.metro.tokyo.lg.jp/documents/d/fukushi/20260801_seishin_houkan-xlsx-xlsx
7493646,訪問看護ステーションしらほ,120-0035,足立区,足立区千住中居町１８－６　マンション釜鳴３０１号室,03-6812-0296,2025-01-01,,houkan,2026-08-01,https://www.fukushi.metro.tokyo.lg.jp/documents/d/fukushi/20260801_seishin_houkan-xlsx-xlsx
7493828,フォーリア訪問看護ステーション,123-0872,足立区,足立区江北４－２－７　アトリエ２階,03-5647-8875,2024-10-01,,houkan,2026-08-01,https://www.fukushi.metro.tokyo.lg.jp/documents/d/fukushi/20260801_seishin_houkan-xlsx-xlsx
7493836,訪問看護ステーションあるえ,121-0072,足立区,足立区保塚町１５－１９,03-5856-7737,2025-06-01,,houkan,2026-08-01,https://www.fukushi.metro.tokyo.lg.jp/documents/d/fukushi/20260801_seishin_houkan-xlsx-xlsx
7494487,訪問看護ステーションかすみ草,123-0853,足立区,足立区本木２－２６－６,03-6807-2018,2024-09-01,,houkan,2026-08-01,https://www.fukushi.metro.tokyo.lg.jp/documents/d/fukushi/20260801_seishin_houkan-xlsx-xlsx
7494495,おうち訪問看護ステーション西新井,123-0841,足立区,足立区西新井５－４２－７,03-5691-5764,2024-09-01,,houkan,2026-08-01,https://www.fukushi.metro.tokyo.lg.jp/documents/d/fukushi/20260801_seishin_houkan-xlsx-xlsx
7494503,あまね訪問看護ステーション北東京,120-0015,足立区,足立区足立２－４０－１６　コムロビル６階,03-5647-9887,2024-09-01,,houkan,2026-08-01,https://www.fukushi.metro.tokyo.lg.jp/documents/d/fukushi/20260801_seishin_houkan-xlsx-xlsx
7494628,訪問看護ステーションあかつき,121-0823,足立区,足立区伊興１－２２－３　サニーハイツ１０１,03-6807-1963,2024-11-01,,houkan,2026-08-01,https://www.fukushi.metro.tokyo.lg.jp/documents/d/fukushi/20260801_seishin_houkan-xlsx-xlsx
7494636,ひかり訪問看護ステーション城東,120-0005,足立区,足立区綾瀬４－８－１７　相善ビル５階,03-4500-7671,2025-06-01,,houkan,2026-08-01,https://www.fukushi.metro.tokyo.lg.jp/documents/d/fukushi/20260801_seishin_houkan-xlsx-xlsx
7494800,しえん訪問看護ステーション,121-0012,足立区,足立区青井５－１８－６　日比谷レジデンス７０５,03-5831-5811,2024-12-01,,houkan,2026-08-01,https://www.fukushi.metro.tokyo.lg.jp/documents/d/fukushi/20260801_seishin_houkan-xlsx-xlsx
7494958,はじめ訪問看護ステーション,121-0813,足立区,足立区竹の塚４－１３－１０　２０１,03-5856-7951,2025-05-01,,houkan,2026-08-01,https://www.fukushi.metro.tokyo.lg.jp/documents/d/fukushi/20260801_seishin_houkan-xlsx-xlsx
7495013,訪問看護事業所モノトビ,120-0012,足立区,足立区青井３－７－１７　Ｋｏｔａｋｉビル２階及び３階,03-5888-4900,2025-03-01,,houkan,2026-08-01,https://www.fukushi.metro.tokyo.lg.jp/documents/d/fukushi/20260801_seishin_houkan-xlsx-xlsx
7495021,訪問看護ステーションオール足立,121-0061,足立区,足立区花畑１－８－１１　カメリアビルＢ店舗,03-5856-4580,2025-02-01,,houkan,2026-08-01,https://www.fukushi.metro.tokyo.lg.jp/documents/d/fukushi/20260801_seishin_houkan-xlsx-xlsx
7495039,はじめのいっぽ訪問看護ステーション,121-0813,足立区,足立区竹の塚５－１－１１　スガコーポラス１０１号室,03-5851-8726,2025-05-01,,houkan,2026-08-01,https://www.fukushi.metro.tokyo.lg.jp/documents/d/fukushi/20260801_seishin_houkan-xlsx-xlsx
7495047,ＳＡＮケアステーション六木,121-0052,足立区,足立区六木３－２０－１６　１０２号,03-6802-6956,2026-03-01,,houkan,2026-08-01,https://www.fukushi.metro.tokyo.lg.jp/documents/d/fukushi/20260801_seishin_houkan-xlsx-xlsx
7495351,訪問看護ステーションくくる足立,121-0813,足立区,足立区竹の塚１－３０－１５　竹市第一ビル３０２,070-3366-2489,2025-04-01,,houkan,2026-08-01,https://www.fukushi.metro.tokyo.lg.jp/documents/d/fukushi/20260801_seishin_houkan-xlsx-xlsx
7495617,はつね訪問看護ステーション梅島,123-0851,足立区,足立区梅田７－１５－４　梅島コーポ１０１,03-5888-6767,2025-04-01,,houkan,2026-08-01,https://www.fukushi.metro.tokyo.lg.jp/documents/d/fukushi/20260801_seishin_houkan-xlsx-xlsx
7495625,足立西すえひろ訪問看護ステーション,123-0841,足立区,足立区西新井２－９－１９,03-5856-9666,2025-05-01,,houkan,2026-08-01,https://www.fukushi.metro.tokyo.lg.jp/documents/d/fukushi/20260801_seishin_houkan-xlsx-xlsx
7495663,訪問看護ステーションコルディアーレ綾瀬,120-0005,足立区,足立区綾瀬５－１９－１６　２階,03-5851-9616,2025-04-01,,houkan,2026-08-01,https://www.fukushi.metro.tokyo.lg.jp/documents/d/fukushi/20260801_seishin_houkan-xlsx-xlsx
7495823,Ｋｏｃｈｉ訪問看護リハビリステーション,123-0845,足立区,足立区西新井本町５－６－２１　メープルハイツ１０１,03-5888-5193,2025-06-01,,houkan,2026-08-01,https://www.fukushi.metro.tokyo.lg.jp/documents/d/fukushi/20260801_seishin_houkan-xlsx-xlsx
7495831,えみ訪問看護ステーション,121-0832,足立区,足立区古千谷本町２－１０－６,080-5452-7595,2025-07-01,,houkan,2026-08-01,https://www.fukushi.metro.tokyo.lg.jp/documents/d/fukushi/20260801_seishin_houkan-xlsx-xlsx
7496383,株式会社在宅医療サポートセンターりあん訪問看護ステーション綾瀬,120-0006,足立区,足立区谷中２－７－２　エクセル北綾瀬Ⅱ４階,03-5856-0159,2025-10-01,,houkan,2026-08-01,https://www.fukushi.metro.tokyo.lg.jp/documents/d/fukushi/20260801_seishin_houkan-xlsx-xlsx
7496391,きらめき訪問看護リハビリステーション竹ノ塚事業所,121-0807,足立区,足立区伊興本町１－２－２　古俣ビル１０１,03-5647-6886,2025-12-01,,houkan,2026-08-01,https://www.fukushi.metro.tokyo.lg.jp/documents/d/fukushi/20260801_seishin_houkan-xlsx-xlsx
7496599,こころのゆうき訪問看護ステーション東京,120-0034,足立区,足立区千住３－３２　ザ・パークハビオ１００９,03-4500-8617,2025-10-01,,houkan,2026-08-01,https://www.fukushi.metro.tokyo.lg.jp/documents/d/fukushi/20260801_seishin_houkan-xlsx-xlsx
7497035,訪問看護ステーションみらあ足立支店,120-0031,足立区,足立区千住大川町６－１　ライオンズマンション北千住第７　１０４号室,03-6812-0740,2026-01-01,,houkan,2026-08-01,https://www.fukushi.metro.tokyo.lg.jp/documents/d/fukushi/20260801_seishin_houkan-xlsx-xlsx
7497043,訪問看護ステーションココエル足立入谷,121-0836,足立区,足立区入谷９－１４－１４,03-5809-5562,2026-01-01,,houkan,2026-08-01,https://www.fukushi.metro.tokyo.lg.jp/documents/d/fukushi/20260801_seishin_houkan-xlsx-xlsx
7497050,ココロ訪問看護ステーション,121-0064,足立区,足立区保木間３－３５－１２,03-6356-5267,2026-03-01,,houkan,2026-08-01,https://www.fukushi.metro.tokyo.lg.jp/documents/d/fukushi/20260801_seishin_houkan-xlsx-xlsx
7497480,訪問看護ステーションＨＩＢＩＳＵ西新井,123-0841,足立区,足立区西新井５－２３－１,03-5837-4068,2026-05-01,,houkan,2026-08-01,https://www.fukushi.metro.tokyo.lg.jp/documents/d/fukushi/20260801_seishin_houkan-xlsx-xlsx
7497662,訪問看護ステーションあゆみ,123-0845,足立区,足立区西新井本町５－１２－２,03-6806-3821,2026-07-01,,houkan,2026-08-01,https://www.fukushi.metro.tokyo.lg.jp/documents/d/fukushi/20260801_seishin_houkan-xlsx-xlsx
7192289,東京葛飾医療生活協同組合 かなまち訪問看護ステーション,125-0063,葛飾区,葛飾区金町５－１４－６,03-3609-3060,2007-02-01,2025-02-01,houkan,2026-08-01,https://www.fukushi.metro.tokyo.lg.jp/documents/d/fukushi/20260801_seishin_houkan-xlsx-xlsx
7192925,東京愛育苑訪問看護ステーション,125-0032,葛飾区,葛飾区水元３－１３－２,03-5660-1123,2021-04-01,,houkan,2026-08-01,https://www.fukushi.metro.tokyo.lg.jp/documents/d/fukushi/20260801_seishin_houkan-xlsx-xlsx
7193030,ひかり訪問看護ステーション,125-0041,葛飾区,葛飾区東金町４－３－７　２階,03-5660-6061,2025-04-01,,houkan,2026-08-01,https://www.fukushi.metro.tokyo.lg.jp/documents/d/fukushi/20260801_seishin_houkan-xlsx-xlsx
7193881,しょうぶ訪問看護ステーション,124-0006,葛飾区,葛飾区堀切７－４－３,03-3603-0002,2022-01-01,,houkan,2026-08-01,https://www.fukushi.metro.tokyo.lg.jp/documents/d/fukushi/20260801_seishin_houkan-xlsx-xlsx
7199821,株式会社ウッディ 訪問看護ステーションはーと,125-0041,葛飾区,葛飾区東金町１－３８－６　宇羽野ビル４階,03-5876-9601,2009-07-01,2021-07-01,houkan,2026-08-01,https://www.fukushi.metro.tokyo.lg.jp/documents/d/fukushi/20260801_seishin_houkan-xlsx-xlsx
7291537,訪問看護ステーションオアシス,124-0012,葛飾区,葛飾区立石６－３３－８－１０２,03-5672-2393,2012-12-01,2024-12-01,houkan,2026-08-01,https://www.fukushi.metro.tokyo.lg.jp/documents/d/fukushi/20260801_seishin_houkan-xlsx-xlsx
7292592,立石訪問看護ステーション ペンギン,124-0012,葛飾区,葛飾区立石５－９－２６　ケアガーデンＩＳＨＩＤＡ１階,03-6657-7891,2014-08-01,2020-08-01,houkan,2026-08-01,https://www.fukushi.metro.tokyo.lg.jp/documents/d/fukushi/20260801_seishin_houkan-xlsx-xlsx
7292741,訪問看護ステーションデューン葛飾,124-0024,葛飾区,葛飾区新小岩１－５１－１３　新小岩大栄ビル６階,03-5879-6029,2013-02-01,2025-02-01,houkan,2026-08-01,https://www.fukushi.metro.tokyo.lg.jp/documents/d/fukushi/20260801_seishin_houkan-xlsx-xlsx
7293251,金町駅前訪問看護ステーション,125-0041,葛飾区,葛飾区東金町１－３６－１－１０５,03-3607-6597,2013-08-01,2025-08-01,houkan,2026-08-01,https://www.fukushi.metro.tokyo.lg.jp/documents/d/fukushi/20260801_seishin_houkan-xlsx-xlsx
7293764,しおん訪問看護ステーション,125-0062,葛飾区,葛飾区青戸５－３０－１５,03-5629-4550,2014-03-01,2026-03-01,houkan,2026-08-01,https://www.fukushi.metro.tokyo.lg.jp/documents/d/fukushi/20260801_seishin_houkan-xlsx-xlsx
7295363,医療法人社団ＭＸＰＧ レッツ訪問看護ステーション,124-0021,葛飾区,葛飾区細田４－１８－３　エクセルハイム細田１０３,03-5622-7011,2016-04-01,2022-04-01,houkan,2026-08-01,https://www.fukushi.metro.tokyo.lg.jp/documents/d/fukushi/20260801_seishin_houkan-xlsx-xlsx
7296866,新小岩訪問看護ステーションほほえみ,124-0023,葛飾区,葛飾区東新小岩８－８－１１　１階,03-5670-6662,2010-07-01,2022-07-01,houkan,2026-08-01,https://www.fukushi.metro.tokyo.lg.jp/documents/d/fukushi/20260801_seishin_houkan-xlsx-xlsx
7297286,むつみ訪問看護ステーション,124-0025,葛飾区,葛飾区西新小岩３－１５－１０,03-3692-2565,2016-07-01,2022-07-01,houkan,2026-08-01,https://www.fukushi.metro.tokyo.lg.jp/documents/d/fukushi/20260801_seishin_houkan-xlsx-xlsx
7297872,セントケア訪問看護ステーション葛飾,125-0054,葛飾区,葛飾区高砂５－１０－５　シルバーハイツ高砂２階,03-3826-5058,2016-11-01,2022-11-01,houkan,2026-08-01,https://www.fukushi.metro.tokyo.lg.jp/documents/d/fukushi/20260801_seishin_houkan-xlsx-xlsx
7299167,訪問看護ステーションデューンお花茶屋,124-0003,葛飾区,葛飾区お花茶屋１－１５－６　ＭａｘｉｍａｓⅡ１０１号室,03-6662-6925,2017-06-01,,houkan,2026-08-01,https://www.fukushi.metro.tokyo.lg.jp/documents/d/fukushi/20260801_seishin_houkan-xlsx-xlsx
7299522,ウィズ・ユー葛飾訪問看護,124-0003,葛飾区,葛飾区お花茶屋１－２０－５,03-6662-6962,2025-04-01,,houkan,2026-08-01,https://www.fukushi.metro.tokyo.lg.jp/documents/d/fukushi/20260801_seishin_houkan-xlsx-xlsx
7391014,株式会社フローレンス・Ｎ訪問看護事業所フローレンス柴又,125-0052,葛飾区,葛飾区柴又５－８－１３　コンフォートフォレスタ新柴又１階,03-5903-8256,2019-12-01,2025-12-01,houkan,2026-08-01,https://www.fukushi.metro.tokyo.lg.jp/documents/d/fukushi/20260801_seishin_houkan-xlsx-xlsx
7392319,ルミナスの和訪問看護ステーション,125-0054,葛飾区,葛飾区高砂８－１２－４　マンション戸部１０２号,03-5876-5773,2021-09-01,,houkan,2026-08-01,https://www.fukushi.metro.tokyo.lg.jp/documents/d/fukushi/20260801_seishin_houkan-xlsx-xlsx
7392731,青戸訪問看護ステーション,125-0062,葛飾区,葛飾区青戸６－６－２２－２０１,03-6662-5092,2019-03-01,2025-03-01,houkan,2026-08-01,https://www.fukushi.metro.tokyo.lg.jp/documents/d/fukushi/20260801_seishin_houkan-xlsx-xlsx
7392749,訪問看護ステーションここ未来,125-0035,葛飾区,葛飾区南水元２－２９－１１　ラフォンテーヌ１０２,03-5876-6616,2019-03-01,2025-03-01,houkan,2026-08-01,https://www.fukushi.metro.tokyo.lg.jp/documents/d/fukushi/20260801_seishin_houkan-xlsx-xlsx
7393275,訪問リハ看護ステーション立夏,125-0042,葛飾区,葛飾区東金町５－１４－４　豊栄ビル２０１,03-5648-2505,2020-10-01,,houkan,2026-08-01,https://www.fukushi.metro.tokyo.lg.jp/documents/d/fukushi/20260801_seishin_houkan-xlsx-xlsx
7393853,訪問看護ステーション コルディアーレ新小岩,124-0025,葛飾区,葛飾区西新小岩４－４２－１２　イソマビル５階,03-6657-7494,2019-04-01,2025-04-01,houkan,2026-08-01,https://www.fukushi.metro.tokyo.lg.jp/documents/d/fukushi/20260801_seishin_houkan-xlsx-xlsx
7394356,ＳＯＭＰＯケア葛飾訪問看護,125-0062,葛飾区,葛飾区青戸３－３３－１４　サンプラザビル５階,03-6240-7035,2021-03-01,,houkan,2026-08-01,https://www.fukushi.metro.tokyo.lg.jp/documents/d/fukushi/20260801_seishin_houkan-xlsx-xlsx
7394703,ニチイライフケア柴又ナースステーション,125-0052,葛飾区,葛飾区柴又７－１３－８,03-6806-9437,2023-05-01,,houkan,2026-08-01,https://www.fukushi.metro.tokyo.lg.jp/documents/d/fukushi/20260801_seishin_houkan-xlsx-xlsx
7395189,ウェルフォース訪問看護ステーション,125-0063,葛飾区,葛飾区白鳥２－１０－７,03-6662-5208,2021-02-01,,houkan,2026-08-01,https://www.fukushi.metro.tokyo.lg.jp/documents/d/fukushi/20260801_seishin_houkan-xlsx-xlsx
7395973,訪問看護ステーションかえで,124-0003,葛飾区,葛飾区お花茶屋２－１７－８,03-6823-1442,2021-03-01,,houkan,2026-08-01,https://www.fukushi.metro.tokyo.lg.jp/documents/d/fukushi/20260801_seishin_houkan-xlsx-xlsx
7395981,菜の花葛飾訪問看護ステーション,124-0022,葛飾区,葛飾区奥戸９－１６－２,03-3657-1970,2021-09-01,,houkan,2026-08-01,https://www.fukushi.metro.tokyo.lg.jp/documents/d/fukushi/20260801_seishin_houkan-xlsx-xlsx
7396203,訪問看護ステーション コルディアーレ葛飾,125-0042,葛飾区,葛飾区金町１－１９－３　日立金町ビル５階,03-5876-6296,2021-04-01,,houkan,2026-08-01,https://www.fukushi.metro.tokyo.lg.jp/documents/d/fukushi/20260801_seishin_houkan-xlsx-xlsx
7396740,訪問看護ステーション はな 金町,125-0042,葛飾区,葛飾区金町５－２４－１８　グランフレア金町１Ｆ,03-6822-6707,2021-09-01,,houkan,2026-08-01,https://www.fukushi.metro.tokyo.lg.jp/documents/d/fukushi/20260801_seishin_houkan-xlsx-xlsx
7397698,訪問看護ステーション人薬,125-0063,葛飾区,葛飾区白鳥４－１７－１６　カーサ白鳥１０２号室,03-6240-7896,2022-04-01,,houkan,2026-08-01,https://www.fukushi.metro.tokyo.lg.jp/documents/d/fukushi/20260801_seishin_houkan-xlsx-xlsx
7398258,さくらんぼ訪問看護ステーション,125-0062,葛飾区,葛飾区青戸７－５－７　１０１,03-3602-3301,2023-01-01,,houkan,2026-08-01,https://www.fukushi.metro.tokyo.lg.jp/documents/d/fukushi/20260801_seishin_houkan-xlsx-xlsx
7398415,訪問看護ステーション藤の花,125-0062,葛飾区,葛飾区青戸６－１－１５　万平ハイツ１０１,03-6662-4083,2022-06-01,,houkan,2026-08-01,https://www.fukushi.metro.tokyo.lg.jp/documents/d/fukushi/20260801_seishin_houkan-xlsx-xlsx
7398571,アイリス訪問看護リハビリステーション,125-0062,葛飾区,葛飾区青戸１－１８－６,03-6823-0806,2022-11-01,,houkan,2026-08-01,https://www.fukushi.metro.tokyo.lg.jp/documents/d/fukushi/20260801_seishin_houkan-xlsx-xlsx
7398704,ゆい訪問看護リハビリステーション葛飾,125-0062,葛飾区,葛飾区青戸２－１２－１　スカイコート石川　１０１号,03-6662-5137,2022-11-01,,houkan,2026-08-01,https://www.fukushi.metro.tokyo.lg.jp/documents/d/fukushi/20260801_seishin_houkan-xlsx-xlsx
7399330,亀山内科訪問看護ステーション,124-0006,葛飾区,葛飾区堀切５－２０－９　２階,03-3601-8230,2023-02-01,,houkan,2026-08-01,https://www.fukushi.metro.tokyo.lg.jp/documents/d/fukushi/20260801_seishin_houkan-xlsx-xlsx
7491038,よつぎ訪問看護ステーション,124-0011,葛飾区,葛飾区四つ木４－３０－３０,03-6662-8517,2023-07-01,,houkan,2026-08-01,https://www.fukushi.metro.tokyo.lg.jp/documents/d/fukushi/20260801_seishin_houkan-xlsx-xlsx
7491046,ギフト訪問看護ステーション,124-0006,葛飾区,葛飾区堀切４－１２－７　コーポ堀切１０２,03-5670-2100,2023-08-01,,houkan,2026-08-01,https://www.fukushi.metro.tokyo.lg.jp/documents/d/fukushi/20260801_seishin_houkan-xlsx-xlsx
7491350,訪問看護ステーション向日葵,125-0052,葛飾区,葛飾区柴又５－３７－１２,03-6657-9105,2023-07-01,,houkan,2026-08-01,https://www.fukushi.metro.tokyo.lg.jp/documents/d/fukushi/20260801_seishin_houkan-xlsx-xlsx
7492002,ＦＣＭ訪問看護ステーションかめあり,125-0061,葛飾区,葛飾区亀有５－２６－８,03-5856-3117,2023-08-01,,houkan,2026-08-01,https://www.fukushi.metro.tokyo.lg.jp/documents/d/fukushi/20260801_seishin_houkan-xlsx-xlsx
7492010,Ｆａｍｉｌｙ Ｎｕｒｓｅ葛飾,124-0006,葛飾区,葛飾区堀切２－４－５　ＣＯＲＳＡ堀切３０２号,050-8885-4615,2023-08-01,,houkan,2026-08-01,https://www.fukushi.metro.tokyo.lg.jp/documents/d/fukushi/20260801_seishin_houkan-xlsx-xlsx
7492242,在宅療養支援ステーション 楓の友かつしか,125-0061,葛飾区,葛飾区亀有１－１５－２３　間医療モール３階,03-6821-6621,2023-11-01,,houkan,2026-08-01,https://www.fukushi.metro.tokyo.lg.jp/documents/d/fukushi/20260801_seishin_houkan-xlsx-xlsx
7492630,訪問看護ステーション デライト葛飾,125-0061,葛飾区,葛飾区亀有１－２２－１７,03-5629-9030,2017-08-01,2023-08-01,houkan,2026-08-01,https://www.fukushi.metro.tokyo.lg.jp/documents/d/fukushi/20260801_seishin_houkan-xlsx-xlsx
7495054,サクラボ訪問看護ステーション,125-0062,葛飾区,葛飾区青戸６－３－３　シャムロック２０４号室,03-6662-6025,2025-02-01,,houkan,2026-08-01,https://www.fukushi.metro.tokyo.lg.jp/documents/d/fukushi/20260801_seishin_houkan-xlsx-xlsx
7496045,プレシャスケア訪問看護ステーション,125-0062,葛飾区,葛飾区青戸８－３－１３　タウンハイツ亀有１　２０８,03-6662-7962,2025-07-01,,houkan,2026-08-01,https://www.fukushi.metro.tokyo.lg.jp/documents/d/fukushi/20260801_seishin_houkan-xlsx-xlsx
7496417,ＡＹＡＮＡ訪問看護ステーション,125-0061,葛飾区,葛飾区亀有３－１６－１５　メリーマンション２０２,080-7017-4411,2025-09-01,,houkan,2026-08-01,https://www.fukushi.metro.tokyo.lg.jp/documents/d/fukushi/20260801_seishin_houkan-xlsx-xlsx
7496425,いぶき訪問看護ステーション,124-0021,葛飾区,葛飾区細田３－１３－３９　１階,03-6806-9733,2020-03-01,2026-03-01,houkan,2026-08-01,https://www.fukushi.metro.tokyo.lg.jp/documents/d/fukushi/20260801_seishin_houkan-xlsx-xlsx
7496797,訪問看護ステーションコルディアーレ青戸,125-0062,葛飾区,葛飾区青戸６－４－２１　青戸６丁目事務所１階,03-6662-7930,2025-11-01,,houkan,2026-08-01,https://www.fukushi.metro.tokyo.lg.jp/documents/d/fukushi/20260801_seishin_houkan-xlsx-xlsx
7496938,訪問看護ステーション夏,124-0001,葛飾区,葛飾区小菅２－２２－１０　１階,03-5654-6977,2026-07-01,,houkan,2026-08-01,https://www.fukushi.metro.tokyo.lg.jp/documents/d/fukushi/20260801_seishin_houkan-xlsx-xlsx
7497498,訪問看護ステーション高砂,125-0054,葛飾区,葛飾区高砂３－１６－３　リナハイツ１０１,03-5655-9028,2026-05-01,,houkan,2026-08-01,https://www.fukushi.metro.tokyo.lg.jp/documents/d/fukushi/20260801_seishin_houkan-xlsx-xlsx
7192263,ふなぼり訪問看護ステーション,134-0091,江戸川区,江戸川区船堀４－４－１１　フェニックスガーデンビル１階,03-5676-1181,2007-02-01,2025-02-01,houkan,2026-08-01,https://www.fukushi.metro.tokyo.lg.jp/documents/d/fukushi/20260801_seishin_houkan-xlsx-xlsx
7193048,訪問看護ステーションまごころ,134-0084,江戸川区,江戸川区東葛西４－５２－５－１０２,03-5676-5531,2008-09-01,2020-09-01,houkan,2026-08-01,https://www.fukushi.metro.tokyo.lg.jp/documents/d/fukushi/20260801_seishin_houkan-xlsx-xlsx
7193295,瑞江訪問看護ステーション,132-0014,江戸川区,江戸川区東瑞江１－２５－６　スウィートヒルズ１Ｆ,03-3679-5241,2019-12-01,2025-12-01,houkan,2026-08-01,https://www.fukushi.metro.tokyo.lg.jp/documents/d/fukushi/20260801_seishin_houkan-xlsx-xlsx
7194087,トーリツ訪問看護ステーション 江戸川,132-0021,江戸川区,江戸川区中央２－４－１８,03-5663-5757,2007-01-01,2025-01-01,houkan,2026-08-01,https://www.fukushi.metro.tokyo.lg.jp/documents/d/fukushi/20260801_seishin_houkan-xlsx-xlsx
7194541,江戸川病院訪問看護ステーション・マックスライフ,133-0071,江戸川区,江戸川区東松本２－１４－１２,03-3673-4174,2023-10-01,,houkan,2026-08-01,https://www.fukushi.metro.tokyo.lg.jp/documents/d/fukushi/20260801_seishin_houkan-xlsx-xlsx
7196751,なぎさ和楽苑訪問看護ステーション,134-0088,江戸川区,江戸川区西葛西８－１－１,03-3675-1201,2018-10-01,2024-10-01,houkan,2026-08-01,https://www.fukushi.metro.tokyo.lg.jp/documents/d/fukushi/20260801_seishin_houkan-xlsx-xlsx
7198104,なごみ訪問看護ステーション,133-0056,江戸川区,江戸川区南小岩８－１７－４　ラメール吉崎１０１,03-5668-7158,2007-01-01,2025-01-01,houkan,2026-08-01,https://www.fukushi.metro.tokyo.lg.jp/documents/d/fukushi/20260801_seishin_houkan-xlsx-xlsx
7198252,医療法人社団東京育明会くすの木訪問看護ステーション,132-0035,江戸川区,江戸川区平井２－２４－１６　東京育明会ビル２階,03-5609-6162,2025-08-01,,houkan,2026-08-01,https://www.fukushi.metro.tokyo.lg.jp/documents/d/fukushi/20260801_seishin_houkan-xlsx-xlsx
7199532,訪問看護ステーション都葦,134-0082,江戸川区,江戸川区宇喜田町１３１１－１　ファミール宇喜田１０１,03-5679-5052,2015-10-01,2021-10-01,houkan,2026-08-01,https://www.fukushi.metro.tokyo.lg.jp/documents/d/fukushi/20260801_seishin_houkan-xlsx-xlsx
7199797,あおぞら訪問看護ステーション,132-0025,江戸川区,江戸川区松江５－１１－１０　ロイアルコート５－６０３号,03-5879-3162,2009-05-01,2021-05-01,houkan,2026-08-01,https://www.fukushi.metro.tokyo.lg.jp/documents/d/fukushi/20260801_seishin_houkan-xlsx-xlsx
7291040,城東訪問看護ステーション,134-0088,江戸川区,江戸川区西葛西３－２２－１５,03-5676-5011,2009-11-01,2021-11-01,houkan,2026-08-01,https://www.fukushi.metro.tokyo.lg.jp/documents/d/fukushi/20260801_seishin_houkan-xlsx-xlsx
7292485,訪問看護ステーションナース花きりん,134-0083,江戸川区,江戸川区中葛西６－１０－７　江戸川ビル２階,03-3869-1730,2012-08-01,2024-08-01,houkan,2026-08-01,https://www.fukushi.metro.tokyo.lg.jp/documents/d/fukushi/20260801_seishin_houkan-xlsx-xlsx
7292915,訪問看護ステーション つぐみ,134-0087,江戸川区,江戸川区清新町２－２－２０－１１１,03-6456-0972,2014-05-01,2026-05-01,houkan,2026-08-01,https://www.fukushi.metro.tokyo.lg.jp/documents/d/fukushi/20260801_seishin_houkan-xlsx-xlsx
7293699,東京ケアメディカル,133-0055,江戸川区,江戸川区西篠崎２－７－３０,03-6231-8808,2018-04-01,2024-04-01,houkan,2026-08-01,https://www.fukushi.metro.tokyo.lg.jp/documents/d/fukushi/20260801_seishin_houkan-xlsx-xlsx
7294317,船堀ホームナース にじ,132-0024,江戸川区,江戸川区一之江８－８－２　Ｑスクエア１階,03-5878-1035,2014-07-01,2026-07-01,houkan,2026-08-01,https://www.fukushi.metro.tokyo.lg.jp/documents/d/fukushi/20260801_seishin_houkan-xlsx-xlsx
7294671,医療法人社団城東桐和会 タムス訪問看護ステーション江戸川,133-0063,江戸川区,江戸川区東篠崎１－１１－１,03-6231-8471,2014-10-01,2020-10-01,houkan,2026-08-01,https://www.fukushi.metro.tokyo.lg.jp/documents/d/fukushi/20260801_seishin_houkan-xlsx-xlsx
7295033,あさやけ訪問看護ステーション,132-0025,江戸川区,江戸川区松江５－２４－６　ＴＲ船堀１階,03-5878-1030,2014-12-01,2020-12-01,houkan,2026-08-01,https://www.fukushi.metro.tokyo.lg.jp/documents/d/fukushi/20260801_seishin_houkan-xlsx-xlsx
7296684,フロランス訪問看護ステーション,132-0035,江戸川区,江戸川区平井２－８－１４　共栄コーポ３０３号室,03-3613-3525,2016-08-01,2022-08-01,houkan,2026-08-01,https://www.fukushi.metro.tokyo.lg.jp/documents/d/fukushi/20260801_seishin_houkan-xlsx-xlsx
7296791,訪問看護ステーションあおぞらの家,132-0024,江戸川区,江戸川区船堀６－３－２０　１階,03-6661-3332,2016-05-01,2022-05-01,houkan,2026-08-01,https://www.fukushi.metro.tokyo.lg.jp/documents/d/fukushi/20260801_seishin_houkan-xlsx-xlsx
7297443,ウィル訪問看護ステーション江戸川,132-0021,江戸川区,江戸川区中央４－１１－８,03-5678-6522（080-4206-4767）,2016-07-01,2022-07-01,houkan,2026-08-01,https://www.fukushi.metro.tokyo.lg.jp/documents/d/fukushi/20260801_seishin_houkan-xlsx-xlsx
7297740,社会医療法人社団 森山医会 訪問看護事業所,134-0088,江戸川区,江戸川区西葛西７－１２－７,03-3869-6882,2020-08-01,,houkan,2026-08-01,https://www.fukushi.metro.tokyo.lg.jp/documents/d/fukushi/20260801_seishin_houkan-xlsx-xlsx
7298078,訪問看護ステーションデューン江戸川,132-0011,江戸川区,江戸川区瑞江２－２－２　広島ビル２階,03-6638-8106,2016-12-01,2022-12-01,houkan,2026-08-01,https://www.fukushi.metro.tokyo.lg.jp/documents/d/fukushi/20260801_seishin_houkan-xlsx-xlsx
7298177,訪問看護リハビリステーション ここゆい,132-0013,江戸川区,江戸川区江戸川４－２－１,03-6231-8742,2018-01-01,2024-01-01,houkan,2026-08-01,https://www.fukushi.metro.tokyo.lg.jp/documents/d/fukushi/20260801_seishin_houkan-xlsx-xlsx
7298235,訪問看護ステーションとも,134-0084,江戸川区,江戸川区東葛西６－１７－４,03-5659-2100,2018-11-01,,houkan,2026-08-01,https://www.fukushi.metro.tokyo.lg.jp/documents/d/fukushi/20260801_seishin_houkan-xlsx-xlsx
7298516,せんじゅ訪問看護,133-0051,江戸川区,江戸川区北小岩８－２１－６　仙寿庵２階,03-6801-7450,2017-11-01,2023-11-01,houkan,2026-08-01,https://www.fukushi.metro.tokyo.lg.jp/documents/d/fukushi/20260801_seishin_houkan-xlsx-xlsx
7299175,ナースステーションふれにあ本舗,132-0031,江戸川区,江戸川区松島２－９－２　２階,03-5879-4970,2017-10-01,,houkan,2026-08-01,https://www.fukushi.metro.tokyo.lg.jp/documents/d/fukushi/20260801_seishin_houkan-xlsx-xlsx
7299647,スマイリー訪問看護ステーション,134-0091,江戸川区,江戸川区船堀２－１５－１７　ドウエル船堀２０２号室,03-6822-2134,2017-11-01,2023-11-01,houkan,2026-08-01,https://www.fukushi.metro.tokyo.lg.jp/documents/d/fukushi/20260801_seishin_houkan-xlsx-xlsx
7299753,訪問看護ステーションこころ,132-0024,江戸川区,江戸川区一之江２－８－１４　２０３,03-5879-3763,2018-04-01,2024-04-01,houkan,2026-08-01,https://www.fukushi.metro.tokyo.lg.jp/documents/d/fukushi/20260801_seishin_houkan-xlsx-xlsx
7391345,えそら訪問看護ステーション,133-0051,江戸川区,江戸川区北小岩３－１３－１０　アズ小岩レジデンス２階,03-5612-1252,2018-04-01,2024-04-01,houkan,2026-08-01,https://www.fukushi.metro.tokyo.lg.jp/documents/d/fukushi/20260801_seishin_houkan-xlsx-xlsx
7391352,おひさまナースステーション,132-0023,江戸川区,江戸川区西一之江２－３０－２３,03-6677-1634,2018-04-01,2024-04-01,houkan,2026-08-01,https://www.fukushi.metro.tokyo.lg.jp/documents/d/fukushi/20260801_seishin_houkan-xlsx-xlsx
7391360,訪問看護ステーション 心音,132-0035,江戸川区,江戸川区平井３－１０－１２　平井町ビル１階,03-5875-0337,2018-05-01,2024-05-01,houkan,2026-08-01,https://www.fukushi.metro.tokyo.lg.jp/documents/d/fukushi/20260801_seishin_houkan-xlsx-xlsx
7391493,訪問看護ステーション ナース花きりん船堀,132-0025,江戸川区,江戸川区松江１－１５－１１,03-6808-9802,2018-05-01,2024-05-01,houkan,2026-08-01,https://www.fukushi.metro.tokyo.lg.jp/documents/d/fukushi/20260801_seishin_houkan-xlsx-xlsx
7391642,なの花訪問看護ステーション,133-0065,江戸川区,江戸川区南篠崎町２－３７－３　ＴＭ店舗１階,03-5636-8177,2020-04-01,2026-04-01,houkan,2026-08-01,https://www.fukushi.metro.tokyo.lg.jp/documents/d/fukushi/20260801_seishin_houkan-xlsx-xlsx
7391956,みかん訪問看護リハビリテーションFASCIA,134-0083,江戸川区,江戸川区中葛西５－４１－８　金栄ビル２０２,03-4361-9172,2019-04-01,2025-04-01,houkan,2026-08-01,https://www.fukushi.metro.tokyo.lg.jp/documents/d/fukushi/20260801_seishin_houkan-xlsx-xlsx
7392327,かのん訪問看護ステーションえどがわ,133-0056,江戸川区,江戸川区南小岩７－２－６,03-6801-7648,2018-12-01,2024-12-01,houkan,2026-08-01,https://www.fukushi.metro.tokyo.lg.jp/documents/d/fukushi/20260801_seishin_houkan-xlsx-xlsx
7392442,訪問看護ステーションこはる,132-0035,江戸川区,江戸川区平井１－１５－５　たちばなマンション１０２,03-5858-6732,2019-01-01,2025-01-01,houkan,2026-08-01,https://www.fukushi.metro.tokyo.lg.jp/documents/d/fukushi/20260801_seishin_houkan-xlsx-xlsx
7392756,スターク訪問看護ステーション小岩,133-0057,江戸川区,江戸川区西小岩１－２２－１　小岩東総ハイツ２Ｆ,03-5612-5130,2019-02-01,2025-02-01,houkan,2026-08-01,https://www.fukushi.metro.tokyo.lg.jp/documents/d/fukushi/20260801_seishin_houkan-xlsx-xlsx
7392863,訪問看護ステーションデューン江戸川西,132-0024,江戸川区,江戸川区一之江３－２－２　一之江Ｓビル２０７号室,03-6231-5301,2019-03-01,2025-03-01,houkan,2026-08-01,https://www.fukushi.metro.tokyo.lg.jp/documents/d/fukushi/20260801_seishin_houkan-xlsx-xlsx
7393176,訪問看護ステーションはな 小岩,133-0057,江戸川区,江戸川区西小岩１－２３－５　コムーネ１０１,03-6822-6558,2019-06-01,2025-06-01,houkan,2026-08-01,https://www.fukushi.metro.tokyo.lg.jp/documents/d/fukushi/20260801_seishin_houkan-xlsx-xlsx
7394208,しろひげファミリー訪問看護ステーション,132-0014,江戸川区,江戸川区東瑞江１－３８－４２　庄電ビル１号室,03-6638-7110,2020-10-01,,houkan,2026-08-01,https://www.fukushi.metro.tokyo.lg.jp/documents/d/fukushi/20260801_seishin_houkan-xlsx-xlsx
7394299,訪問看護ステーション スーリール,132-0035,江戸川区,江戸川区船堀１－４－１０第２乙女屋マンション５０３,03-6807-0244,2020-03-01,2026-03-01,houkan,2026-08-01,https://www.fukushi.metro.tokyo.lg.jp/documents/d/fukushi/20260801_seishin_houkan-xlsx-xlsx
7394711,ＬＩＴＡＬＩＣＯホームケア,134-0091,江戸川区,江戸川区船堀２－２１－８－００２Ｆ,03-5878-1943,2020-05-01,2026-05-01,houkan,2026-08-01,https://www.fukushi.metro.tokyo.lg.jp/documents/d/fukushi/20260801_seishin_houkan-xlsx-xlsx
7394802,城東訪問看護ステーションみずえ,133-0065,江戸川区,江戸川区南篠崎町３－９－３,03-5879-8225,2020-08-01,,houkan,2026-08-01,https://www.fukushi.metro.tokyo.lg.jp/documents/d/fukushi/20260801_seishin_houkan-xlsx-xlsx
7395015,リニエ訪問看護ステーション江戸川,133-0057,江戸川区,江戸川区西小岩３－６－１５　遊佐商店ビル２Ｆ,03-5612-5225,2020-09-01,,houkan,2026-08-01,https://www.fukushi.metro.tokyo.lg.jp/documents/d/fukushi/20260801_seishin_houkan-xlsx-xlsx
7395023,フィッツ訪問看護ステーション,133-0056,江戸川区,江戸川区南小岩８－１１－１オークプレイス小岩２階,03-6657-9039,2021-01-01,,houkan,2026-08-01,https://www.fukushi.metro.tokyo.lg.jp/documents/d/fukushi/20260801_seishin_houkan-xlsx-xlsx
7395197,ｕｐ訪問看護リハビリステーション,134-0083,江戸川区,江戸川区中葛西５－７－１５　鈴ビル１０１,03-5878-0014,2020-10-01,,houkan,2026-08-01,https://www.fukushi.metro.tokyo.lg.jp/documents/d/fukushi/20260801_seishin_houkan-xlsx-xlsx
7396211,訪問看護ステーション 遥風,133-0065,江戸川区,江戸川区南篠崎町４－５－１３　クレストハシモト１Ｆ,03-5879-8301,2023-05-01,,houkan,2026-08-01,https://www.fukushi.metro.tokyo.lg.jp/documents/d/fukushi/20260801_seishin_houkan-xlsx-xlsx
7396757,ひな訪問看護リハビリステーション,132-0025,江戸川区,江戸川区松江７－２８－６　セシオン松江３０２号,03-5879-9240,2021-10-01,,houkan,2026-08-01,https://www.fukushi.metro.tokyo.lg.jp/documents/d/fukushi/20260801_seishin_houkan-xlsx-xlsx
7397375,ＦＥＲＮＡ訪問看護ステーション,133-0065,江戸川区,江戸川区南篠崎町２－７－１９　１０１,03-6638-8265,2021-12-01,,houkan,2026-08-01,https://www.fukushi.metro.tokyo.lg.jp/documents/d/fukushi/20260801_seishin_houkan-xlsx-xlsx
7397490,もっち訪問看護ステーション,133-0065,江戸川区,江戸川区南篠崎町４－９－８　エスポアール瑞江２０１号室,03-6638-9430,2022-03-01,,houkan,2026-08-01,https://www.fukushi.metro.tokyo.lg.jp/documents/d/fukushi/20260801_seishin_houkan-xlsx-xlsx
7397508,フェアウィズ訪問看護ステーション,133-0052,江戸川区,江戸川区東小岩６－２１－５,03-5876-8718,2022-05-01,,houkan,2026-08-01,https://www.fukushi.metro.tokyo.lg.jp/documents/d/fukushi/20260801_seishin_houkan-xlsx-xlsx
7398076,ＫＡＺＯＫＵナースステーション,133-0056,江戸川区,江戸川区南小岩２－１０－１０,03-3672-0101,2022-04-01,,houkan,2026-08-01,https://www.fukushi.metro.tokyo.lg.jp/documents/d/fukushi/20260801_seishin_houkan-xlsx-xlsx
7398084,アリカ訪問看護ステーション瑞江,132-0014,江戸川区,江戸川区東瑞江１－２９－３　クレインヨシヌマハイツ４０１,03-6638-9207,2022-06-01,,houkan,2026-08-01,https://www.fukushi.metro.tokyo.lg.jp/documents/d/fukushi/20260801_seishin_houkan-xlsx-xlsx
7398589,リハビリ訪問看護ステーションＨＩＲＯ’Ｓ,133-0056,江戸川区,江戸川区南小岩５－１７－２０　三好屋南小岩ビル４０５,03-5622-7710,2022-12-01,,houkan,2026-08-01,https://www.fukushi.metro.tokyo.lg.jp/documents/d/fukushi/20260801_seishin_houkan-xlsx-xlsx
7491061,カーサ訪問看護リハビリステーション江戸川,132-0003,江戸川区,江戸川区春江町２－３８－２,03-6826-9364,2023-04-01,,houkan,2026-08-01,https://www.fukushi.metro.tokyo.lg.jp/documents/d/fukushi/20260801_seishin_houkan-xlsx-xlsx
7491756,訪問看護ステーションえにしや,133-0051,江戸川区,江戸川区北小岩６－３２－１２,03-5876-7407,2026-07-01,,houkan,2026-08-01,https://www.fukushi.metro.tokyo.lg.jp/documents/d/fukushi/20260801_seishin_houkan-xlsx-xlsx
7492028,スマイルプラス訪問看護ステーション,132-0021,江戸川区,江戸川区中央１－１５－２　ハイムジョイフル２０６号,03-5879-2765,2022-11-01,,houkan,2026-08-01,https://www.fukushi.metro.tokyo.lg.jp/documents/d/fukushi/20260801_seishin_houkan-xlsx-xlsx
7492648,訪問看護ステーション デライト江戸川,133-0065,江戸川区,江戸川区南篠崎町３－１－１１　メゾン・スガⅡ　１０２号,03-6231-8739,2019-06-01,2025-06-01,houkan,2026-08-01,https://www.fukushi.metro.tokyo.lg.jp/documents/d/fukushi/20260801_seishin_houkan-xlsx-xlsx
7492655,訪問看護ステーション デライト葛西,134-0084,江戸川区,江戸川区東葛西５－１２－１　頼長レジデンス２０６号室,03-6661-3606,2022-09-01,,houkan,2026-08-01,https://www.fukushi.metro.tokyo.lg.jp/documents/d/fukushi/20260801_seishin_houkan-xlsx-xlsx
7492994,しろひげ想い出がいっぱい訪問看護ステーション,134-0013,江戸川区,江戸川区江戸川６－３２－７,03-6808-7590,2024-04-01,,houkan,2026-08-01,https://www.fukushi.metro.tokyo.lg.jp/documents/d/fukushi/20260801_seishin_houkan-xlsx-xlsx
7494511,あすてるカンゴ葛西,134-0084,江戸川区,江戸川区東葛西８－１０－４,03-3520-8577,2019-05-01,2025-05-01,houkan,2026-08-01,https://www.fukushi.metro.tokyo.lg.jp/documents/d/fukushi/20260801_seishin_houkan-xlsx-xlsx
7494826,タイムレス訪問看護ステーション,132-0025,江戸川区,江戸川区松江５－１０－７　ケインアベニュー船堀３０６号室,03-5879-3916,2024-12-01,,houkan,2026-08-01,https://www.fukushi.metro.tokyo.lg.jp/documents/d/fukushi/20260801_seishin_houkan-xlsx-xlsx
7495062,訪問看護ステーションヴァクト,133-0051,江戸川区,江戸川区北小岩６－４０－５　エンゼルハイム２０１,03-5889-9596,2025-01-01,,houkan,2026-08-01,https://www.fukushi.metro.tokyo.lg.jp/documents/d/fukushi/20260801_seishin_houkan-xlsx-xlsx
7495245,きんぎょ訪問看護ステーション,132-0035,江戸川区,江戸川区平井６－１６－４,03-6657-5945,2025-03-01,,houkan,2026-08-01,https://www.fukushi.metro.tokyo.lg.jp/documents/d/fukushi/20260801_seishin_houkan-xlsx-xlsx
7495641,訪問看護ステーションコルディアーレ江戸川,132-0024,江戸川区,江戸川区一之江８－１５－１　エクセル一之江２Ｆ号室,03-5879-3085,2025-04-01,,houkan,2026-08-01,https://www.fukushi.metro.tokyo.lg.jp/documents/d/fukushi/20260801_seishin_houkan-xlsx-xlsx
7495658,よつ葉えどがわ,132-0035,江戸川区,江戸川区平井６－４７－１３　セルス有阪５階,03-5630-7420,2020-10-01,,houkan,2026-08-01,https://www.fukushi.metro.tokyo.lg.jp/documents/d/fukushi/20260801_seishin_houkan-xlsx-xlsx
7495849,ドットライフ小岩（訪問看護・リハビリ）,133-0057,江戸川区,江戸川区西小岩１－９－１６,03-5876-7062,2025-05-01,,houkan,2026-08-01,https://www.fukushi.metro.tokyo.lg.jp/documents/d/fukushi/20260801_seishin_houkan-xlsx-xlsx
7496805,訪問看護ステーションコルディアーレ小岩,133-0051,江戸川区,江戸川区北小岩１－２０－３　サンライズ北小岩１０１号室,03-5876-8510,2025-11-01,,houkan,2026-08-01,https://www.fukushi.metro.tokyo.lg.jp/documents/d/fukushi/20260801_seishin_houkan-xlsx-xlsx
7497506,とわ訪問看護ステーション,132-0022,江戸川区,江戸川区大杉２－８－８,03-5879-6842,2026-04-01,,houkan,2026-08-01,https://www.fukushi.metro.tokyo.lg.jp/documents/d/fukushi/20260801_seishin_houkan-xlsx-xlsx
7497514,リリ訪問看護ステーション,132-0021,江戸川区,江戸川区中央２－４－１０,03-5879-4159,2026-05-01,,houkan,2026-08-01,https://www.fukushi.metro.tokyo.lg.jp/documents/d/fukushi/20260801_seishin_houkan-xlsx-xlsx
7191778,城山訪問看護ステーション,193-0844,八王子市,八王子市元八王子町２－１１６２－１,042-664-2161,2007-02-01,2025-02-01,houkan,2026-08-01,https://www.fukushi.metro.tokyo.lg.jp/documents/d/fukushi/20260801_seishin_houkan-xlsx-xlsx
7192552,一般社団法人八王子市医師会立訪問看護ステーション,192-0066,八王子市,八王子市本町１３－２,042-620-7631,2017-02-01,2023-02-01,houkan,2026-08-01,https://www.fukushi.metro.tokyo.lg.jp/documents/d/fukushi/20260801_seishin_houkan-xlsx-xlsx
7196413,訪問看護ステーションめだか,192-0916,八王子市,八王子市みなみ野５－３０－２５,042-683-1522,2008-08-01,2020-08-01,houkan,2026-08-01,https://www.fukushi.metro.tokyo.lg.jp/documents/d/fukushi/20260801_seishin_houkan-xlsx-xlsx
7198658,訪問看護ステーションひばり,193-0835,八王子市,八王子市千人町２－１３－８　モナーク西八王子１Ｆ,042-649-6917,2022-05-01,,houkan,2026-08-01,https://www.fukushi.metro.tokyo.lg.jp/documents/d/fukushi/20260801_seishin_houkan-xlsx-xlsx
7199839,城山みなみ訪問看護ステーション,193-0844,八王子市,八王子市高尾町１６１０,042-667-0666,2010-01-01,2022-01-01,houkan,2026-08-01,https://www.fukushi.metro.tokyo.lg.jp/documents/d/fukushi/20260801_seishin_houkan-xlsx-xlsx
7291685,プライマリー訪問看護ステーション,192-0062,八王子市,八王子市大横町１－９　Ｋビル５０１号,042-649-7671,2011-05-01,2023-05-01,houkan,2026-08-01,https://www.fukushi.metro.tokyo.lg.jp/documents/d/fukushi/20260801_seishin_houkan-xlsx-xlsx
7292006,訪問看護ステーションデューン八王子,192-0904,八王子市,八王子市子安町２－２－１２　寺島コート２階,042-649-9156,2012-03-01,2024-03-01,houkan,2026-08-01,https://www.fukushi.metro.tokyo.lg.jp/documents/d/fukushi/20260801_seishin_houkan-xlsx-xlsx
7293657,訪問看護ステーションルースト,192-0911,八王子市,東京都東京都八王子市打越町３５２－４,042-646-0310,2023-12-01,,houkan,2026-08-01,https://www.fukushi.metro.tokyo.lg.jp/documents/d/fukushi/20260801_seishin_houkan-xlsx-xlsx
7294150,こまぎの訪問看護ステーション天馬,193-0844,八王子市,八王子市高尾町１５３３－５,042-673-3505,2014-04-01,2026-04-01,houkan,2026-08-01,https://www.fukushi.metro.tokyo.lg.jp/documents/d/fukushi/20260801_seishin_houkan-xlsx-xlsx
7294259,あわーず東京八王子訪問看護リハビリステーション,193-0835,八王子市,八王子市大横町１１－４　ＴＫビル１階,050-6865-5000,2014-08-01,2020-08-01,houkan,2026-08-01,https://www.fukushi.metro.tokyo.lg.jp/documents/d/fukushi/20260801_seishin_houkan-xlsx-xlsx
7294911,訪問看護ステーション円,193-0836,八王子市,八王子市子安町１－２９－１　永豊ビル２０２,042-649-5715,2007-01-01,2025-01-01,houkan,2026-08-01,https://www.fukushi.metro.tokyo.lg.jp/documents/d/fukushi/20260801_seishin_houkan-xlsx-xlsx
7295041,訪問看護ステーション メイ,192-0045,八王子市,八王子市大和町４－３２－３,042-696-3883,2015-10-01,2021-10-01,houkan,2026-08-01,https://www.fukushi.metro.tokyo.lg.jp/documents/d/fukushi/20260801_seishin_houkan-xlsx-xlsx
7295579,多摩南訪問看護ステーション,192-0355,八王子市,八王子市堀之内３００２,042-679-0088,2015-07-01,2021-07-01,houkan,2026-08-01,https://www.fukushi.metro.tokyo.lg.jp/documents/d/fukushi/20260801_seishin_houkan-xlsx-xlsx
7391543,めぐみ在宅看護センター,192-0906,八王子市,八王子市片倉町２５０４－１,042-683-1230,2019-11-01,2025-11-01,houkan,2026-08-01,https://www.fukushi.metro.tokyo.lg.jp/documents/d/fukushi/20260801_seishin_houkan-xlsx-xlsx
7391923,第二偕楽園ホーム訪問看護ステーション,192-0004,八王子市,八王子市加住町１－１８,042-691-1867,2024-01-01,,houkan,2026-08-01,https://www.fukushi.metro.tokyo.lg.jp/documents/d/fukushi/20260801_seishin_houkan-xlsx-xlsx
7392228,こまぎの訪問看護ステーション天馬北野事業所,192-0911,八王子市,八王子市打越町３４４－４北野シティプラザ６階６０１号室,042-656-5711,2018-10-01,2024-10-01,houkan,2026-08-01,https://www.fukushi.metro.tokyo.lg.jp/documents/d/fukushi/20260801_seishin_houkan-xlsx-xlsx
7392236,東雲訪問看護ステーション,192-0051,八王子市,八王子市元本郷３－６－２０　アンダール元本郷２０１,042-686-2520,2019-06-01,2025-06-01,houkan,2026-08-01,https://www.fukushi.metro.tokyo.lg.jp/documents/d/fukushi/20260801_seishin_houkan-xlsx-xlsx
7393325,あんこーる訪問看護ステーション,192-0045,八王子市,八王子市大和田町２－３－１３　福ビル３Ｆ,042-649-3277,2019-09-01,2025-09-01,houkan,2026-08-01,https://www.fukushi.metro.tokyo.lg.jp/documents/d/fukushi/20260801_seishin_houkan-xlsx-xlsx
7394323,訪問看護ステーション りょうほく,192-0153,八王子市,八王子市西寺方町３１５番地,042-651-7131,2021-03-01,,houkan,2026-08-01,https://www.fukushi.metro.tokyo.lg.jp/documents/d/fukushi/20260801_seishin_houkan-xlsx-xlsx
7395072,訪問看護ステーション クオーレ八王子,193-0823,八王子市,八王子市横川町２９－３,042-686-3565,2020-12-01,,houkan,2026-08-01,https://www.fukushi.metro.tokyo.lg.jp/documents/d/fukushi/20260801_seishin_houkan-xlsx-xlsx
7395080,訪問看護ステーションココエル 八王子,192-0046,八王子市,八王子市明神町２－８－８　アヴ・ニールⅡ　４０１号室,042-649-4514,2020-09-01,,houkan,2026-08-01,https://www.fukushi.metro.tokyo.lg.jp/documents/d/fukushi/20260801_seishin_houkan-xlsx-xlsx
7395759,訪問看護ステーションうりずん,192-0934,八王子市,八王子市小比企町１２６３コーポリバーサイド２０３,042-683-3177,2021-04-01,,houkan,2026-08-01,https://www.fukushi.metro.tokyo.lg.jp/documents/d/fukushi/20260801_seishin_houkan-xlsx-xlsx
7398159,グレース訪問看護ステーション,192-0154,八王子市,八王子市下恩方町１４９３－２８　寿ビルⅡ２０２,042-659-1760,2022-05-01,,houkan,2026-08-01,https://www.fukushi.metro.tokyo.lg.jp/documents/d/fukushi/20260801_seishin_houkan-xlsx-xlsx
7398167,訪問看護ステーションひまわり,192-0372,八王子市,八王子市下柚木２－１－５　ＭＯＴＯＨビル４０６,042-689-4807,2022-04-01,,houkan,2026-08-01,https://www.fukushi.metro.tokyo.lg.jp/documents/d/fukushi/20260801_seishin_houkan-xlsx-xlsx
7398621,わかちな訪問看護ステーション,192-0918,八王子市,八王子市兵衛２－３－９　エスポワール２０３,042-610-2623,2022-09-01,,houkan,2026-08-01,https://www.fukushi.metro.tokyo.lg.jp/documents/d/fukushi/20260801_seishin_houkan-xlsx-xlsx
7398878,指定訪問看護アットリハ八王子,192-0066,八王子市,八王子市本町９－２,042-649-9084,2022-10-01,,houkan,2026-08-01,https://www.fukushi.metro.tokyo.lg.jp/documents/d/fukushi/20260801_seishin_houkan-xlsx-xlsx
7399256,健生会きょうりつ訪問看護ステーション,192-0082,八王子市,八王子市東町２－３　３階,042-645-6373,2024-04-01,,houkan,2026-08-01,https://www.fukushi.metro.tokyo.lg.jp/documents/d/fukushi/20260801_seishin_houkan-xlsx-xlsx
7491236,訪問看護ステーションアミカル八王子,192-0063,八王子市,八王子市元横山町２－５－３－１０２　レジデンス松井,042-649-8900,2023-07-01,,houkan,2026-08-01,https://www.fukushi.metro.tokyo.lg.jp/documents/d/fukushi/20260801_seishin_houkan-xlsx-xlsx
7491848,タツミ訪問看護ステーション八王子みなみ野,192-0916,八王子市,八王子市みなみ野３－２２－２,042-683-0926,2016-10-01,2022-10-01,houkan,2026-08-01,https://www.fukushi.metro.tokyo.lg.jp/documents/d/fukushi/20260801_seishin_houkan-xlsx-xlsx
7491855,ぽかぽかナース 小児（療育・障がい）訪問看護ステーション,192-0045,八王子市,八王子市大和田町５－１１－８　ぽかぽか保育園大和田園３階,050-3820-8500,2023-09-01,,houkan,2026-08-01,https://www.fukushi.metro.tokyo.lg.jp/documents/d/fukushi/20260801_seishin_houkan-xlsx-xlsx
7492879,あじさい訪問看護ステーション,192-0045,八王子市,八王子市大和田町１－１９－１６,042-633-6593,2024-03-01,,houkan,2026-08-01,https://www.fukushi.metro.tokyo.lg.jp/documents/d/fukushi/20260801_seishin_houkan-xlsx-xlsx
7492887,あっとほーむナーシング八王子,193-0801,八王子市,八王子市川口町３８５８－２,042-615-2552,2024-01-01,,houkan,2026-08-01,https://www.fukushi.metro.tokyo.lg.jp/documents/d/fukushi/20260801_seishin_houkan-xlsx-xlsx
7493158,訪問看護リハビリテーションベル・八王子,193-0822,八王子市,八王子市弐分方町６８０,042-686-2993,2024-02-01,,houkan,2026-08-01,https://www.fukushi.metro.tokyo.lg.jp/documents/d/fukushi/20260801_seishin_houkan-xlsx-xlsx
7493430,訪問看護ステーションはれやか,193-0931,八王子市,八王子上野町２３－２５　ＢｅｃＢｌｄｇ．２０１,042-686-0807,2024-05-01,,houkan,2026-08-01,https://www.fukushi.metro.tokyo.lg.jp/documents/d/fukushi/20260801_seishin_houkan-xlsx-xlsx
7493737,ザオーケア訪問看護ステーション八王子,192-0073,八王子市,八王子市散田町５－１５－１２　秋山ビル３０３,042-686-1696,2024-07-01,,houkan,2026-08-01,https://www.fukushi.metro.tokyo.lg.jp/documents/d/fukushi/20260801_seishin_houkan-xlsx-xlsx
7494081,訪問看護ステーションＡＭＡＮＥＫＵ八王子,192-0063,八王子市,八王子市元横山町２－９－１９　ユニハイム八王子１０６号室,042-634-1968,2024-08-01,,houkan,2026-08-01,https://www.fukushi.metro.tokyo.lg.jp/documents/d/fukushi/20260801_seishin_houkan-xlsx-xlsx
7494263,ナーシングステーションこのこのビレッジ八王子,192-0054,八王子市,八王子市小門町３９　プライムガーデン１階東側,042-634-9660,2024-10-01,,houkan,2026-08-01,https://www.fukushi.metro.tokyo.lg.jp/documents/d/fukushi/20260801_seishin_houkan-xlsx-xlsx
7494388,ゆぎ訪問看護ステーション,192-0372,八王子市,八王子市下柚木２－１３－５　ツインコートフォルクス１０１号室,042-689-4066,2025-08-01,,houkan,2026-08-01,https://www.fukushi.metro.tokyo.lg.jp/documents/d/fukushi/20260801_seishin_houkan-xlsx-xlsx
7494677,訪問看護ステーションイリス八王子,193-0834,八王子市,八王子市東浅川町５１７－２　グレイス東浅川２０１,042-673-6471,2024-11-01,,houkan,2026-08-01,https://www.fukushi.metro.tokyo.lg.jp/documents/d/fukushi/20260801_seishin_houkan-xlsx-xlsx
7495385,訪問看護ステーションルーチェ八王子,193-0935,八王子市,八王子市大船町１００６－１,042-662-7774,2025-04-01,,houkan,2026-08-01,https://www.fukushi.metro.tokyo.lg.jp/documents/d/fukushi/20260801_seishin_houkan-xlsx-xlsx
7495989,訪問看護ハウ・オリ,192-0045,八王子市,八王子市大和田町７－１７－１６,042-615-4695,2025-07-01,,houkan,2026-08-01,https://www.fukushi.metro.tokyo.lg.jp/documents/d/fukushi/20260801_seishin_houkan-xlsx-xlsx
7496086,訪問看護ステーション昊,193-0802,八王子市,八王子市犬目町９１８－１　ロイヤルレジデンス１階１０１号室,042-641-1128,2025-11-01,,houkan,2026-08-01,https://www.fukushi.metro.tokyo.lg.jp/documents/d/fukushi/20260801_seishin_houkan-xlsx-xlsx
7496680,訪問看護ステーションクラエ八王子,192-0906,八王子市,八王子市北野町５４３－１６　ビルコート東山２０１号室,042-649-5468,2026-01-01,,houkan,2026-08-01,https://www.fukushi.metro.tokyo.lg.jp/documents/d/fukushi/20260801_seishin_houkan-xlsx-xlsx
7497332,訪問看護リハビリステーションアルバ八王子,192-0051,八王子市,八王子市元本郷町１－２２－６　メゾンドセリゼ１０１号室,042-686-0505,2026-04-01,,houkan,2026-08-01,https://www.fukushi.metro.tokyo.lg.jp/documents/d/fukushi/20260801_seishin_houkan-xlsx-xlsx
7498025,にじいろ訪問看護ステーション多摩,192-0354,八王子市,八王子市松が谷１１－１　１０３,070-1319-2473,2025-10-01,,houkan,2026-08-01,https://www.fukushi.metro.tokyo.lg.jp/documents/d/fukushi/20260801_seishin_houkan-xlsx-xlsx
7498033,指定訪問看護アットリハ石川町,192-0032,八王子市,八王子市石川町７０２－１,042-649-9083,2026-07-01,,houkan,2026-08-01,https://www.fukushi.metro.tokyo.lg.jp/documents/d/fukushi/20260801_seishin_houkan-xlsx-xlsx
7498041,指定訪問看護アットリハ椚田町,193-0942,八王子市,八王子市椚田町５６５－１,042-629-9751,2026-07-01,,houkan,2026-08-01,https://www.fukushi.metro.tokyo.lg.jp/documents/d/fukushi/20260801_seishin_houkan-xlsx-xlsx
7191406,健生会にしき訪問看護ステーション,190-0022,立川市,立川市錦町１－１６－１５　１階,042-522-3621,2007-04-01,2025-04-01,houkan,2026-08-01,https://www.fukushi.metro.tokyo.lg.jp/documents/d/fukushi/20260801_seishin_houkan-xlsx-xlsx
7193964,立川訪問看護ステーションわかば,190-0001,立川市,立川市若葉町４－２４－２・３７－１０７,042-538-0872,2007-01-01,2025-01-01,houkan,2026-08-01,https://www.fukushi.metro.tokyo.lg.jp/documents/d/fukushi/20260801_seishin_houkan-xlsx-xlsx
7198419,訪問看護ステーションどんぐり,190-0033,立川市,立川市一番町３－５－１　立川リムエール１０４,042-531-4677,2009-02-01,2021-02-01,houkan,2026-08-01,https://www.fukushi.metro.tokyo.lg.jp/documents/d/fukushi/20260801_seishin_houkan-xlsx-xlsx
7198468,訪問看護・リハあんねい,190-0001,立川市,立川市若葉町３－３－７　フラットファミール１０２号,042-538-7168,2008-01-01,2026-01-01,houkan,2026-08-01,https://www.fukushi.metro.tokyo.lg.jp/documents/d/fukushi/20260801_seishin_houkan-xlsx-xlsx
7292311,訪問看護ステーション卵,190-0011,立川市,立川市高松町１－１７－２０　粕谷ビル２階,042-540-6551,2012-05-01,2024-05-01,houkan,2026-08-01,https://www.fukushi.metro.tokyo.lg.jp/documents/d/fukushi/20260801_seishin_houkan-xlsx-xlsx
7292931,三多摩訪問看護ステーション,190-0013,立川市,立川市富士見町１－２３－２０　ＫＨビル１階,042-548-3560,2015-04-01,2021-04-01,houkan,2026-08-01,https://www.fukushi.metro.tokyo.lg.jp/documents/d/fukushi/20260801_seishin_houkan-xlsx-xlsx
7294788,訪問看護ステーション たいよう,190-0012,立川市,立川市曙町１－３０－１２　ＪＰトラストビル１階,042-540-3231,2015-07-01,2021-07-01,houkan,2026-08-01,https://www.fukushi.metro.tokyo.lg.jp/documents/d/fukushi/20260801_seishin_houkan-xlsx-xlsx
7295058,森の風訪問看護リハビリステーション,190-0013,立川市,立川市富士見町１－１８－１５　アテナビル５０３,042-519-3922,2015-11-01,2021-11-01,houkan,2026-08-01,https://www.fukushi.metro.tokyo.lg.jp/documents/d/fukushi/20260801_seishin_houkan-xlsx-xlsx
7296874,ケアセブン訪問看護リハビリステーション砂川七番,190-0004,立川市,立川市柏町２－１６－３　ユニティーノジマ２０２号室,042-538-2225,2017-04-01,2023-04-01,houkan,2026-08-01,https://www.fukushi.metro.tokyo.lg.jp/documents/d/fukushi/20260801_seishin_houkan-xlsx-xlsx
7297559,セントケア訪問看護ステーション立川,190-0023,立川市,立川市柴崎町２－７－６　さかえビル３階,042-540-1966,2016-08-01,2022-08-01,houkan,2026-08-01,https://www.fukushi.metro.tokyo.lg.jp/documents/d/fukushi/20260801_seishin_houkan-xlsx-xlsx
7298185,訪問看護リハビリステーションナーシング・ケア立川高松,190-0011,立川市,立川市高松町３－９－１,042-548-0282,2017-03-01,2023-03-01,houkan,2026-08-01,https://www.fukushi.metro.tokyo.lg.jp/documents/d/fukushi/20260801_seishin_houkan-xlsx-xlsx
7391022,学研ココファン・ナーシング立川,190-0022,立川市,立川市錦町３－６－２３,042-519-3216,2018-10-01,2024-10-01,houkan,2026-08-01,https://www.fukushi.metro.tokyo.lg.jp/documents/d/fukushi/20260801_seishin_houkan-xlsx-xlsx
7393101,訪問看護ステーション こころ,190-0032,立川市,立川市上砂町５－７１－１１　レインボー上砂１０３,042-537-8303,2019-10-01,2025-10-01,houkan,2026-08-01,https://www.fukushi.metro.tokyo.lg.jp/documents/d/fukushi/20260801_seishin_houkan-xlsx-xlsx
7397706,訪問看護ステーションひより立川,190-0031,立川市,立川市砂川町４－７０－４,042-537-8666,2023-06-01,,houkan,2026-08-01,https://www.fukushi.metro.tokyo.lg.jp/documents/d/fukushi/20260801_seishin_houkan-xlsx-xlsx
7491590,リエゾン訪問看護ステーション,190-0033,立川市,立川市一番町３－２３－４,042-502-8130,2023-07-01,,houkan,2026-08-01,https://www.fukushi.metro.tokyo.lg.jp/documents/d/fukushi/20260801_seishin_houkan-xlsx-xlsx
7493844,立川ふくろう訪問看護ステーション,190-0004,立川市,立川市柏町４－５９－１９　マンションパイントリー,042-806-0871,2026-07-01,,houkan,2026-08-01,https://www.fukushi.metro.tokyo.lg.jp/documents/d/fukushi/20260801_seishin_houkan-xlsx-xlsx
7494214,ＡＭＳ訪問看護,190-0034,立川市,立川市西砂町５－２３－４　それいゆ２０１,050-8893-1150,2025-12-01,,houkan,2026-08-01,https://www.fukushi.metro.tokyo.lg.jp/documents/d/fukushi/20260801_seishin_houkan-xlsx-xlsx
7495070,ひばり訪問看護ステーション立川,190-0002,立川市,立川市幸町５－５－１４　１階,042-534-0700,2025-02-01,,houkan,2026-08-01,https://www.fukushi.metro.tokyo.lg.jp/documents/d/fukushi/20260801_seishin_houkan-xlsx-xlsx
7497076,ルミナス訪問看護ステーション,190-0032,立川市,立川市上砂町３－４８　コーポ橋本１０１,042-534-9102,2026-02-01,,houkan,2026-08-01,https://www.fukushi.metro.tokyo.lg.jp/documents/d/fukushi/20260801_seishin_houkan-xlsx-xlsx
7192529,訪問看護ステーション共立,180-0013,武蔵野市,武蔵野市西久保２－１７－１１,0422-52-2535,2007-01-01,2025-01-01,houkan,2026-08-01,https://www.fukushi.metro.tokyo.lg.jp/documents/d/fukushi/20260801_seishin_houkan-xlsx-xlsx
7194392,多摩たんぽぽ訪問看護ステーション,180-0014,武蔵野市,武蔵野市関前２－２４－１３,0422-38-9108,2007-01-01,2025-01-01,houkan,2026-08-01,https://www.fukushi.metro.tokyo.lg.jp/documents/d/fukushi/20260801_seishin_houkan-xlsx-xlsx
7197973,あんず苑訪問看護ステーション,180-0022,武蔵野市,武蔵野市境１－１９－２０,0422-36-3666,2016-04-01,2022-04-01,houkan,2026-08-01,https://www.fukushi.metro.tokyo.lg.jp/documents/d/fukushi/20260801_seishin_houkan-xlsx-xlsx
7199441,ゆう訪問看護ステーション,180-0023,武蔵野市,武蔵野市境南町２－４－１４－４０２,0422-39-4151,2009-03-01,2021-03-01,houkan,2026-08-01,https://www.fukushi.metro.tokyo.lg.jp/documents/d/fukushi/20260801_seishin_houkan-xlsx-xlsx
7293277,稲垣薬局訪問看護ステーション,180-0004,武蔵野市,武蔵野市吉祥寺本町１－２０－１　吉祥寺永谷シティプラザ５０６号室,0422-23-6838,2021-11-01,,houkan,2026-08-01,https://www.fukushi.metro.tokyo.lg.jp/documents/d/fukushi/20260801_seishin_houkan-xlsx-xlsx
7293772,桜堤看護ステーションみゅうちゅある,180-0021,武蔵野市,武蔵野市桜堤２－７－２３　ウェルキースＡ,0422-50-2262,2014-02-01,2026-02-01,houkan,2026-08-01,https://www.fukushi.metro.tokyo.lg.jp/documents/d/fukushi/20260801_seishin_houkan-xlsx-xlsx
7294275,訪問看護ステーションささえ,180-0004,武蔵野市,武蔵野市吉祥寺本町１－３５－１４　ユニアス七井ビルＢ－１号室,0422-28-5974,2014-05-01,2026-05-01,houkan,2026-08-01,https://www.fukushi.metro.tokyo.lg.jp/documents/d/fukushi/20260801_seishin_houkan-xlsx-xlsx
7295272,マーノ訪問看護ステーション,180-0001,武蔵野市,武蔵野市吉祥寺北町１－１０－２１－１０１,0422-27-6441,2015-02-01,2021-02-01,houkan,2026-08-01,https://www.fukushi.metro.tokyo.lg.jp/documents/d/fukushi/20260801_seishin_houkan-xlsx-xlsx
7296809,訪問看護ステーションデューン武蔵野,180-0006,武蔵野市,武蔵野市中町１－２１－８　イトーピア武蔵野ブランマーク２０９号,0422-53-8751,2016-01-01,2022-01-01,houkan,2026-08-01,https://www.fukushi.metro.tokyo.lg.jp/documents/d/fukushi/20260801_seishin_houkan-xlsx-xlsx
7299670,ＰＥＡＣＥＦＵＬ Ｈｏｍｅｃａｒｅ＆Ｒｅｈａｂｉｌｉｔａｔｉｏｎ,180-0006,武蔵野市,武蔵野市中町１－３４－５－３０２,0422-38-8636,2017-12-01,2023-12-01,houkan,2026-08-01,https://www.fukushi.metro.tokyo.lg.jp/documents/d/fukushi/20260801_seishin_houkan-xlsx-xlsx
7394554,訪問看護ステーション サンセール武蔵野,180-0021,武蔵野市,武蔵野市桜堤１－９－７,0422-27-8213,2022-03-01,,houkan,2026-08-01,https://www.fukushi.metro.tokyo.lg.jp/documents/d/fukushi/20260801_seishin_houkan-xlsx-xlsx
7394562,訪問看護ステーションかのん,180-0006,武蔵野市,武蔵野市中町１－３－２　ハウスプランニングビル４０１号,0422-56-8771,2020-03-01,2026-03-01,houkan,2026-08-01,https://www.fukushi.metro.tokyo.lg.jp/documents/d/fukushi/20260801_seishin_houkan-xlsx-xlsx
7395700,にじいろナースステーション,180-0001,武蔵野市,武蔵野市吉祥寺北町１－１８－１　第一雅マンション２０２,0422-87-2021,2024-12-01,,houkan,2026-08-01,https://www.fukushi.metro.tokyo.lg.jp/documents/d/fukushi/20260801_seishin_houkan-xlsx-xlsx
7398985,エイト訪問看護ステーション,180-0006,武蔵野市,武蔵野市中町２－５－２２　フェイス三鷹３０２,0422-56-8086,2022-10-01,,houkan,2026-08-01,https://www.fukushi.metro.tokyo.lg.jp/documents/d/fukushi/20260801_seishin_houkan-xlsx-xlsx
7399504,ＳＴＡＹ訪問看護ステーション,180-0002,武蔵野市,武蔵野市吉祥寺東町２－１０－４,0422-20-1202,2023-03-01,,houkan,2026-08-01,https://www.fukushi.metro.tokyo.lg.jp/documents/d/fukushi/20260801_seishin_houkan-xlsx-xlsx
7493679,カルプ訪問看護ステーション吉祥寺,180-0001,武蔵野市,武蔵野市吉祥寺北町２－１－１５　イオ吉祥寺地下１階,0422-28-0605,2024-04-01,,houkan,2026-08-01,https://www.fukushi.metro.tokyo.lg.jp/documents/d/fukushi/20260801_seishin_houkan-xlsx-xlsx
7494222,２４ＱＱ訪問看護ステーション,180-0022,武蔵野市,武蔵野市境５－９－４,050-5810-4048,2024-07-01,,houkan,2026-08-01,https://www.fukushi.metro.tokyo.lg.jp/documents/d/fukushi/20260801_seishin_houkan-xlsx-xlsx
7494842,ティーオン訪問看護ステーション,180-0003,武蔵野市,武蔵野市吉祥寺南町２－２６－１８　１０３,0422-24-8728,2025-05-01,,houkan,2026-08-01,https://www.fukushi.metro.tokyo.lg.jp/documents/d/fukushi/20260801_seishin_houkan-xlsx-xlsx
7495682,訪問看護ステーションけやき,180-0006,武蔵野市,武蔵野市中町１－９－９　みゆきビル２階,080-4334-8761,2025-05-01,,houkan,2026-08-01,https://www.fukushi.metro.tokyo.lg.jp/documents/d/fukushi/20260801_seishin_houkan-xlsx-xlsx
7495690,そらりす訪問看護ステーション,180-0022,武蔵野市,武蔵野市境１－９－９　温泉通りビル３０２,0422-88-9316,2025-04-01,,houkan,2026-08-01,https://www.fukushi.metro.tokyo.lg.jp/documents/d/fukushi/20260801_seishin_houkan-xlsx-xlsx
7495955,うきよ訪問看護ステーション,180-0023,武蔵野市,武蔵野市境南町２－１０－２４　第二ときわマンション２０１号室,0422-30-8578,2025-11-01,,houkan,2026-08-01,https://www.fukushi.metro.tokyo.lg.jp/documents/d/fukushi/20260801_seishin_houkan-xlsx-xlsx
7496458,訪問看護ステーションデライト武蔵境,180-0023,武蔵野市,武蔵野市境南町２－１３－２　寿ビル３階,0422-26-1733,2025-09-01,,houkan,2026-08-01,https://www.fukushi.metro.tokyo.lg.jp/documents/d/fukushi/20260801_seishin_houkan-xlsx-xlsx
7192255,野村訪問看護ステーション,181-0013,三鷹市,三鷹市下連雀８－３－６,0422-47-5401,2007-01-01,2025-01-01,houkan,2026-08-01,https://www.fukushi.metro.tokyo.lg.jp/documents/d/fukushi/20260801_seishin_houkan-xlsx-xlsx
7193675,サンライズ訪問看護ステーション,181-0013,三鷹市,三鷹市下連雀３－４４－１７　エルヴェ三鷹３階,0422-76-7078,2014-10-01,2020-10-01,houkan,2026-08-01,https://www.fukushi.metro.tokyo.lg.jp/documents/d/fukushi/20260801_seishin_houkan-xlsx-xlsx
7193915,医療法人社団 永寿会 三鷹ふれあい訪問看護ステーション,181-0012,三鷹市,三鷹市上連雀５－２４－２,0422-48-6031,2008-01-01,2026-01-01,houkan,2026-08-01,https://www.fukushi.metro.tokyo.lg.jp/documents/d/fukushi/20260801_seishin_houkan-xlsx-xlsx
7196553,つばさリハビリ訪問看護ステーション,181-0015,三鷹市,三鷹市大沢４－８－１５,0422-39-3567,2007-12-01,2025-12-01,houkan,2026-08-01,https://www.fukushi.metro.tokyo.lg.jp/documents/d/fukushi/20260801_seishin_houkan-xlsx-xlsx
7197874,医療法人社団永寿会三鷹中央リハケア訪問看護ステーション,181-0013,三鷹市,三鷹市下連雀９－２－７,0422-70-1055,2008-01-01,2026-01-01,houkan,2026-08-01,https://www.fukushi.metro.tokyo.lg.jp/documents/d/fukushi/20260801_seishin_houkan-xlsx-xlsx
7199029,セントケア訪問看護ステーション三鷹,181-0013,三鷹市,三鷹市下連雀３－２１－１１－１０１,0422-43-2942,2009-06-01,2021-06-01,houkan,2026-08-01,https://www.fukushi.metro.tokyo.lg.jp/documents/d/fukushi/20260801_seishin_houkan-xlsx-xlsx
7291487,リニエ訪問看護ステーション三鷹,181-0002,三鷹市,三鷹市牟礼６－１３－１５　２階,0422-70-1217,2011-08-01,2023-08-01,houkan,2026-08-01,https://www.fukushi.metro.tokyo.lg.jp/documents/d/fukushi/20260801_seishin_houkan-xlsx-xlsx
7292493,長谷川病院訪問看護ステーション,181-0015,三鷹市,三鷹市深大寺２－３０－１７　２階,0422-31-8606,2012-08-01,2024-08-01,houkan,2026-08-01,https://www.fukushi.metro.tokyo.lg.jp/documents/d/fukushi/20260801_seishin_houkan-xlsx-xlsx
7292949,医療法人啓仁会 訪問看護ステーション三鷹ロイヤル,181-0004,三鷹市,三鷹市新川５－６－２４,042-271-8871,2013-08-01,2025-08-01,houkan,2026-08-01,https://www.fukushi.metro.tokyo.lg.jp/documents/d/fukushi/20260801_seishin_houkan-xlsx-xlsx
7296882,笑む笑む訪問看護ステーション,181-0012,三鷹市,三鷹市上連雀２－４－１　鈴木ビル４階,0422-71-4188,2016-02-01,2022-02-01,houkan,2026-08-01,https://www.fukushi.metro.tokyo.lg.jp/documents/d/fukushi/20260801_seishin_houkan-xlsx-xlsx
7299688,Ｍ．Ｃｒｅｗ訪問看護ステーション,181-0002,三鷹市,三鷹市牟礼５－１１－２５　東和ドミトリーＢ棟２階,0422-24-7400,2017-10-01,,houkan,2026-08-01,https://www.fukushi.metro.tokyo.lg.jp/documents/d/fukushi/20260801_seishin_houkan-xlsx-xlsx
7391790,医療法人社団壮仁会三鷹あゆみ訪問看護ステーション,181-0013,三鷹市,三鷹市下連雀３－７－１６　エミナール３階,0422-26-7413,2026-02-01,,houkan,2026-08-01,https://www.fukushi.metro.tokyo.lg.jp/documents/d/fukushi/20260801_seishin_houkan-xlsx-xlsx
7392046,ソフィアメディ訪問看護ステーションつつじヶ丘,181-0005,三鷹市,三鷹市中原１－９－２２,03-5314-3432,2018-09-01,2024-09-01,houkan,2026-08-01,https://www.fukushi.metro.tokyo.lg.jp/documents/d/fukushi/20260801_seishin_houkan-xlsx-xlsx
7392202,スターク訪問看護ステーション三鷹,181-0013,三鷹市,三鷹市下連雀３－４３－２６　ローレルコート三鷹１Ｆ,0422-68-5018,2019-12-01,2025-12-01,houkan,2026-08-01,https://www.fukushi.metro.tokyo.lg.jp/documents/d/fukushi/20260801_seishin_houkan-xlsx-xlsx
7392335,ソフィアメディ訪問看護ステーション三鷹,181-0012,三鷹市,三鷹市上連雀３－１１－７,0422-26-6606,2018-12-01,2024-12-01,houkan,2026-08-01,https://www.fukushi.metro.tokyo.lg.jp/documents/d/fukushi/20260801_seishin_houkan-xlsx-xlsx
7392343,たんぽぽ訪問看護大沢,181-0015,三鷹市,三鷹市大沢１－１０－４グリーンハウス２０１,0422-34-1031,2018-11-01,2024-11-01,houkan,2026-08-01,https://www.fukushi.metro.tokyo.lg.jp/documents/d/fukushi/20260801_seishin_houkan-xlsx-xlsx
7395718,ＫＲ訪問看護ステーション,181-0004,三鷹市,三鷹市新川６－１０－１５　マグノリアビル３－Ａ,0422-26-8683,2021-02-01,,houkan,2026-08-01,https://www.fukushi.metro.tokyo.lg.jp/documents/d/fukushi/20260801_seishin_houkan-xlsx-xlsx
7396245,ひとまちここ訪問看護ステーション,181-0003,三鷹市,三鷹市北野２－３－１８,0422-24-9275,2021-08-01,,houkan,2026-08-01,https://www.fukushi.metro.tokyo.lg.jp/documents/d/fukushi/20260801_seishin_houkan-xlsx-xlsx
7398274,黒馬訪問看護ステーション,181-0001,三鷹市,三鷹市井の頭１－２４－１９　ベルシャンブルＢ１,0422-26-9751,2022-08-01,,houkan,2026-08-01,https://www.fukushi.metro.tokyo.lg.jp/documents/d/fukushi/20260801_seishin_houkan-xlsx-xlsx
7495708,ファミリーナース三鷹,181-0013,三鷹市,三鷹市下連雀３－４２－１５　ファシーネ三鷹ハイライズ１００４号,080-8810-7833,2025-04-01,,houkan,2026-08-01,https://www.fukushi.metro.tokyo.lg.jp/documents/d/fukushi/20260801_seishin_houkan-xlsx-xlsx
7191513,医療法人財団 岩尾会 岩尾会訪問看護ステーション,198-0025,青梅市,青梅市末広町１－４－５,0428-32-0211,2007-02-01,2025-02-01,houkan,2026-08-01,https://www.fukushi.metro.tokyo.lg.jp/documents/d/fukushi/20260801_seishin_houkan-xlsx-xlsx
7193774,梅の園訪問看護ステーション,198-0052,青梅市,青梅市長淵６－４８３－４　ダイユウマンション１階,0428-22-0207,2007-01-01,2025-01-01,houkan,2026-08-01,https://www.fukushi.metro.tokyo.lg.jp/documents/d/fukushi/20260801_seishin_houkan-xlsx-xlsx
7197197,訪問看護ステーションポッポ,198-0041,青梅市,青梅市勝沼１－２７－５　エルモンテ２０２,0428-22-8082,2008-01-01,2026-01-01,houkan,2026-08-01,https://www.fukushi.metro.tokyo.lg.jp/documents/d/fukushi/20260801_seishin_houkan-xlsx-xlsx
7197338,ケアサポートカナイ訪問看護ステーション,198-0024,青梅市,青梅市新町５－５－１３　メゾン幸和第２ビル１階,0428-33-5856,2007-01-01,2025-01-01,houkan,2026-08-01,https://www.fukushi.metro.tokyo.lg.jp/documents/d/fukushi/20260801_seishin_houkan-xlsx-xlsx
7197726,大久野病院訪問看護ステーション,198-0043,青梅市,青梅市千ヶ瀬町６－７９７－１　２階,0428-78-3112,2011-04-01,2023-04-01,houkan,2026-08-01,https://www.fukushi.metro.tokyo.lg.jp/documents/d/fukushi/20260801_seishin_houkan-xlsx-xlsx
7198773,三慶訪問看護ステーション,198-0086,青梅市,青梅市大柳町１４４２,0428-24-6743,2022-04-01,,houkan,2026-08-01,https://www.fukushi.metro.tokyo.lg.jp/documents/d/fukushi/20260801_seishin_houkan-xlsx-xlsx
7294390,医療法人社団幸悠会 訪問看護ステーション ファインデイズ青梅,198-0052,青梅市,青梅市長淵５－１０８６　多目的ホール１階,0428-84-2834,2014-08-01,2020-08-01,houkan,2026-08-01,https://www.fukushi.metro.tokyo.lg.jp/documents/d/fukushi/20260801_seishin_houkan-xlsx-xlsx
7297641,訪問看護ステーション あん,198-0024,青梅市,青梅市新町５－３６－１１　シーグリーン１０２,0428-78-2517,2016-09-01,2022-09-01,houkan,2026-08-01,https://www.fukushi.metro.tokyo.lg.jp/documents/d/fukushi/20260801_seishin_houkan-xlsx-xlsx
7392186,訪問看護リハビリステーション アラウンド∞,198-0021,青梅市,青梅市今寺４－２３－５,0428-78-0827,2018-11-01,2024-11-01,houkan,2026-08-01,https://www.fukushi.metro.tokyo.lg.jp/documents/d/fukushi/20260801_seishin_houkan-xlsx-xlsx
7397292,訪問看護ステーションおうち,198-0023,青梅市,青梅市今井３－２３－３２,0428-27-0977,2021-11-01,,houkan,2026-08-01,https://www.fukushi.metro.tokyo.lg.jp/documents/d/fukushi/20260801_seishin_houkan-xlsx-xlsx
7397300,在宅看護センター Ｌ－ｍｏｏｎ,198-0024,青梅市,青梅市新町３－６６－３,0428-32-3007,2023-05-01,,houkan,2026-08-01,https://www.fukushi.metro.tokyo.lg.jp/documents/d/fukushi/20260801_seishin_houkan-xlsx-xlsx
7399579,ウェルケア訪問看護ステーション,198-0042,青梅市,青梅市東青梅３－８－５－４０１,0428-78-3522,2023-07-01,,houkan,2026-08-01,https://www.fukushi.metro.tokyo.lg.jp/documents/d/fukushi/20260801_seishin_houkan-xlsx-xlsx
7491087,指定訪問看護ステーション ゆらり,198-0053,青梅市,青梅市駒木町１－８００　ゆらりホーム１０２,0428-84-0565,2023-04-01,,houkan,2026-08-01,https://www.fukushi.metro.tokyo.lg.jp/documents/d/fukushi/20260801_seishin_houkan-xlsx-xlsx
7492663,かすがい訪問看護リハビリステーション,198-0042,青梅市,青梅市東青梅３－１２－７・１Ｆ,0428-78-4610,2023-12-01,,houkan,2026-08-01,https://www.fukushi.metro.tokyo.lg.jp/documents/d/fukushi/20260801_seishin_houkan-xlsx-xlsx
7492846,訪問看護ステーションあやめ青梅,198-0052,青梅市,青梅市長淵２－６２９－１　リバティベルＢ２０２号室,0428-84-2880,2023-11-01,,houkan,2026-08-01,https://www.fukushi.metro.tokyo.lg.jp/documents/d/fukushi/20260801_seishin_houkan-xlsx-xlsx
7495260,Ｌ－ｍｏｏｎ訪問看護ステーション,198-0024,青梅市,青梅市新町３－１０－６　エトワール３０７,0428-78-2630,2025-12-01,,houkan,2026-08-01,https://www.fukushi.metro.tokyo.lg.jp/documents/d/fukushi/20260801_seishin_houkan-xlsx-xlsx
7497233,Ｓｔａｒｓ訪問看護リハビリステーション,198-0036,青梅市,青梅市河辺町１－８８７－１　ＡｍａｐｏｌａⅡ－Ｆ号室,050-552-2187,2026-02-01,,houkan,2026-08-01,https://www.fukushi.metro.tokyo.lg.jp/documents/d/fukushi/20260801_seishin_houkan-xlsx-xlsx
749176,あすき訪問看護ステーション,183-0034,府中市,府中市住吉町４－５５－４　コーポヤマザキ２０１号室,042-409-7520,2023-05-01,,houkan,2026-08-01,https://www.fukushi.metro.tokyo.lg.jp/documents/d/fukushi/20260801_seishin_houkan-xlsx-xlsx
7191927,府中医王訪問看護ステーション,183-0057,府中市,府中市晴見町１－２０,042-362-4770,2007-01-01,2025-01-01,houkan,2026-08-01,https://www.fukushi.metro.tokyo.lg.jp/documents/d/fukushi/20260801_seishin_houkan-xlsx-xlsx
7192131,府中市医師会訪問看護ステーション,183-0055,府中市,府中市府中町２－２５－１７,042-351-0053,2007-01-01,2025-01-01,houkan,2026-08-01,https://www.fukushi.metro.tokyo.lg.jp/documents/d/fukushi/20260801_seishin_houkan-xlsx-xlsx
7192842,健生会しんまち訪問看護ステーション,183-0053,府中市,府中市天神町３－１１－１　モプティ天神１階北西,042-336-0600,2007-05-01,2025-05-01,houkan,2026-08-01,https://www.fukushi.metro.tokyo.lg.jp/documents/d/fukushi/20260801_seishin_houkan-xlsx-xlsx
7198013,訪問看護ステーションいきいき,183-0013,府中市,府中市小柳町２－１１－２　ＴＥＮＳ　ＢＵＩＬＤＩＮＧ２Ｆ,042-369-0706,2007-04-01,2025-04-01,houkan,2026-08-01,https://www.fukushi.metro.tokyo.lg.jp/documents/d/fukushi/20260801_seishin_houkan-xlsx-xlsx
7292238,ファインケア訪問看護ステーション,183-0045,府中市,府中市美好町２－１２－２　３階,042-330-4133,2015-09-01,2021-09-01,houkan,2026-08-01,https://www.fukushi.metro.tokyo.lg.jp/documents/d/fukushi/20260801_seishin_houkan-xlsx-xlsx
7292303,訪問看護ステーション風,183-0034,府中市,府中市住吉町２－１５－９　アローヒルズ府中　３０７号室,042-319-1051,2012-05-01,2024-05-01,houkan,2026-08-01,https://www.fukushi.metro.tokyo.lg.jp/documents/d/fukushi/20260801_seishin_houkan-xlsx-xlsx
7292394,ウチヤマ訪問看護ステーション,183-0031,府中市,府中市西府町３－２０－１　ライオンズマンションヴィアーレ府中３０４,042-302-8242,2019-11-01,2025-11-01,houkan,2026-08-01,https://www.fukushi.metro.tokyo.lg.jp/documents/d/fukushi/20260801_seishin_houkan-xlsx-xlsx
7294796,あるもに訪問看護リハビリステーション,183-0055,府中市,府中市府中町３－５－６　佐伯コーポラス２０８,042-370-1945,2020-01-01,2026-01-01,houkan,2026-08-01,https://www.fukushi.metro.tokyo.lg.jp/documents/d/fukushi/20260801_seishin_houkan-xlsx-xlsx
7295397,ＬＩＣ訪問看護リハビリステーション,183-0015,府中市,府中市清水が丘３－２９－５　トラットリアＫ＆Ｍ１０１,042-302-2006,2024-01-01,,houkan,2026-08-01,https://www.fukushi.metro.tokyo.lg.jp/documents/d/fukushi/20260801_seishin_houkan-xlsx-xlsx
7297997,訪問看護ステーションのあ,183-0004,府中市,府中市紅葉丘１－１０－５　パストラールハイム１０１,042-306-8614,2017-01-01,2023-01-01,houkan,2026-08-01,https://www.fukushi.metro.tokyo.lg.jp/documents/d/fukushi/20260801_seishin_houkan-xlsx-xlsx
7298003,わそら 街なかナースステーション,183-0042,府中市,府中市武蔵台１－３０－３　コーポ白樺２０２,042-302-3737,2016-12-01,2022-12-01,houkan,2026-08-01,https://www.fukushi.metro.tokyo.lg.jp/documents/d/fukushi/20260801_seishin_houkan-xlsx-xlsx
7298268,オムソーリ訪問看護リハビリステーション府中,183-0006,府中市,府中市緑町２－３－１　ヒルクレストホリエ１０３,042-310-9748,2017-04-01,2023-04-01,houkan,2026-08-01,https://www.fukushi.metro.tokyo.lg.jp/documents/d/fukushi/20260801_seishin_houkan-xlsx-xlsx
7298953,訪問看護ステーションデューン府中,183-0055,府中市,府中市府中町２－１０－１１　第二清田ビル２階,042-319-2962,2017-05-01,2023-05-01,houkan,2026-08-01,https://www.fukushi.metro.tokyo.lg.jp/documents/d/fukushi/20260801_seishin_houkan-xlsx-xlsx
7394547,ガーベラ訪問看護ステーション府中,183-0046,府中市,府中市西原町３－２５－１０,042-571-8635,2020-05-01,2026-05-01,houkan,2026-08-01,https://www.fukushi.metro.tokyo.lg.jp/documents/d/fukushi/20260801_seishin_houkan-xlsx-xlsx
7394760,セントケア看護小規模府中新町,183-0052,府中市,府中市新町１－４８－１,042-352-8180,2020-08-01,,houkan,2026-08-01,https://www.fukushi.metro.tokyo.lg.jp/documents/d/fukushi/20260801_seishin_houkan-xlsx-xlsx
7395064,ＳＯＭＰＯケア多摩訪問看護,183-0022,府中市,府中市宮西町２－１６－２　府中第一生命ビル２階,042-439-5729,2021-07-01,,houkan,2026-08-01,https://www.fukushi.metro.tokyo.lg.jp/documents/d/fukushi/20260801_seishin_houkan-xlsx-xlsx
7397409,リニエ訪問看護ステーションキッズ府中,183-0055,府中市,府中市府中町１－２５－２９　Ｂｌｏｏｍｉｎｇ　ＦＵＣＨＵ　４Ａ号室,042-319-1172,2021-12-01,,houkan,2026-08-01,https://www.fukushi.metro.tokyo.lg.jp/documents/d/fukushi/20260801_seishin_houkan-xlsx-xlsx
7398282,クレマチス訪問看護ステーション,183-0054,府中市,府中市幸町１－１８－１５,042-340-3313,2022-06-01,,houkan,2026-08-01,https://www.fukushi.metro.tokyo.lg.jp/documents/d/fukushi/20260801_seishin_houkan-xlsx-xlsx
7399355,明日穂訪問看護ステーション,183-0053,府中市,府中市天神町４－２８－１　ボアセゾン３０２,042-332-2097,2023-04-01,,houkan,2026-08-01,https://www.fukushi.metro.tokyo.lg.jp/documents/d/fukushi/20260801_seishin_houkan-xlsx-xlsx
7399587,オリレア訪問看護ステーション,183-0005,府中市,府中市若松町１－２２－１４　２階,080-1834-3165,2023-03-01,,houkan,2026-08-01,https://www.fukushi.metro.tokyo.lg.jp/documents/d/fukushi/20260801_seishin_houkan-xlsx-xlsx
7491137,訪問看護ステーションｗｉｔｈスマイル,183-0026,府中市,府中市南町３－２４－９　ハイツエコー１０１,050-1436-7643,2024-03-01,,houkan,2026-08-01,https://www.fukushi.metro.tokyo.lg.jp/documents/d/fukushi/20260801_seishin_houkan-xlsx-xlsx
7491145,ワイズ訪問看護リハビリステーション府中,183-0006,府中市,府中市緑町３－３－１　ヴェールメゾン府中４０２,042-314-0070,2023-07-01,,houkan,2026-08-01,https://www.fukushi.metro.tokyo.lg.jp/documents/d/fukushi/20260801_seishin_houkan-xlsx-xlsx
7491384,訪問看護ステーションＷＢＥＡＲ,183-0027,府中市,府中市本町４－３０－１　セシーズ府中１０５,042-306-9544,2023-05-01,,houkan,2026-08-01,https://www.fukushi.metro.tokyo.lg.jp/documents/d/fukushi/20260801_seishin_houkan-xlsx-xlsx
7491798,訪問看護ステーション進,183-0001,府中市,府中市浅間町２－１４－６９　第２ＴＲビル２階,042-319-1033,2023-07-01,,houkan,2026-08-01,https://www.fukushi.metro.tokyo.lg.jp/documents/d/fukushi/20260801_seishin_houkan-xlsx-xlsx
7492051,在宅療養支援ステーション楓の風 国立府中,183-0053,府中市,府中市天神町３－１８－１８　メビウスＫ＆Ｉ　１階,042-352-6200,2015-06-01,2021-06-01,houkan,2026-08-01,https://www.fukushi.metro.tokyo.lg.jp/documents/d/fukushi/20260801_seishin_houkan-xlsx-xlsx
7492671,ゆるり訪問看護リハビリステーション多摩,183-0045,府中市,府中市美好町３－４－２　分倍河原フラッツ３０２号室,042-319-8602,2024-02-01,,houkan,2026-08-01,https://www.fukushi.metro.tokyo.lg.jp/documents/d/fukushi/20260801_seishin_houkan-xlsx-xlsx
7493133,そよここナース,183-0033,府中市,府中市分梅町３－５４－１２　アネックス分梅２０５,042-370-1975,2024-02-01,,houkan,2026-08-01,https://www.fukushi.metro.tokyo.lg.jp/documents/d/fukushi/20260801_seishin_houkan-xlsx-xlsx
7493398,府中よりそい訪問看護ステーション,183-0022,府中市,府中市宮西町５－６－５　パークハウス宮西２０１,042-508-3434,2024-04-01,,houkan,2026-08-01,https://www.fukushi.metro.tokyo.lg.jp/documents/d/fukushi/20260801_seishin_houkan-xlsx-xlsx
7495716,訪問看護ステーションコルディアーレ府中,183-0034,府中市,府中市住吉町１－２９－２　アイルプレミアム東京府中１０１号室,042-306-5654,2025-04-01,,houkan,2026-08-01,https://www.fukushi.metro.tokyo.lg.jp/documents/d/fukushi/20260801_seishin_houkan-xlsx-xlsx
7496235,スマイル訪問看護ステーション府中,183-0035,府中市,府中市四谷１－３２－１７,042-406-1886,2025-08-01,,houkan,2026-08-01,https://www.fukushi.metro.tokyo.lg.jp/documents/d/fukushi/20260801_seishin_houkan-xlsx-xlsx
7496474,くつろ樹訪問看護ステーション,183-0006,府中市,府中市緑町２－９－３　グリーンコーポ１０１,042-319-8761,2025-09-01,,houkan,2026-08-01,https://www.fukushi.metro.tokyo.lg.jp/documents/d/fukushi/20260801_seishin_houkan-xlsx-xlsx
7496953,ＣＬＡＳＷＥＬＬ府中中河原訪問看護ステーション,183-0034,府中市,府中市住吉町１－３１－１,042-368-3900,2026-02-01,,houkan,2026-08-01,https://www.fukushi.metro.tokyo.lg.jp/documents/d/fukushi/20260801_seishin_houkan-xlsx-xlsx
7497688,ソフィアメディ訪問看護ステーション府中,183-0032,府中市,府中市本宿町２－８－１　協同産業本宿町ビル４０１号室,042-319-8908,2026-06-01,,houkan,2026-08-01,https://www.fukushi.metro.tokyo.lg.jp/documents/d/fukushi/20260801_seishin_houkan-xlsx-xlsx
7192123,健生会東中神訪問看護ステーション,196-0035,昭島市,昭島市もくせいの杜２－２－１　１階,042-546-2919,2007-05-01,2025-05-01,houkan,2026-08-01,https://www.fukushi.metro.tokyo.lg.jp/documents/d/fukushi/20260801_seishin_houkan-xlsx-xlsx
7197650,つつじが丘訪問看護ステーション,196-0024,昭島市,昭島市つつじが丘３－５－６－１１３,042-500-5441,2007-01-01,2025-01-01,houkan,2026-08-01,https://www.fukushi.metro.tokyo.lg.jp/documents/d/fukushi/20260801_seishin_houkan-xlsx-xlsx
7199128,竹口病院訪問看護ステーション,196-0034,昭島市,昭島市玉川町４－６－３２,042-545-5622,2017-11-01,2023-11-01,houkan,2026-08-01,https://www.fukushi.metro.tokyo.lg.jp/documents/d/fukushi/20260801_seishin_houkan-xlsx-xlsx
7294697,宮沢の太陽,196-0024,昭島市,昭島市宮沢町４９７－３,042-519-1033,2014-10-01,2020-10-01,houkan,2026-08-01,https://www.fukushi.metro.tokyo.lg.jp/documents/d/fukushi/20260801_seishin_houkan-xlsx-xlsx
7295280,訪問看護ステーション バウム,196-0005,昭島市,昭島市代官山２－４－４　昭島昭和第２ビル３階Ｂ－６号室,042-519-4891,2015-02-01,2021-02-01,houkan,2026-08-01,https://www.fukushi.metro.tokyo.lg.jp/documents/d/fukushi/20260801_seishin_houkan-xlsx-xlsx
7298961,訪問看護ステーション かすみ草,196-0015,昭島市,昭島市中神町１１３１番地６５,042-519-1857,2018-11-01,2024-11-01,houkan,2026-08-01,https://www.fukushi.metro.tokyo.lg.jp/documents/d/fukushi/20260801_seishin_houkan-xlsx-xlsx
7391139,ＩＳＭ訪問看護ステーション,196-0015,昭島市,昭島市昭和町５－９－１０　アクアシティ昭島３階,042-519-1590,2018-03-01,2024-03-01,houkan,2026-08-01,https://www.fukushi.metro.tokyo.lg.jp/documents/d/fukushi/20260801_seishin_houkan-xlsx-xlsx
7392871,ルーツ訪問看護リハビリステーション,196-0022,昭島市,昭島市中神町１１７６－１４　宮野ビル２０１,042-519-5150,2023-02-01,,houkan,2026-08-01,https://www.fukushi.metro.tokyo.lg.jp/documents/d/fukushi/20260801_seishin_houkan-xlsx-xlsx
7396633,あったか本舗,196-0003,昭島市,昭島市松原町４－５－１１　サニーハイツ１０１,042-508-2878,2021-08-01,,houkan,2026-08-01,https://www.fukushi.metro.tokyo.lg.jp/documents/d/fukushi/20260801_seishin_houkan-xlsx-xlsx
7396807,マザーカリン訪問看護ステーション,196-0022,昭島市,昭島市中神町１１８７－２　ハイツ中神３０３,042-808-8568,2021-11-01,,houkan,2026-08-01,https://www.fukushi.metro.tokyo.lg.jp/documents/d/fukushi/20260801_seishin_houkan-xlsx-xlsx
7491806,小児訪問看護ステーションおひさま,196-0015,昭島市,昭島市昭和町５－１０－１６　森高ビル２階の内北側,042-519-7399,2025-11-01,,houkan,2026-08-01,https://www.fukushi.metro.tokyo.lg.jp/documents/d/fukushi/20260801_seishin_houkan-xlsx-xlsx
7494248,ハミング訪問看護ステーション,196-0003,昭島市,昭島市松原町５－６－２０,042-519-8083,2024-07-01,,houkan,2026-08-01,https://www.fukushi.metro.tokyo.lg.jp/documents/d/fukushi/20260801_seishin_houkan-xlsx-xlsx
7495096,訪問看護ステーションゆう,196-0014,昭島市,昭島市田中町２－１３－２５　ＳＵＮＳ昭島３０１,042-519-6342,2020-03-01,2026-03-01,houkan,2026-08-01,https://www.fukushi.metro.tokyo.lg.jp/documents/d/fukushi/20260801_seishin_houkan-xlsx-xlsx
7191471,調布市医師会 訪問看護ステーション,182-0026,調布市,調布市小島町３－６８－９,042-499-7731,2007-01-01,2025-01-01,houkan,2026-08-01,https://www.fukushi.metro.tokyo.lg.jp/documents/d/fukushi/20260801_seishin_houkan-xlsx-xlsx
7193493,調布訪問看護ステーション,182-0034,調布市,調布市下石原３－４２－６　１階,042-443-9765,2010-08-01,2022-08-01,houkan,2026-08-01,https://www.fukushi.metro.tokyo.lg.jp/documents/d/fukushi/20260801_seishin_houkan-xlsx-xlsx
7195100,つつじヶ丘訪問看護ステーション,182-0006,調布市,調布市西つつじケ丘２－１９－６　第３コーポ横田２０３,03-5315-5385,2007-01-01,2025-01-01,houkan,2026-08-01,https://www.fukushi.metro.tokyo.lg.jp/documents/d/fukushi/20260801_seishin_houkan-xlsx-xlsx
7198609,きらら訪問看護ステーション,182-0017,調布市,調布市深大寺元町１－２５－１,042-440-7233,2010-07-01,2022-07-01,houkan,2026-08-01,https://www.fukushi.metro.tokyo.lg.jp/documents/d/fukushi/20260801_seishin_houkan-xlsx-xlsx
7199466,ウィズユー訪問看護ステーション,182-0034,調布市,調布市下石原３－３４－１　マンション平田２０１,042-484-5779,2008-01-01,2026-01-01,houkan,2026-08-01,https://www.fukushi.metro.tokyo.lg.jp/documents/d/fukushi/20260801_seishin_houkan-xlsx-xlsx
7291099,訪問看護ステーション エルハートナースケア,182-0024,調布市,調布市布田２－１９－２,042-443-8707,2009-11-01,2021-11-01,houkan,2026-08-01,https://www.fukushi.metro.tokyo.lg.jp/documents/d/fukushi/20260801_seishin_houkan-xlsx-xlsx
7293178,がじゅまる訪問看護ステーション,182-0034,調布市,調布市下石原３－４７－３,042-444-2916,2013-07-01,2025-07-01,houkan,2026-08-01,https://www.fukushi.metro.tokyo.lg.jp/documents/d/fukushi/20260801_seishin_houkan-xlsx-xlsx
7296528,リニエ訪問看護ステーション調布,182-0006,調布市,調布市西つつじケ丘３－３７－２　横田ファイブ２０７,042-440-0773,2015-11-01,2021-11-01,houkan,2026-08-01,https://www.fukushi.metro.tokyo.lg.jp/documents/d/fukushi/20260801_seishin_houkan-xlsx-xlsx
7297138,ひ乃木ケアリング訪問看護ステーション,182-0002,調布市,調布市仙川町１－２４－１　仙川アヴェニュー南パティオ２階２１号室,03-5969-8838,2016-06-01,2022-06-01,houkan,2026-08-01,https://www.fukushi.metro.tokyo.lg.jp/documents/d/fukushi/20260801_seishin_houkan-xlsx-xlsx
7297674,ハーツ訪問看護リハビリステーション調布つつじケ丘,182-0006,調布市,調布市西つつじケ丘３－３０－１－８０２,042-426-7411,2016-12-01,2022-12-01,houkan,2026-08-01,https://www.fukushi.metro.tokyo.lg.jp/documents/d/fukushi/20260801_seishin_houkan-xlsx-xlsx
7297930,医療法人社団東山会 東山訪問看護ステーション,182-0024,調布市,調布市布田１－３６－６　ロロール調布１階,042-481-5626,2023-03-01,,houkan,2026-08-01,https://www.fukushi.metro.tokyo.lg.jp/documents/d/fukushi/20260801_seishin_houkan-xlsx-xlsx
7298276,たんぽぽ訪問看護国領,182-0022,調布市,調布市国領町３－１０－４６,042-446-2073,2017-02-01,2023-02-01,houkan,2026-08-01,https://www.fukushi.metro.tokyo.lg.jp/documents/d/fukushi/20260801_seishin_houkan-xlsx-xlsx
7299555,指定訪問看護アットリハ調布,182-0026,調布市,調布市小島町３－８８－２,042-426-7853,2017-09-01,2023-09-01,houkan,2026-08-01,https://www.fukushi.metro.tokyo.lg.jp/documents/d/fukushi/20260801_seishin_houkan-xlsx-xlsx
7392053,篠原訪問看護ステーション,182-0024,調布市,調布市仙川町２－７－１１　第１２通南ビル２０１号室,03-6279-6368,2018-09-01,,houkan,2026-08-01,https://www.fukushi.metro.tokyo.lg.jp/documents/d/fukushi/20260801_seishin_houkan-xlsx-xlsx
7393317,訪問看護ステーションゆい調布,182-0005,調布市,調布市東つつじケ丘２－２７－１,03-3308-8281,2019-06-01,2025-06-01,houkan,2026-08-01,https://www.fukushi.metro.tokyo.lg.jp/documents/d/fukushi/20260801_seishin_houkan-xlsx-xlsx
7395346,ワイズ訪問看護リハビリステーション調布,182-0022,調布市,調布市国領町１－４０－６　モンターニュ国領４０９,042-442-9021,2020-12-01,,houkan,2026-08-01,https://www.fukushi.metro.tokyo.lg.jp/documents/d/fukushi/20260801_seishin_houkan-xlsx-xlsx
7396260,訪問看護ステーションあんあん,182-0033,調布市,調布市富士見町４－２４－４１,042-430-0850,2021-09-01,,houkan,2026-08-01,https://www.fukushi.metro.tokyo.lg.jp/documents/d/fukushi/20260801_seishin_houkan-xlsx-xlsx
7396385,ソフィアメディ訪問看護ステーション調布,182-0025,調布市,調布市多摩川６－３６－１５,042-444-3105,2021-05-01,,houkan,2026-08-01,https://www.fukushi.metro.tokyo.lg.jp/documents/d/fukushi/20260801_seishin_houkan-xlsx-xlsx
7396641,深大寺元町訪問看護ステーション,182-0017,調布市,調布市深大寺元町４－２９－１５　メゾン山口２０３,042-444-1041,2021-07-01,,houkan,2026-08-01,https://www.fukushi.metro.tokyo.lg.jp/documents/d/fukushi/20260801_seishin_houkan-xlsx-xlsx
7396997,"訪問看護ステーション 
C－support",182-0026,調布市,調布市小島町１－２１－６アジャンタ調布２０６,042-444-6355,2021-11-01,,houkan,2026-08-01,https://www.fukushi.metro.tokyo.lg.jp/documents/d/fukushi/20260801_seishin_houkan-xlsx-xlsx
7398118,あおき訪問看護,182-0035,調布市,調布市上石原３－３３－１７　青明寮５０３号室,042-443-7500,2022-06-01,,houkan,2026-08-01,https://www.fukushi.metro.tokyo.lg.jp/documents/d/fukushi/20260801_seishin_houkan-xlsx-xlsx
7398613,セントケア訪問看護ステーション調布,182-0022,調布市,調布市国領町３－８－１５　都営くすのきアパート５号棟１１６号室,0424-44-0085,2022-07-01,,houkan,2026-08-01,https://www.fukushi.metro.tokyo.lg.jp/documents/d/fukushi/20260801_seishin_houkan-xlsx-xlsx
7491178,医療法人社団悠翠会ゆうすい会訪問看護ステーション,182-0026,調布市,調布市小島町２－３８－２４,042-452-8145,2025-01-01,,houkan,2026-08-01,https://www.fukushi.metro.tokyo.lg.jp/documents/d/fukushi/20260801_seishin_houkan-xlsx-xlsx
7491392,訪問看護ステーションかしの木,182-0014,調布市,調布市柴崎１－６４－１３　２階,042-426-8871,2023-07-01,,houkan,2026-08-01,https://www.fukushi.metro.tokyo.lg.jp/documents/d/fukushi/20260801_seishin_houkan-xlsx-xlsx
7491814,エルシア仙川訪問看護ステーション,182-0003,調布市,調布市若葉町２－１４－１,03-6909-1535,2023-09-01,,houkan,2026-08-01,https://www.fukushi.metro.tokyo.lg.jp/documents/d/fukushi/20260801_seishin_houkan-xlsx-xlsx
7491814,ＣＬＡＳＷＥＬＬ仙川訪問看護ステーション,182-0003,調布市,調布市若葉町２－１４－１,03-6909-1535,2025-11-01,,houkan,2026-08-01,https://www.fukushi.metro.tokyo.lg.jp/documents/d/fukushi/20260801_seishin_houkan-xlsx-xlsx
7492689,訪問看護ステーション デライト調布,182-0026,調布市,調布市小島町２－５６－３　調布センタービル２０１号室,042-426-4183,2022-03-01,,houkan,2026-08-01,https://www.fukushi.metro.tokyo.lg.jp/documents/d/fukushi/20260801_seishin_houkan-xlsx-xlsx
7493851,ブライト訪問看護ステーション,182-0006,調布市,調布市西つつじケ丘３－２５－４１　新井ビル２－Ｄ号室,042-426-8611,2024-07-01,,houkan,2026-08-01,https://www.fukushi.metro.tokyo.lg.jp/documents/d/fukushi/20260801_seishin_houkan-xlsx-xlsx
7494040,訪問看護ステーションにじいろハート,182-0024,調布市,調布市布田４－３－１８,042-426-9822,2024-07-01,,houkan,2026-08-01,https://www.fukushi.metro.tokyo.lg.jp/documents/d/fukushi/20260801_seishin_houkan-xlsx-xlsx
7494669,指定訪問看護ステーション花水木,182-0011,調布市,調布市深大寺北町４－８－１１　１階,042-480-3829,2024-11-01,,houkan,2026-08-01,https://www.fukushi.metro.tokyo.lg.jp/documents/d/fukushi/20260801_seishin_houkan-xlsx-xlsx
7496847,ブルースター調布,182-0035,調布市,調布市上石原１－２５－４７　ドミール西調布２０１,080-4403-9016,2025-12-01,,houkan,2026-08-01,https://www.fukushi.metro.tokyo.lg.jp/documents/d/fukushi/20260801_seishin_houkan-xlsx-xlsx
7496961,ゆるり訪問看護リハビリステーション調布,182-0022,調布市,調布市国領町４－９－７　小町フラワービル５０１号室,042-444-3204,2025-12-01,,houkan,2026-08-01,https://www.fukushi.metro.tokyo.lg.jp/documents/d/fukushi/20260801_seishin_houkan-xlsx-xlsx
7192776,せりがや訪問看護ステーション,194-0013,町田市,町田市原町田４－２７－３３,042-722-3710,2011-01-01,2023-01-01,houkan,2026-08-01,https://www.fukushi.metro.tokyo.lg.jp/documents/d/fukushi/20260801_seishin_houkan-xlsx-xlsx
7197213,きらら訪問看護ステーション,194-0037,町田市,町田市木曽西４－３５－４１,042-794-2255,2006-10-01,2024-10-01,houkan,2026-08-01,https://www.fukushi.metro.tokyo.lg.jp/documents/d/fukushi/20260801_seishin_houkan-xlsx-xlsx
7199094,ジャスミン訪問看護ステーション,194-0011,町田市,町田市成瀬が丘２－２２－８－１０１,042-795-9110,2010-08-01,2022-08-01,houkan,2026-08-01,https://www.fukushi.metro.tokyo.lg.jp/documents/d/fukushi/20260801_seishin_houkan-xlsx-xlsx
7199193,医療法人社団史世会 訪問看護ステーション旭,194-0023,町田市,町田市旭町１－１７－１５,042-729-6306,2009-12-01,2021-12-01,houkan,2026-08-01,https://www.fukushi.metro.tokyo.lg.jp/documents/d/fukushi/20260801_seishin_houkan-xlsx-xlsx
7199698,訪問看護・野の花ステーション,194-0013,町田市,町田市原町田５－４－１９　コメット会館１階,042-728-0159,2009-01-01,2021-01-01,houkan,2026-08-01,https://www.fukushi.metro.tokyo.lg.jp/documents/d/fukushi/20260801_seishin_houkan-xlsx-xlsx
7291834,南町田訪問看護ステーション ペンギン,194-0004,町田市,町田市鶴間４－５－８,042-706-8663,2014-11-01,2020-11-01,houkan,2026-08-01,https://www.fukushi.metro.tokyo.lg.jp/documents/d/fukushi/20260801_seishin_houkan-xlsx-xlsx
7292014,鶴川訪問看護ステーション,194-0021,町田市,町田市中町４－１２－１８　１０２・１０１,042-812-3755,2012-02-01,2024-02-01,houkan,2026-08-01,https://www.fukushi.metro.tokyo.lg.jp/documents/d/fukushi/20260801_seishin_houkan-xlsx-xlsx
7292139,訪問看護ステーションデューン町田,194-0022,町田市,町田市森野１－９－１８プリマ・コスモ　３Ｆ,042-860-7246,2012-04-01,2024-04-01,houkan,2026-08-01,https://www.fukushi.metro.tokyo.lg.jp/documents/d/fukushi/20260801_seishin_houkan-xlsx-xlsx
7292147,訪問看護あい羽,195-0203,町田市,町田市図師町５７０－１１１,042-794-4392,2012-05-01,2024-05-01,houkan,2026-08-01,https://www.fukushi.metro.tokyo.lg.jp/documents/d/fukushi/20260801_seishin_houkan-xlsx-xlsx
7292527,訪問看護ステーションまちだ正吉苑,194-0044,町田市,町田市成瀬８－１０－１,042-785-5551,2012-11-01,2024-11-01,houkan,2026-08-01,https://www.fukushi.metro.tokyo.lg.jp/documents/d/fukushi/20260801_seishin_houkan-xlsx-xlsx
7292535,訪問看護ナースソリューションたんぽぽ,194-0021,町田市,町田市中町４－１３－１　１階,042-860-7256,2012-10-01,2024-10-01,houkan,2026-08-01,https://www.fukushi.metro.tokyo.lg.jp/documents/d/fukushi/20260801_seishin_houkan-xlsx-xlsx
7293293,訪問看護ステーション口笛,194-0004,町田市,町田市鶴間７－３－３　介護老人保健施設オネスティ南町田内,042-706-8810,2016-11-01,2022-11-01,houkan,2026-08-01,https://www.fukushi.metro.tokyo.lg.jp/documents/d/fukushi/20260801_seishin_houkan-xlsx-xlsx
7293798,玉川学園ゆい訪問看護ステーション,194-0041,町田市,町田市玉川学園７－４－２１－１０６,042-851-8101,2014-02-01,2026-02-01,houkan,2026-08-01,https://www.fukushi.metro.tokyo.lg.jp/documents/d/fukushi/20260801_seishin_houkan-xlsx-xlsx
7294333,町田病院訪問看護ステーション,194-0037,町田市,町田市木曽西４－１２－２２,042-794-6620,2016-03-01,2022-03-01,houkan,2026-08-01,https://www.fukushi.metro.tokyo.lg.jp/documents/d/fukushi/20260801_seishin_houkan-xlsx-xlsx
7294457,ハロー訪問看護リハビリステーション,194-0045,町田市,町田市南成瀬１－１－２　プラザ成瀬３階－２０号室,042-850-6066,2015-07-01,2021-07-01,houkan,2026-08-01,https://www.fukushi.metro.tokyo.lg.jp/documents/d/fukushi/20260801_seishin_houkan-xlsx-xlsx
7295595,訪問看護ステーション悠々園,195-0053,町田市,町田市能ヶ谷３－２－１－５０１,042-734-5573,2015-12-01,2021-12-01,houkan,2026-08-01,https://www.fukushi.metro.tokyo.lg.jp/documents/d/fukushi/20260801_seishin_houkan-xlsx-xlsx
7296536,よつば訪問看護ステーション,195-0053,町田市,町田市能ヶ谷４－１－１　岡田ビル２階,042-708-1355,2015-11-01,2021-11-01,houkan,2026-08-01,https://www.fukushi.metro.tokyo.lg.jp/documents/d/fukushi/20260801_seishin_houkan-xlsx-xlsx
7296692,ビーケア訪問看護リハビリステーション,194-0004,町田市,町田市鶴間１－１４－１　ロイヤルメゾン南町田Ⅰ２０１,042-709-3761,2016-12-01,2022-12-01,houkan,2026-08-01,https://www.fukushi.metro.tokyo.lg.jp/documents/d/fukushi/20260801_seishin_houkan-xlsx-xlsx
7297567,訪問看護ステーションまちきた,194-0212,町田市,町田市小山町１７２９－１,042-860-0309,2016-08-01,2022-08-01,houkan,2026-08-01,https://www.fukushi.metro.tokyo.lg.jp/documents/d/fukushi/20260801_seishin_houkan-xlsx-xlsx
7297666,ティエル訪問看護リハビリステーション町田,194-0011,町田市,町田市成瀬が丘３－８－３,042-706-8948,2018-11-01,2024-11-01,houkan,2026-08-01,https://www.fukushi.metro.tokyo.lg.jp/documents/d/fukushi/20260801_seishin_houkan-xlsx-xlsx
7297757,アロハナースステーション,194-0021,町田市,町田市森野５－２１－１　シブヤツインビル３０３,042-732-3657,2017-06-01,,houkan,2026-08-01,https://www.fukushi.metro.tokyo.lg.jp/documents/d/fukushi/20260801_seishin_houkan-xlsx-xlsx
7298250,医療法人社団幸益会 みどり訪問看護ステーション,195-0074,町田市,町田市山崎町２０５５－２　グランハート町田医療施設Ｂ棟・Ｃ棟　２階　Ｃ－２１５号室,042-794-4766,2016-11-01,2022-11-01,houkan,2026-08-01,https://www.fukushi.metro.tokyo.lg.jp/documents/d/fukushi/20260801_seishin_houkan-xlsx-xlsx
7298524,つるかわナース,195-0062,町田市,町田市大蔵町５５２－１,042-708-9861,2019-01-01,2025-01-01,houkan,2026-08-01,https://www.fukushi.metro.tokyo.lg.jp/documents/d/fukushi/20260801_seishin_houkan-xlsx-xlsx
7299316,シャロームまちさが訪問看護リハビリステーション,194-0022,町田市,町田市森野２－２３－８,042-728-3222,2017-07-01,2023-07-01,houkan,2026-08-01,https://www.fukushi.metro.tokyo.lg.jp/documents/d/fukushi/20260801_seishin_houkan-xlsx-xlsx
7299449,みんなの訪問看護リハビリステーション町田,194-0036,町田市,町田市森野６－１９５－５　横山第三ビル１階,042-851-9702,2017-09-01,2023-09-01,houkan,2026-08-01,https://www.fukushi.metro.tokyo.lg.jp/documents/d/fukushi/20260801_seishin_houkan-xlsx-xlsx
7299654,訪問看護ステーションカミヤ,194-0001,町田市,町田市つくし野３－４－８,042-788-1181,2020-02-01,2026-02-01,houkan,2026-08-01,https://www.fukushi.metro.tokyo.lg.jp/documents/d/fukushi/20260801_seishin_houkan-xlsx-xlsx
7391402,ウィレッジ訪問看護リハビリステーション,194-0038,町田市,町田市根岸２－１－２　ＯＴＭビル４Ｆ,042-794-6241,2018-06-01,2024-06-01,houkan,2026-08-01,https://www.fukushi.metro.tokyo.lg.jp/documents/d/fukushi/20260801_seishin_houkan-xlsx-xlsx
7392772,花いかだ訪問看護ステーション,194-0212,町田市,町田市忠生３－１３－２５メゾネットＨＡＲＡ１０１,042-703-8861,2019-02-01,2025-02-01,houkan,2026-08-01,https://www.fukushi.metro.tokyo.lg.jp/documents/d/fukushi/20260801_seishin_houkan-xlsx-xlsx
7393309,医療法人社団天紀会 ドゥ町田訪問看護ステーション,194-0201,町田市,町田市上小山田町２１４０番地　２階,042-860-0081,2019-06-01,2025-06-01,houkan,2026-08-01,https://www.fukushi.metro.tokyo.lg.jp/documents/d/fukushi/20260801_seishin_houkan-xlsx-xlsx
7394513,在宅看護センターほうきぼし,194-0045,町田市,町田市南成瀬１－１８－２　ウィンディアＭ３,042-860-7966,2020-05-01,2026-05-01,houkan,2026-08-01,https://www.fukushi.metro.tokyo.lg.jp/documents/d/fukushi/20260801_seishin_houkan-xlsx-xlsx
7394737,敬愛クリニック訪問看護ステーション,194-0035,町田市,町田市忠生４－５－１０　ウエルストンアネックス２階,042-789-3730,2020-05-01,2026-05-01,houkan,2026-08-01,https://www.fukushi.metro.tokyo.lg.jp/documents/d/fukushi/20260801_seishin_houkan-xlsx-xlsx
7394869,Ｃａｌｍ訪問看護ステーション,194-0203,町田市,町田市図師町１４３６－２,042-851-9281,2022-04-01,,houkan,2026-08-01,https://www.fukushi.metro.tokyo.lg.jp/documents/d/fukushi/20260801_seishin_houkan-xlsx-xlsx
7395296,あおぞら訪問看護ステーション,195-0071,町田市,町田市金井ヶ丘４－４５－１　セゾン鶴川１階,042-737-2023,2020-11-01,,houkan,2026-08-01,https://www.fukushi.metro.tokyo.lg.jp/documents/d/fukushi/20260801_seishin_houkan-xlsx-xlsx
7395304,あすか訪問看護ステーション,195-0053,町田市,町田市能ケ谷６－２－５０,042-708-0205,2021-01-01,,houkan,2026-08-01,https://www.fukushi.metro.tokyo.lg.jp/documents/d/fukushi/20260801_seishin_houkan-xlsx-xlsx
7395312,まちだ丘の上病院 訪問看護リハビリステーション ヨリドコ,195-0064,町田市,町田市小野路町８９２－１,042-860-5602,2020-11-01,,houkan,2026-08-01,https://www.fukushi.metro.tokyo.lg.jp/documents/d/fukushi/20260801_seishin_houkan-xlsx-xlsx
7395874,訪問看護ステーションつむぎ,194-0036,町田市,町田市木曽東３－３－１　木曽中原店舗２－３階,042-794-6800,2021-09-01,,houkan,2026-08-01,https://www.fukushi.metro.tokyo.lg.jp/documents/d/fukushi/20260801_seishin_houkan-xlsx-xlsx
7396237,Five  Star訪問看護・栄養管理Station,194-0022,町田市,町田市森野２－１－８　サンコート町田３０３号,042-860-7192,2021-09-01,,houkan,2026-08-01,https://www.fukushi.metro.tokyo.lg.jp/documents/d/fukushi/20260801_seishin_houkan-xlsx-xlsx
7396377,訪問看護ステーション 飛鳥,194-0045,町田市,町田市南成瀬１－２－１　成瀬駅前ハイツ団地第１号棟１０７号室,042-739-1780,2021-06-01,,houkan,2026-08-01,https://www.fukushi.metro.tokyo.lg.jp/documents/d/fukushi/20260801_seishin_houkan-xlsx-xlsx
7396484,訪問看護ステーションいしずえ町田,194-0013,町田市,町田市原町田２－４－４　細野ビル２Ｆ,042-707-6208,2021-06-01,,houkan,2026-08-01,https://www.fukushi.metro.tokyo.lg.jp/documents/d/fukushi/20260801_seishin_houkan-xlsx-xlsx
7396658,ＹＣ町田訪問看護リハビリステーション,194-0036,町田市,町田市木曽東３－８－２２,042-709-3952,2021-09-01,,houkan,2026-08-01,https://www.fukushi.metro.tokyo.lg.jp/documents/d/fukushi/20260801_seishin_houkan-xlsx-xlsx
7396781,指定訪問看護アットリハ根岸,194-0038,町田市,町田市根岸２－３０－１０,042-861-9171,2021-08-01,,houkan,2026-08-01,https://www.fukushi.metro.tokyo.lg.jp/documents/d/fukushi/20260801_seishin_houkan-xlsx-xlsx
7397177,ゆうあ訪問看護ステーション,194-0044,町田市,町田市成瀬４－１－２１　ＮＫハイツⅡ１０５号,042-816-2801,2021-12-01,,houkan,2026-08-01,https://www.fukushi.metro.tokyo.lg.jp/documents/d/fukushi/20260801_seishin_houkan-xlsx-xlsx
7398092,リーフ訪問看護リハビリステーション,194-0036,町田市,町田市木曽東１－３４－５　ＭＲⅡビル２０２号室,042-732-3673,2022-08-01,,houkan,2026-08-01,https://www.fukushi.metro.tokyo.lg.jp/documents/d/fukushi/20260801_seishin_houkan-xlsx-xlsx
7398100,リハラボ訪問看護ステーション町田,194-0015,町田市,町田市金森東１－１１－４５,042-860-7978,2022-11-01,,houkan,2026-08-01,https://www.fukushi.metro.tokyo.lg.jp/documents/d/fukushi/20260801_seishin_houkan-xlsx-xlsx
7398605,訪問看護ステーション ハッピーシード,194-0041,町田市,町田市玉川学園５－１６－１９　ＦｕｎＦｕｎＨｏｕｓｅ玉川学園２０２号室,042-732-0620,2022-07-01,,houkan,2026-08-01,https://www.fukushi.metro.tokyo.lg.jp/documents/d/fukushi/20260801_seishin_houkan-xlsx-xlsx
7398852,ピース訪問看護ステーション 鶴川本部,195-0062,町田市,町田市大蔵町３３７－１　鶴川第２工藤ビル２０３－Ｂ号室,042-860-4404,2022-09-01,,houkan,2026-08-01,https://www.fukushi.metro.tokyo.lg.jp/documents/d/fukushi/20260801_seishin_houkan-xlsx-xlsx
7398969,ウィル訪問看護ステーション八王子,194-0211,町田市,町田市相原町７９６－４　ドミール・ボンファー１０２号,042-703-6788,2022-11-01,,houkan,2026-08-01,https://www.fukushi.metro.tokyo.lg.jp/documents/d/fukushi/20260801_seishin_houkan-xlsx-xlsx
7399124,ＺＥＲＯ訪問看護ステーション,194-0212,町田市,町田市小山町７４９－３,042-798-5350,2022-12-01,,houkan,2026-08-01,https://www.fukushi.metro.tokyo.lg.jp/documents/d/fukushi/20260801_seishin_houkan-xlsx-xlsx
7491095,紬ナース,194-0211,町田市,町田市相原町７９６－３６　アビラ相原南号室,042-703-6744,2023-11-01,,houkan,2026-08-01,https://www.fukushi.metro.tokyo.lg.jp/documents/d/fukushi/20260801_seishin_houkan-xlsx-xlsx
7491103,母と子の訪問看護ステーションはぴねす,194-0004,町田市,町田市鶴間３－１３－２３　グローバルニューシティ町田１０１,042-810-4339,2023-05-01,,houkan,2026-08-01,https://www.fukushi.metro.tokyo.lg.jp/documents/d/fukushi/20260801_seishin_houkan-xlsx-xlsx
7491608,おかもと訪問看護ステーション町田,194-0001,町田市,町田市つくし野１－２２－３８　つくし野テラスハウス３号棟２号室,042-705-2267,2023-06-01,,houkan,2026-08-01,https://www.fukushi.metro.tokyo.lg.jp/documents/d/fukushi/20260801_seishin_houkan-xlsx-xlsx
7491772,ゆら訪問看護リハビリステーション,195-0062,町田市,町田市大蔵町１３２－１　シャルム森１０３,042-708-8723,2023-08-01,,houkan,2026-08-01,https://www.fukushi.metro.tokyo.lg.jp/documents/d/fukushi/20260801_seishin_houkan-xlsx-xlsx
7491780,医療法人社団鶴永会 ＭＩＬＡ ＣＯＣＯステーション,195-0055,町田市,町田市三輪緑山２－２１３３－１,044-988-3452,2023-07-01,,houkan,2026-08-01,https://www.fukushi.metro.tokyo.lg.jp/documents/d/fukushi/20260801_seishin_houkan-xlsx-xlsx
7492044,在宅療養支援ステーション楓の風 町田,194-0011,町田市,町田市成瀬が丘２－２３－５　Ｓ・Ｎビル４０２,042-788-1231,2009-12-01,2021-12-01,houkan,2026-08-01,https://www.fukushi.metro.tokyo.lg.jp/documents/d/fukushi/20260801_seishin_houkan-xlsx-xlsx
7492853,いきいきよつば訪問看護ステーション町田,194-0037,町田市,町田市木曽西１－１－１８　境川インペリアルビル２階,042-794-6411,2022-10-01,,houkan,2026-08-01,https://www.fukushi.metro.tokyo.lg.jp/documents/d/fukushi/20260801_seishin_houkan-xlsx-xlsx
7493380,おはなぽっぽホームナーシング＆リハビリテーション,195-0073,町田市,町田市薬師台１－２５－１２　薬師台メディカルテラス,042-708-9515,2025-10-01,,houkan,2026-08-01,https://www.fukushi.metro.tokyo.lg.jp/documents/d/fukushi/20260801_seishin_houkan-xlsx-xlsx
7494354,訪問看護ステーションＣＯＣＯＭＩＮＡ,194-0035,町田市,町田市忠生３－１－３６　エスポワール１０１,042-794-6054,2024-10-01,,houkan,2026-08-01,https://www.fukushi.metro.tokyo.lg.jp/documents/d/fukushi/20260801_seishin_houkan-xlsx-xlsx
7494529,訪問看護ステーションりらいと,194-0013,町田市,町田市原町田２－２３－１２　杉井ビル３０１,050-3091-9973,2023-09-01,,houkan,2026-08-01,https://www.fukushi.metro.tokyo.lg.jp/documents/d/fukushi/20260801_seishin_houkan-xlsx-xlsx
7495088,訪問看護ステーションＲｅａｆまちだ,194-0021,町田市,町田市中町３－４－１３　Ｎ２１ビル３－Ａ号室,042-816-3275,2025-02-01,,houkan,2026-08-01,https://www.fukushi.metro.tokyo.lg.jp/documents/d/fukushi/20260801_seishin_houkan-xlsx-xlsx
7495278,アントワーク訪問看護ステーション,194-0211,町田市,町田市相原町２０６８　フラワーハイツ１０２,080-4927-8882,2025-02-01,,houkan,2026-08-01,https://www.fukushi.metro.tokyo.lg.jp/documents/d/fukushi/20260801_seishin_houkan-xlsx-xlsx
7495666,トゥモロー訪問看護ステーション,195-0063,町田市,町田市野津田町２６８７,042-708-8448,2025-06-01,,houkan,2026-08-01,https://www.fukushi.metro.tokyo.lg.jp/documents/d/fukushi/20260801_seishin_houkan-xlsx-xlsx
7495674,ばでぃ訪問看護まちだ,194-0021,町田市,町田市中町２－２１－８　メゾンプラザ１０２号,042-860-6291,2025-05-01,,houkan,2026-08-01,https://www.fukushi.metro.tokyo.lg.jp/documents/d/fukushi/20260801_seishin_houkan-xlsx-xlsx
7496649,バンビナース訪問看護ステーション,194-0031,町田市,町田市南大谷４－４１－２２　アーバンハイムⅡ２０３,042-851-7775,2025-10-01,,houkan,2026-08-01,https://www.fukushi.metro.tokyo.lg.jp/documents/d/fukushi/20260801_seishin_houkan-xlsx-xlsx
7497092,訪問看護ステーションウェルビー町田相原,194-0211,町田市,町田市相原町１２０４－１,042-703-8206,2026-03-01,,houkan,2026-08-01,https://www.fukushi.metro.tokyo.lg.jp/documents/d/fukushi/20260801_seishin_houkan-xlsx-xlsx
7497522,ＮＥＸＴ ＦＬＯＷ訪問看護まちだ,194-0032,町田市,町田市本町田２９５４－２　１０１,042-785-4087,2026-08-01,,houkan,2026-08-01,https://www.fukushi.metro.tokyo.lg.jp/documents/d/fukushi/20260801_seishin_houkan-xlsx-xlsx
7497910,ここから訪問看護リハビリケア玉川学園前,194-0041,町田市,町田市玉川学園１－２２－１９　磯野ビル３階,042-851-7064,2026-08-01,,houkan,2026-08-01,https://www.fukushi.metro.tokyo.lg.jp/documents/d/fukushi/20260801_seishin_houkan-xlsx-xlsx
7291842,訪問看護ステーションべすと,184-0005,小金井市,小金井市桜町２－１２－３２　セレーサ小金井１０２号室,042-316-3433,2025-09-01,,houkan,2026-08-01,https://www.fukushi.metro.tokyo.lg.jp/documents/d/fukushi/20260801_seishin_houkan-xlsx-xlsx
7294184,よつば訪問看護ステーション小金井,184-0015,小金井市,小金井市貫井北町１－６－２０　ミツ木小金井ビル２０２,042-312-2954,2014-04-01,2026-04-01,houkan,2026-08-01,https://www.fukushi.metro.tokyo.lg.jp/documents/d/fukushi/20260801_seishin_houkan-xlsx-xlsx
7295603,えいる訪問看護ステーション,184-0013,小金井市,小金井市前原町４－２１－１２キャロットホームズⅠ－１０１,042-201-1513,2015-07-01,2021-07-01,houkan,2026-08-01,https://www.fukushi.metro.tokyo.lg.jp/documents/d/fukushi/20260801_seishin_houkan-xlsx-xlsx
7297161,リンク訪問看護ステーション,184-0011,小金井市,小金井市東町５－２７－８－１Ｆ,042-316-5156,2019-01-01,2025-01-01,houkan,2026-08-01,https://www.fukushi.metro.tokyo.lg.jp/documents/d/fukushi/20260801_seishin_houkan-xlsx-xlsx
7393184,訪問看護ステーション 現,184-0002,小金井市,小金井市梶野町５－１－７ドゥ・ボーテＢＬＤ３０３,042-201-5452,2019-05-01,2025-05-01,houkan,2026-08-01,https://www.fukushi.metro.tokyo.lg.jp/documents/d/fukushi/20260801_seishin_houkan-xlsx-xlsx
7393580,ひがこ訪問看護ステーション,184-0003,小金井市,小金井市緑町２－４－１　サンロイヤル小金井１０２,042-203-5117,2019-10-01,2025-10-01,houkan,2026-08-01,https://www.fukushi.metro.tokyo.lg.jp/documents/d/fukushi/20260801_seishin_houkan-xlsx-xlsx
7394372,スターク訪問看護ステーション小金井,184-0004,小金井市,小金井市本町１－８－６　竹松ビル１Ｆ,042-402-6018,2020-04-01,2026-04-01,houkan,2026-08-01,https://www.fukushi.metro.tokyo.lg.jp/documents/d/fukushi/20260801_seishin_houkan-xlsx-xlsx
7394745,ソフィアメディ訪問看護ステーション小金井,184-0004,小金井市,小金井市本町１－４－１０,042-316-3466,2020-05-01,2026-05-01,houkan,2026-08-01,https://www.fukushi.metro.tokyo.lg.jp/documents/d/fukushi/20260801_seishin_houkan-xlsx-xlsx
7396252,ＷＬＩＦＥ訪問看護センター,184-0004,小金井市,小金井市本町５－１８－５　第５５東京ビル３階,042-316-7961,2021-05-01,,houkan,2026-08-01,https://www.fukushi.metro.tokyo.lg.jp/documents/d/fukushi/20260801_seishin_houkan-xlsx-xlsx
7497530,訪問看護ステーションウェルビー小金井中町,184-0012,小金井市,小金井市中町２－９－２,042-316-1721,2026-05-01,,houkan,2026-08-01,https://www.fukushi.metro.tokyo.lg.jp/documents/d/fukushi/20260801_seishin_houkan-xlsx-xlsx
7192214,さいと訪問看護ステーション,187-0041,小平市,小平市美園町１－４－１１　清川ビル３０２,042-346-1661,2007-01-01,2025-01-01,houkan,2026-08-01,https://www.fukushi.metro.tokyo.lg.jp/documents/d/fukushi/20260801_seishin_houkan-xlsx-xlsx
7193584,みなみだい訪問看護ステーション,187-0032,小平市,小平市小川町１－４８５,042-341-8880,2008-01-01,2026-01-01,houkan,2026-08-01,https://www.fukushi.metro.tokyo.lg.jp/documents/d/fukushi/20260801_seishin_houkan-xlsx-xlsx
7193790,一般社団法人小平市医師会訪問看護ステーション,187-0045,小平市,小平市学園西町３－２４－１３,042-343-0003,2010-03-01,2022-03-01,houkan,2026-08-01,https://www.fukushi.metro.tokyo.lg.jp/documents/d/fukushi/20260801_seishin_houkan-xlsx-xlsx
7194939,多摩済生訪問看護ステーション,187-0041,小平市,小平市美園町３－１２－１,042-349-1022,2009-01-01,2021-01-01,houkan,2026-08-01,https://www.fukushi.metro.tokyo.lg.jp/documents/d/fukushi/20260801_seishin_houkan-xlsx-xlsx
7195258,まちかど保健室,187-0002,小平市,小平市仲町５４２－２０　ハイム小平１０２,042-313-6161,2007-09-01,2025-09-01,houkan,2026-08-01,https://www.fukushi.metro.tokyo.lg.jp/documents/d/fukushi/20260801_seishin_houkan-xlsx-xlsx
7197627,ＳＯＵ訪問看護ステーションくれよん,187-0032,小平市,小平市小川町２－１３４６　コーポアライ１階,042-341-7588,2007-01-01,2025-01-01,houkan,2026-08-01,https://www.fukushi.metro.tokyo.lg.jp/documents/d/fukushi/20260801_seishin_houkan-xlsx-xlsx
7292659,あい訪問看護ステーション,187-0035,小平市,小平市小川西町５－２２－１２,042-349-2191,2007-01-01,2025-01-01,houkan,2026-08-01,https://www.fukushi.metro.tokyo.lg.jp/documents/d/fukushi/20260801_seishin_houkan-xlsx-xlsx
7292964,訪問看護ステーション にじゅうまる,187-0035,小平市,小平市小川西町４－１４－２８　－２０２,042-349-2472,2013-04-01,2025-04-01,houkan,2026-08-01,https://www.fukushi.metro.tokyo.lg.jp/documents/d/fukushi/20260801_seishin_houkan-xlsx-xlsx
7295298,いつもそばに。訪問看護ステーション,187-0045,小平市,小平市学園西町１－２２－２７　第二村石ビル１階,042-313-5155,2015-03-01,2021-03-01,houkan,2026-08-01,https://www.fukushi.metro.tokyo.lg.jp/documents/d/fukushi/20260801_seishin_houkan-xlsx-xlsx
7295868,国立精神・神経医療研究センター 訪問看護ステーション,187-8551,小平市,小平市小川東町４－１－１,042-341-2711,2015-05-01,2021-05-01,houkan,2026-08-01,https://www.fukushi.metro.tokyo.lg.jp/documents/d/fukushi/20260801_seishin_houkan-xlsx-xlsx
7295884,訪問看護ステーション珊,187-0025,小平市,小平市津田町１－７－９　ＰｅｐｐｙＤｗｅｌｌ１階,042-313-2282,2015-05-01,2021-05-01,houkan,2026-08-01,https://www.fukushi.metro.tokyo.lg.jp/documents/d/fukushi/20260801_seishin_houkan-xlsx-xlsx
7298557,訪問看護ステーション ユーカリ,187-0035,小平市,小平市小川西町３－１８－７,042-312-1960,2017-10-01,,houkan,2026-08-01,https://www.fukushi.metro.tokyo.lg.jp/documents/d/fukushi/20260801_seishin_houkan-xlsx-xlsx
7395056,きくばり,187-0031,小平市,小平市小川東町５－１５－１,042-313-4231,2020-11-01,,houkan,2026-08-01,https://www.fukushi.metro.tokyo.lg.jp/documents/d/fukushi/20260801_seishin_houkan-xlsx-xlsx
7395353,訪問看護ステーション やさかのいぶき,187-0031,小平市,小平市小川東町２－１１－１,042-341-3211,2020-10-01,,houkan,2026-08-01,https://www.fukushi.metro.tokyo.lg.jp/documents/d/fukushi/20260801_seishin_houkan-xlsx-xlsx
7395502,訪問看護かえりえ小平,187-0032,小平市,小平市小川町２－２０４８－２　ビィラモラーレ２０２,050-1751-2115,2022-06-01,,houkan,2026-08-01,https://www.fukushi.metro.tokyo.lg.jp/documents/d/fukushi/20260801_seishin_houkan-xlsx-xlsx
7395601,訪問看護リハビリステーション ファミリア,187-0004,小平市,小平市天神町２－１６－２０　ガーデンアイル１０５,042-312-3790,2021-01-01,,houkan,2026-08-01,https://www.fukushi.metro.tokyo.lg.jp/documents/d/fukushi/20260801_seishin_houkan-xlsx-xlsx
7396476,訪問看護ステーション as one,187-0031,小平市,小平市小川東町４－６－１７　関口ビル１０１号室２階,042-313-6904,2021-07-01,,houkan,2026-08-01,https://www.fukushi.metro.tokyo.lg.jp/documents/d/fukushi/20260801_seishin_houkan-xlsx-xlsx
7398290,訪問看護ステーション ココパレ,187-0045,小平市,小平市学園西町１－２０－１８,042-312-3934,2022-06-01,,houkan,2026-08-01,https://www.fukushi.metro.tokyo.lg.jp/documents/d/fukushi/20260801_seishin_houkan-xlsx-xlsx
7398746,とうわ訪問看護ステーション,187-0031,小平市,小平市小川東町５－２－２７　Ｋ＆Ｉ小川東２０１号,042-404-2911,2022-08-01,,houkan,2026-08-01,https://www.fukushi.metro.tokyo.lg.jp/documents/d/fukushi/20260801_seishin_houkan-xlsx-xlsx
7491822,訪問ステーション てとてと小平,187-0035,小平市,小平市小川西町２－３５－１,042-312-1505,2019-05-01,2025-05-01,houkan,2026-08-01,https://www.fukushi.metro.tokyo.lg.jp/documents/d/fukushi/20260801_seishin_houkan-xlsx-xlsx
7492077,訪問看護リハビリセンターしょうた,187-0032,小平市,小平市小川町１－４０４－２　ハビテ小平１０５,042-312-3079,2023-08-01,,houkan,2026-08-01,https://www.fukushi.metro.tokyo.lg.jp/documents/d/fukushi/20260801_seishin_houkan-xlsx-xlsx
7494859,むさしの救急訪問看護ステーション,187-0031,小平市,小平市小川東町１－２３－１０　むさしの救急病院管理棟２階,042-313-5520,2025-03-01,,houkan,2026-08-01,https://www.fukushi.metro.tokyo.lg.jp/documents/d/fukushi/20260801_seishin_houkan-xlsx-xlsx
7497696,訪問看護ステーションＡＬＷＡＹＳ新小平,187-0042,小平市,小平市仲町２２－４　ＶｉｌｌａＡＭＴ２０２,042-313-5860,2026-05-01,,houkan,2026-08-01,https://www.fukushi.metro.tokyo.lg.jp/documents/d/fukushi/20260801_seishin_houkan-xlsx-xlsx
7191596,日野市医師会訪問看護ステーション,191-0062,日野市,日野市多摩平３－１－１２　日野市医師会館４階,042-587-8722,2007-01-01,2025-01-01,houkan,2026-08-01,https://www.fukushi.metro.tokyo.lg.jp/documents/d/fukushi/20260801_seishin_houkan-xlsx-xlsx
7192495,健生会ひのだい訪問看護ステーション,191-0003,日野市,日野市日野台４－４－８,042-582-7110,2007-05-01,2025-05-01,houkan,2026-08-01,https://www.fukushi.metro.tokyo.lg.jp/documents/d/fukushi/20260801_seishin_houkan-xlsx-xlsx
7198898,国際看護ステーション,191-0065,日野市,日野市旭が丘５－６－２０,042-585-9708,2013-12-01,2025-12-01,houkan,2026-08-01,https://www.fukushi.metro.tokyo.lg.jp/documents/d/fukushi/20260801_seishin_houkan-xlsx-xlsx
7199961,ラピオンナースステーション,191-0041,日野市,日野市南平７－２－１４,042-843-2881,2014-12-01,2020-12-01,houkan,2026-08-01,https://www.fukushi.metro.tokyo.lg.jp/documents/d/fukushi/20260801_seishin_houkan-xlsx-xlsx
7293558,訪問看護ステーションレインボーリーフ,191-0041,日野市,日野市南平３－１５－７　ダイヤマンション２０１,042-594-9552,2014-10-01,2020-10-01,houkan,2026-08-01,https://www.fukushi.metro.tokyo.lg.jp/documents/d/fukushi/20260801_seishin_houkan-xlsx-xlsx
7293814,訪問看護かえりえ日野南平,191-0041,日野市,日野市南平４－４０－５,042-599-8872,2014-10-01,2020-10-01,houkan,2026-08-01,https://www.fukushi.metro.tokyo.lg.jp/documents/d/fukushi/20260801_seishin_houkan-xlsx-xlsx
7391410,訪問看護ステーション もみの木,191-0031,日野市,日野市高幡１０１２－１　下田ビル２０１,042-594-9907,2021-10-01,,houkan,2026-08-01,https://www.fukushi.metro.tokyo.lg.jp/documents/d/fukushi/20260801_seishin_houkan-xlsx-xlsx
7392467,訪問看護ステーション元,191-0031,日野市,日野市高幡１００１－３　プレミール高幡２階,042-506-7177,2018-12-01,2024-12-01,houkan,2026-08-01,https://www.fukushi.metro.tokyo.lg.jp/documents/d/fukushi/20260801_seishin_houkan-xlsx-xlsx
7399132,ＣＯＮＣＩＥＲＧＥ訪問看護ステーション,191-0031,日野市,日野市高幡１７－４　ミネギシビル３階,042-506-5670,2022-12-01,,houkan,2026-08-01,https://www.fukushi.metro.tokyo.lg.jp/documents/d/fukushi/20260801_seishin_houkan-xlsx-xlsx
7491129,スマイル訪問看護ステーション,191-0041,日野市,日野市南平６－１２－３１　レジデンス南平２号２０１,042-800-1520,2023-04-01,,houkan,2026-08-01,https://www.fukushi.metro.tokyo.lg.jp/documents/d/fukushi/20260801_seishin_houkan-xlsx-xlsx
7494537,訪問看護ステーションあーる多摩平事業所,191-0062,日野市,日野市多摩平４－１－４　明光プラザ１０２,042-404-2888,2022-01-01,,houkan,2026-08-01,https://www.fukushi.metro.tokyo.lg.jp/documents/d/fukushi/20260801_seishin_houkan-xlsx-xlsx
7494545,ここえみ精神科訪問看護ステーション,191-0062,日野市,日野市多摩平１－５－１２　タカラ豊田ホームズ１０８,042-506-2902,2024-11-01,,houkan,2026-08-01,https://www.fukushi.metro.tokyo.lg.jp/documents/d/fukushi/20260801_seishin_houkan-xlsx-xlsx
7494644,ＳＯＵ訪問看護ステーション日野,191-0041,日野市,日野市南平３－１６－２６　サンパークビル１階２０１号室,042-506-7131,2026-03-01,,houkan,2026-08-01,https://www.fukushi.metro.tokyo.lg.jp/documents/d/fukushi/20260801_seishin_houkan-xlsx-xlsx
7496664,訪問看護ステーションけいと,191-0062,日野市,日野市多摩平１－１４－８　黒部ビル３０１,042-518-8890,2025-11-01,,houkan,2026-08-01,https://www.fukushi.metro.tokyo.lg.jp/documents/d/fukushi/20260801_seishin_houkan-xlsx-xlsx
7192230,訪問看護ステーションはぎやま,189-0012,東村山市,東村山市本町４－７－１４,042-313-3250,2007-01-01,2025-01-01,houkan,2026-08-01,https://www.fukushi.metro.tokyo.lg.jp/documents/d/fukushi/20260801_seishin_houkan-xlsx-xlsx
7197809,みのり地域看護ステーション,189-0003,東村山市,東村山市久米川町４－１４－１１２,042-390-8117,2007-01-01,2025-01-01,houkan,2026-08-01,https://www.fukushi.metro.tokyo.lg.jp/documents/d/fukushi/20260801_seishin_houkan-xlsx-xlsx
7291354,訪問看護ステーションここね,189-0014,東村山市,東村山市本町４－１－８　２階,042-313-0503,2014-10-01,2020-10-01,houkan,2026-08-01,https://www.fukushi.metro.tokyo.lg.jp/documents/d/fukushi/20260801_seishin_houkan-xlsx-xlsx
7291396,訪問看護ステーション てのひら,189-0024,東村山市,東村山市富士見町５－９－６０,042-399-3380,2010-11-01,2022-11-01,houkan,2026-08-01,https://www.fukushi.metro.tokyo.lg.jp/documents/d/fukushi/20260801_seishin_houkan-xlsx-xlsx
7293822,ウィズケア訪問看護リハビリステーション,189-0003,東村山市,東村山市久米川町４－４２－４,042-313-0471,2014-06-01,2026-06-01,houkan,2026-08-01,https://www.fukushi.metro.tokyo.lg.jp/documents/d/fukushi/20260801_seishin_houkan-xlsx-xlsx
7294804,訪問看護サンケアネット,189-0001,東村山市,東村山市秋津町２－３１－１８　ＫタウンＡ棟１号室,042-313-0575,2014-10-01,2020-10-01,houkan,2026-08-01,https://www.fukushi.metro.tokyo.lg.jp/documents/d/fukushi/20260801_seishin_houkan-xlsx-xlsx
7295876,医療法人社団幸悠会 あったか訪問看護ステーション,189-0012,東村山市,東村山市萩山町３－２６－７,042-313-0671,2015-05-01,2021-05-01,houkan,2026-08-01,https://www.fukushi.metro.tokyo.lg.jp/documents/d/fukushi/20260801_seishin_houkan-xlsx-xlsx
7296098,さんふらわぁ訪問看護リハビリステーション,189-0023,東村山市,東村山市美住町２－３－１３　ベルシオン・ミスミ４０１,042-313-0385,2015-09-01,2021-09-01,houkan,2026-08-01,https://www.fukushi.metro.tokyo.lg.jp/documents/d/fukushi/20260801_seishin_houkan-xlsx-xlsx
7297898,訪問看護ステーション結－ゆい,189-0014,東村山市,東村山市本町２－９－１３　ラークコート東村山２０５号室,042-313-0912,2016-11-01,2022-11-01,houkan,2026-08-01,https://www.fukushi.metro.tokyo.lg.jp/documents/d/fukushi/20260801_seishin_houkan-xlsx-xlsx
7393093,訪問看護 一期一笑,189-0012,東村山市,東村山市萩山町１－８－１２クロウバーハイツ２０１,042-349-1178,2021-11-01,,houkan,2026-08-01,https://www.fukushi.metro.tokyo.lg.jp/documents/d/fukushi/20260801_seishin_houkan-xlsx-xlsx
7393879,訪問看護ステーション コルディアーレ東村山,189-0013,東村山市,東村山市栄町２－９－３２　晃正プラザ２階２０１・２０２,042-313-0491,2018-04-01,2024-04-01,houkan,2026-08-01,https://www.fukushi.metro.tokyo.lg.jp/documents/d/fukushi/20260801_seishin_houkan-xlsx-xlsx
7396625,訪問看護ステーションあきつ,189-0002,東村山市,東村山市青葉町３－３２－２６,042-306-2106,2021-11-01,,houkan,2026-08-01,https://www.fukushi.metro.tokyo.lg.jp/documents/d/fukushi/20260801_seishin_houkan-xlsx-xlsx
7396989,ＨＯＡＬＯＨＡ nurse station,189-0013,東村山市,東村山市栄町３－１６－５０　荒川ビル１階,042-306-1538,2021-11-01,,houkan,2026-08-01,https://www.fukushi.metro.tokyo.lg.jp/documents/d/fukushi/20260801_seishin_houkan-xlsx-xlsx
7398712,訪問看護ステーション いちご,189-0026,東村山市,東村山市多摩湖町４－３－２　ソレアード西武１０１,042-307-3685,2022-09-01,,houkan,2026-08-01,https://www.fukushi.metro.tokyo.lg.jp/documents/d/fukushi/20260801_seishin_houkan-xlsx-xlsx
7399116,訪問看護ステーションそら,189-0011,東村山市,東村山市恩多町１－２５－２７　１０１,042-420-5850,2024-01-01,,houkan,2026-08-01,https://www.fukushi.metro.tokyo.lg.jp/documents/d/fukushi/20260801_seishin_houkan-xlsx-xlsx
7492838,訪問看護ステーションＴＥＴＯＴＥ,189-0022,東村山市,東村山市野口町１－２－１０　アートフル野口１０１,042-306-3300,2023-12-01,,houkan,2026-08-01,https://www.fukushi.metro.tokyo.lg.jp/documents/d/fukushi/20260801_seishin_houkan-xlsx-xlsx
7493000,訪問看護ステーションひまわり,189-0001,東村山市,東村山市秋津町１－２２－３７,042-391-3030,2024-03-01,,houkan,2026-08-01,https://www.fukushi.metro.tokyo.lg.jp/documents/d/fukushi/20260801_seishin_houkan-xlsx-xlsx
7493653,Ｏｎｅ ｓｔｅｐ訪問看護リハビリステーション東村山,189-0022,東村山市,東村山市野口町３－８－２,042-306-2305,2024-04-01,,houkan,2026-08-01,https://www.fukushi.metro.tokyo.lg.jp/documents/d/fukushi/20260801_seishin_houkan-xlsx-xlsx
7494198,訪問看護あらいん,189-0022,東村山市,東村山市野口町１－１６－２６　メゾン東村山２階２０１号室,048-487-8733,2024-10-01,,houkan,2026-08-01,https://www.fukushi.metro.tokyo.lg.jp/documents/d/fukushi/20260801_seishin_houkan-xlsx-xlsx
7495252,みつば訪問看護ステーション秋津,189-0001,東村山市,東村山市秋津町５－１５－７　１０１号室,042-306-0971,2025-02-01,,houkan,2026-08-01,https://www.fukushi.metro.tokyo.lg.jp/documents/d/fukushi/20260801_seishin_houkan-xlsx-xlsx
7497316,訪問看護ステーションはるぞら,189-0023,東村山市,東村山市美住町１－１２－５　プレジオＭＣ１０３,042-201-6031,2026-07-01,,houkan,2026-08-01,https://www.fukushi.metro.tokyo.lg.jp/documents/d/fukushi/20260801_seishin_houkan-xlsx-xlsx
7191042,国分寺市医師会訪問看護ステーション,185-0024,国分寺市,国分寺市泉町２－３－８,042-326-0743,2006-12-01,2024-12-01,houkan,2026-08-01,https://www.fukushi.metro.tokyo.lg.jp/documents/d/fukushi/20260801_seishin_houkan-xlsx-xlsx
7194434,健生会日吉町訪問看護ステーション,185-0032,国分寺市,国分寺市日吉町１－４５－１　アメニティコウヤマ第２ガーデン３０５,042-573-6599,2007-05-01,2025-05-01,houkan,2026-08-01,https://www.fukushi.metro.tokyo.lg.jp/documents/d/fukushi/20260801_seishin_houkan-xlsx-xlsx
7197262,訪問看護ステーションさくらんぼ,185-0003,国分寺市,国分寺市戸倉１－１２－４９,042-359-7388,2007-01-01,2025-01-01,houkan,2026-08-01,https://www.fukushi.metro.tokyo.lg.jp/documents/d/fukushi/20260801_seishin_houkan-xlsx-xlsx
7199185,浴光訪問看護ステーション,185-0014,国分寺市,国分寺市東恋ヶ窪３－２８－１５　浴光ＳｈｉｎｅＺ寮３階,042-313-7767,2007-08-01,2025-08-01,houkan,2026-08-01,https://www.fukushi.metro.tokyo.lg.jp/documents/d/fukushi/20260801_seishin_houkan-xlsx-xlsx
7293301,さわやか訪問看護リハビリステーション,185-0013,国分寺市,国分寺市西恋ケ窪３－２６－１１　カーサシンエイ１階,042-304-8880,2013-09-01,2025-09-01,houkan,2026-08-01,https://www.fukushi.metro.tokyo.lg.jp/documents/d/fukushi/20260801_seishin_houkan-xlsx-xlsx
7294812,訪問ナース ふく,185-0012,国分寺市,国分寺市本町２－２２－２　第一鴨下ビル２０７号,042-312-0577,2014-10-01,2020-10-01,houkan,2026-08-01,https://www.fukushi.metro.tokyo.lg.jp/documents/d/fukushi/20260801_seishin_houkan-xlsx-xlsx
7295264,よつば訪問看護ステーション,185-0032,国分寺市,国分寺市日吉町１－３１－３カルタス８８’　３０３号室,042-313-8535,2019-01-01,2025-01-01,houkan,2026-08-01,https://www.fukushi.metro.tokyo.lg.jp/documents/d/fukushi/20260801_seishin_houkan-xlsx-xlsx
7397383,むさし国分寺訪問看護ステーション,185-0013,国分寺市,国分寺市西恋ヶ窪２－２５－１－１０１,042-332-7724,2022-01-01,,houkan,2026-08-01,https://www.fukushi.metro.tokyo.lg.jp/documents/d/fukushi/20260801_seishin_houkan-xlsx-xlsx
7398597,リーベル訪問看護ステーション,185-0023,国分寺市,国分寺市西元町２－１７－１４　２階,042-312-0921,2023-09-01,,houkan,2026-08-01,https://www.fukushi.metro.tokyo.lg.jp/documents/d/fukushi/20260801_seishin_houkan-xlsx-xlsx
7492036,グッドタイム訪問看護ステーション・国分寺,185-0002,国分寺市,国分寺市東戸倉２－８－７,042-320-1165,2025-08-01,,houkan,2026-08-01,https://www.fukushi.metro.tokyo.lg.jp/documents/d/fukushi/20260801_seishin_houkan-xlsx-xlsx
7492267,訪問看護ステーションあんさんぶる,185-0012,国分寺市,国分寺市本町３－７－２３　第３小柳コーポ１０８,042-312-2900,2023-10-01,,houkan,2026-08-01,https://www.fukushi.metro.tokyo.lg.jp/documents/d/fukushi/20260801_seishin_houkan-xlsx-xlsx
7493232,アプロ訪問看護ステーション 国分寺支店,185-0032,国分寺市,国分寺市日吉町４－２３－９,042-312-2992,2024-03-01,,houkan,2026-08-01,https://www.fukushi.metro.tokyo.lg.jp/documents/d/fukushi/20260801_seishin_houkan-xlsx-xlsx
7493372,訪問看護ステーション ハートフル・ウィン,185-0034,国分寺市,国分寺市光町２－２０－５　エジャンス国立１０１号室,042-505-8151,2024-04-01,,houkan,2026-08-01,https://www.fukushi.metro.tokyo.lg.jp/documents/d/fukushi/20260801_seishin_houkan-xlsx-xlsx
7495864,ピースウェル訪問看護リハビリステーション,185-0022,国分寺市,国分寺市東元町１－２３－８　椙本ハイツ１０１号,042-313-9033,2025-07-01,,houkan,2026-08-01,https://www.fukushi.metro.tokyo.lg.jp/documents/d/fukushi/20260801_seishin_houkan-xlsx-xlsx
7496052,猫の手訪問看護ステーション,185-0024,国分寺市,国分寺市西恋ヶ窪１－４３－３　１０５,042-201-7953,2019-04-01,2025-04-01,houkan,2026-08-01,https://www.fukushi.metro.tokyo.lg.jp/documents/d/fukushi/20260801_seishin_houkan-xlsx-xlsx
7496227,訪問看護ステーションありのまま,185-0005,国分寺市,国分寺市並木町２－１１－５,042-403-3290,2025-09-01,,houkan,2026-08-01,https://www.fukushi.metro.tokyo.lg.jp/documents/d/fukushi/20260801_seishin_houkan-xlsx-xlsx
7496615,ソフィアメディ訪問看護ステーション国分寺,185-0002,国分寺市,国分寺市東戸倉２－１０－２０　ヒルズガーデン恋ヶ窪５０１号室,042-313-9986,2025-10-01,,houkan,2026-08-01,https://www.fukushi.metro.tokyo.lg.jp/documents/d/fukushi/20260801_seishin_houkan-xlsx-xlsx
7496821,ラウンド＆ケア訪問看護ステーション国分寺,185-0032,国分寺市,国分寺市日吉町４－１７－２３　エントピア西国分寺１階,050-6883-1618,2025-11-01,,houkan,2026-08-01,https://www.fukushi.metro.tokyo.lg.jp/documents/d/fukushi/20260801_seishin_houkan-xlsx-xlsx
7497241,訪問看護ステーションめぐみ,185-0014,国分寺市,国分寺市東恋ヶ窪６－１０－２０　１０２,090-9060-9806,2026-02-01,,houkan,2026-08-01,https://www.fukushi.metro.tokyo.lg.jp/documents/d/fukushi/20260801_seishin_houkan-xlsx-xlsx
7198716,訪問看護ほっとステーション,186-0011,国立市,国立市谷保４－２７－３２,042-574-0932,2007-12-01,2025-12-01,houkan,2026-08-01,https://www.fukushi.metro.tokyo.lg.jp/documents/d/fukushi/20260801_seishin_houkan-xlsx-xlsx
7291545,医療法人社団つくし会 訪問看護ステーション,186-0003,国立市,国立市富士見台４－１０－１,042-580-1139,2017-12-01,2023-12-01,houkan,2026-08-01,https://www.fukushi.metro.tokyo.lg.jp/documents/d/fukushi/20260801_seishin_houkan-xlsx-xlsx
7298532,訪問看護ステーション音,186-0003,国立市,国立市富士見台１－２５－１７,042-505-8503,2017-04-01,2023-04-01,houkan,2026-08-01,https://www.fukushi.metro.tokyo.lg.jp/documents/d/fukushi/20260801_seishin_houkan-xlsx-xlsx
7391899,「おうちがいちばん」訪問看護＆リハビリステーション,186-0005,国立市,国立市西２－２４－１８ラ・ルース国立５０１,042-505-4693,2018-10-01,,houkan,2026-08-01,https://www.fukushi.metro.tokyo.lg.jp/documents/d/fukushi/20260801_seishin_houkan-xlsx-xlsx
7395049,松明会訪問看護ステーション,186-0003,国立市,国立市富士見台１－２４－１１　カーサパイン２階,042-505-8632,2021-07-01,,houkan,2026-08-01,https://www.fukushi.metro.tokyo.lg.jp/documents/d/fukushi/20260801_seishin_houkan-xlsx-xlsx
7398720,訪問看護ステーションにじ,186-0005,国立市,国立市西２－１９－６　第４村上ビル３４３,042-843-0725,2023-01-01,,houkan,2026-08-01,https://www.fukushi.metro.tokyo.lg.jp/documents/d/fukushi/20260801_seishin_houkan-xlsx-xlsx
7493695,ポレポレ訪問看護ステーション,186-0003,国立市,国立市富士見台１－１７－２９　アップスタイルビルＩ５０１号室,042-505-7971,2024-06-01,,houkan,2026-08-01,https://www.fukushi.metro.tokyo.lg.jp/documents/d/fukushi/20260801_seishin_houkan-xlsx-xlsx
7494230,セントケア訪問看護ステーション国立,186-0003,国立市,国立市富士見台３－１５－６　アリエスビル１階,042-571-8809,2024-08-01,,houkan,2026-08-01,https://www.fukushi.metro.tokyo.lg.jp/documents/d/fukushi/20260801_seishin_houkan-xlsx-xlsx
7196306,ユーアイビラ訪問看護ステーション,197-0004,福生市,福生市南田園１－１０－３,042-539-2270,2006-11-01,2024-11-01,houkan,2026-08-01,https://www.fukushi.metro.tokyo.lg.jp/documents/d/fukushi/20260801_seishin_houkan-xlsx-xlsx
7296379,福生訪問看護ステーションこころ 駅前営業所,197-0022,福生市,福生市本町５３,042-551-5556,2015-10-01,2021-10-01,houkan,2026-08-01,https://www.fukushi.metro.tokyo.lg.jp/documents/d/fukushi/20260801_seishin_houkan-xlsx-xlsx
7391519,アシスト訪問看護ふくろう,197-0004,福生市,福生市南田園２－４－１３,042-513-0242,2019-04-01,2025-04-01,houkan,2026-08-01,https://www.fukushi.metro.tokyo.lg.jp/documents/d/fukushi/20260801_seishin_houkan-xlsx-xlsx
7392889,訪問看護ステーション オハナ,197-0011,福生市,福生市大字福生１７１６－１,042-513-6533,2019-05-01,2025-05-01,houkan,2026-08-01,https://www.fukushi.metro.tokyo.lg.jp/documents/d/fukushi/20260801_seishin_houkan-xlsx-xlsx
7398126,ひだまりの樹ナースステーション,197-0003,福生市,福生市熊川４４８－８　第２野島ハイツ２０１,042-513-4065,2022-07-01,,houkan,2026-08-01,https://www.fukushi.metro.tokyo.lg.jp/documents/d/fukushi/20260801_seishin_houkan-xlsx-xlsx
7399512,訪問看護ステーションユースフル東京,197-0023,福生市,福生市志茂２０９－１,042-513-0583,2023-02-01,,houkan,2026-08-01,https://www.fukushi.metro.tokyo.lg.jp/documents/d/fukushi/20260801_seishin_houkan-xlsx-xlsx
7497555,訪問看護ステーションＲＡＳＨＩＳＡ福生,197-0012,福生市,福生市加美平３－２０－２１　ドゥ・ジェンヌ１０５,042-513-0776,2026-04-01,,houkan,2026-08-01,https://www.fukushi.metro.tokyo.lg.jp/documents/d/fukushi/20260801_seishin_houkan-xlsx-xlsx
7192701,狛江市医師会訪問看護ステーション,201-0013,狛江市,狛江市元和泉２－３５－１,03-3430-5881,2006-07-01,2024-07-01,houkan,2026-08-01,https://www.fukushi.metro.tokyo.lg.jp/documents/d/fukushi/20260801_seishin_houkan-xlsx-xlsx
7194400,訪問看護ステーションこまえ正吉苑,201-0001,狛江市,狛江市西野川２－２７－２３,03-5438-0555,2007-04-01,2025-04-01,houkan,2026-08-01,https://www.fukushi.metro.tokyo.lg.jp/documents/d/fukushi/20260801_seishin_houkan-xlsx-xlsx
7292972,訪問看護ステーション ゆっくり,201-0013,狛江市,狛江市元和泉１－１１－１４,03-5761-5097,2013-04-01,2025-04-01,houkan,2026-08-01,https://www.fukushi.metro.tokyo.lg.jp/documents/d/fukushi/20260801_seishin_houkan-xlsx-xlsx
7394034,あまね訪問看護ステーション,201-0012,狛江市,狛江市中和泉２－１１－１　中和泉第一マンション１０２,03-6316-9866,2020-02-01,2026-02-01,houkan,2026-08-01,https://www.fukushi.metro.tokyo.lg.jp/documents/d/fukushi/20260801_seishin_houkan-xlsx-xlsx
7491830,ブライトケア,201-0003,狛江市,狛江市和泉本町１－３０－２　タイムラーレジデンス１階,03-5761-8056,2024-03-01,,houkan,2026-08-01,https://www.fukushi.metro.tokyo.lg.jp/documents/d/fukushi/20260801_seishin_houkan-xlsx-xlsx
7493703,訪問看護ステーションこまめ,201-0012,狛江市,狛江市中和泉２－１２－１１,03-5761-5881,2024-04-01,,houkan,2026-08-01,https://www.fukushi.metro.tokyo.lg.jp/documents/d/fukushi/20260801_seishin_houkan-xlsx-xlsx
7199599,訪問看護ステーション 青い空,207-0016,東大和市,東大和市仲原３－１３－２４,042-590-1905,2008-12-01,2020-12-01,houkan,2026-08-01,https://www.fukushi.metro.tokyo.lg.jp/documents/d/fukushi/20260801_seishin_houkan-xlsx-xlsx
7391915,訪問看護ステーション心,207-0012,東大和市,東大和市新堀１－１４２０－１コーポあずみ３０６,042-843-6888,2018-09-01,2024-09-01,houkan,2026-08-01,https://www.fukushi.metro.tokyo.lg.jp/documents/d/fukushi/20260801_seishin_houkan-xlsx-xlsx
7392368,訪問看護ステーションココン,207-0021,東大和市,東大和市立野２－９－１,03-5843-8425,2021-05-01,,houkan,2026-08-01,https://www.fukushi.metro.tokyo.lg.jp/documents/d/fukushi/20260801_seishin_houkan-xlsx-xlsx
7495112,ニコット訪問看護ステーション,207-0013,東大和市,東大和市向原６－１２０１－１１８　鎌正第一ビル１０２,042-843-9761,2025-01-01,,houkan,2026-08-01,https://www.fukushi.metro.tokyo.lg.jp/documents/d/fukushi/20260801_seishin_houkan-xlsx-xlsx
7496482,ビッグライフ訪問看護ステーション東大和,207-0011,東大和市,東大和市清原１－１２１３－７,042-843-6366,2025-10-01,,houkan,2026-08-01,https://www.fukushi.metro.tokyo.lg.jp/documents/d/fukushi/20260801_seishin_houkan-xlsx-xlsx
7496854,訪問看護ステーションコルディアーレ東大和,207-0022,東大和市,東大和市南街５－９７－１０　ＭＥビル３階,042-843-7095,2025-11-01,,houkan,2026-08-01,https://www.fukushi.metro.tokyo.lg.jp/documents/d/fukushi/20260801_seishin_houkan-xlsx-xlsx
7191414,信愛訪問看護ステーション ほほえみ,204-0011,清瀬市,清瀬市下清戸１－３０５－１,042-493-5686,2022-02-01,,houkan,2026-08-01,https://www.fukushi.metro.tokyo.lg.jp/documents/d/fukushi/20260801_seishin_houkan-xlsx-xlsx
7194780,清瀬リハビリ病院訪問看護ステーション,204-0023,清瀬市,清瀬市竹丘３－３－３３,042-493-8315,2012-05-01,2024-05-01,houkan,2026-08-01,https://www.fukushi.metro.tokyo.lg.jp/documents/d/fukushi/20260801_seishin_houkan-xlsx-xlsx
7199656,医療法人社団雅会 訪問看護ステーションあゆみ,204-0004,清瀬市,清瀬市野塩１－３００－９,042-495-5888,2009-08-01,2021-08-01,houkan,2026-08-01,https://www.fukushi.metro.tokyo.lg.jp/documents/d/fukushi/20260801_seishin_houkan-xlsx-xlsx
7292246,けやき通り訪問看護ステーション,204-0013,清瀬市,清瀬市上清戸２－１２－１３　メゾン中川１０１,042-497-2351,2014-06-01,2026-06-01,houkan,2026-08-01,https://www.fukushi.metro.tokyo.lg.jp/documents/d/fukushi/20260801_seishin_houkan-xlsx-xlsx
7292410,訪問看護ステーションきずな,204-0022,清瀬市,清瀬市松山１－４－２０－２０２,042-497-2618,2013-10-01,2025-10-01,houkan,2026-08-01,https://www.fukushi.metro.tokyo.lg.jp/documents/d/fukushi/20260801_seishin_houkan-xlsx-xlsx
7394752,訪問看護ステーションゆうしん,204-0023,清瀬市,清瀬市竹丘３－４－２５,042-491-2711,2020-07-01,2026-07-01,houkan,2026-08-01,https://www.fukushi.metro.tokyo.lg.jp/documents/d/fukushi/20260801_seishin_houkan-xlsx-xlsx
7397417,訪問看護ステーション ステイ,204-0022,清瀬市,清瀬市松山１－４－２０　松東ビル５０５号,042-497-8363,2021-12-01,,houkan,2026-08-01,https://www.fukushi.metro.tokyo.lg.jp/documents/d/fukushi/20260801_seishin_houkan-xlsx-xlsx
7491400,訪問看護ステーション ナーシング・ウィン清瀬,204-0004,清瀬市,清瀬市野塩３－３－４　ユタカハイツ１０３号,042-497-1995,2023-06-01,,houkan,2026-08-01,https://www.fukushi.metro.tokyo.lg.jp/documents/d/fukushi/20260801_seishin_houkan-xlsx-xlsx
7493026,のぞみ訪問看護リハビリステーション,204-0002,清瀬市,清瀬市旭が丘２－５－４－６,042-455-4157,2024-02-01,,houkan,2026-08-01,https://www.fukushi.metro.tokyo.lg.jp/documents/d/fukushi/20260801_seishin_houkan-xlsx-xlsx
7493406,ウェル訪問看護ステーション,204-0013,清瀬市,清瀬市上清戸２－１２－３３　出下マンション１０８,042-497-9285,2024-10-01,,houkan,2026-08-01,https://www.fukushi.metro.tokyo.lg.jp/documents/d/fukushi/20260801_seishin_houkan-xlsx-xlsx
7494057,訪問看護ステーションにじいろ,204-0004,清瀬市,清瀬市野塩５－２８０－３　ＪＵＮプレジ秋津２０８,042-478-3266,2024-07-01,,houkan,2026-08-01,https://www.fukushi.metro.tokyo.lg.jp/documents/d/fukushi/20260801_seishin_houkan-xlsx-xlsx
7496490,ＢｅＳＩＤＥ訪問看護ステーション,204-0021,清瀬市,清瀬市元町１－１９－１２,042-497-9379,2025-10-01,,houkan,2026-08-01,https://www.fukushi.metro.tokyo.lg.jp/documents/d/fukushi/20260801_seishin_houkan-xlsx-xlsx
7497274,訪問看護ステーションコルディアーレ清瀬,204-0013,清瀬市,清瀬市上清戸１－８－１　ハイムウッド１０１号室,042-497-1368,2026-02-01,,houkan,2026-08-01,https://www.fukushi.metro.tokyo.lg.jp/documents/d/fukushi/20260801_seishin_houkan-xlsx-xlsx
7199243,東本町訪問看護ステーション,203-0014,東久留米市,東久留米市東本町５－１,042-439-5980,2012-05-01,2024-05-01,houkan,2026-08-01,https://www.fukushi.metro.tokyo.lg.jp/documents/d/fukushi/20260801_seishin_houkan-xlsx-xlsx
7199250,東久留米白十字訪問看護ステーション,203-0053,東久留米市,東久留米市本町２－２－５　本町ビル１階Ａ,042-470-7477,2007-09-01,2025-09-01,houkan,2026-08-01,https://www.fukushi.metro.tokyo.lg.jp/documents/d/fukushi/20260801_seishin_houkan-xlsx-xlsx
7292501,つくし訪問看護ステーション,203-0032,東久留米市,東久留米市前沢４－３２－１第２榎本ビル１０２,042-420-4306,2012-08-01,2024-08-01,houkan,2026-08-01,https://www.fukushi.metro.tokyo.lg.jp/documents/d/fukushi/20260801_seishin_houkan-xlsx-xlsx
7292758,むさしの訪問看護ステーション,203-0042,東久留米市,東久留米市八幡町３－８－１０,042-420-1662,2013-03-01,2025-03-01,houkan,2026-08-01,https://www.fukushi.metro.tokyo.lg.jp/documents/d/fukushi/20260801_seishin_houkan-xlsx-xlsx
7297310,いろは訪問看護ステーション,203-0012,東久留米市,東久留米市浅間町３－１０－３　ＪＵＮエスポワール１０２号,042-438-6568,2016-05-01,2022-05-01,houkan,2026-08-01,https://www.fukushi.metro.tokyo.lg.jp/documents/d/fukushi/20260801_seishin_houkan-xlsx-xlsx
7298193,陽だまり訪問看護ステーション東久留米,203-0052,東久留米市,東久留米市幸町１－１－４　つくばビル１階,042-475-7001,2017-02-01,2023-02-01,houkan,2026-08-01,https://www.fukushi.metro.tokyo.lg.jp/documents/d/fukushi/20260801_seishin_houkan-xlsx-xlsx
7298573,訪問看護ステーションポラリス,203-0053,東久留米市,東久留米市本町１－４－４１　プレステージ東久留米１０２,042-420-1095,2022-05-01,,houkan,2026-08-01,https://www.fukushi.metro.tokyo.lg.jp/documents/d/fukushi/20260801_seishin_houkan-xlsx-xlsx
7393119,訪問看護ステーションる・ぐらん,203-0052,東久留米市,東久留米市幸町３－６－２　アトモスビル１Ｆ,042-420-7536,2019-05-01,2025-05-01,houkan,2026-08-01,https://www.fukushi.metro.tokyo.lg.jp/documents/d/fukushi/20260801_seishin_houkan-xlsx-xlsx
7398449,訪問看護ステーションｎｉｃｏ東久留米,203-0032,東久留米市,東久留米市前沢４－３２－９　ＨＦＳソシアルＢ棟,042-420-7128,2022-06-01,,houkan,2026-08-01,https://www.fukushi.metro.tokyo.lg.jp/documents/d/fukushi/20260801_seishin_houkan-xlsx-xlsx
7399371,０９９訪問看護ステーション,203-0014,東久留米市,東久留米市東本町１６－５　ＪＵＮプレジ東久留米３０６,042-470-5909,2023-02-01,,houkan,2026-08-01,https://www.fukushi.metro.tokyo.lg.jp/documents/d/fukushi/20260801_seishin_houkan-xlsx-xlsx
7496979,Ｈａｌｏ訪問看護ステーション,203-0032,東久留米市,東久留米市前沢４－８－９　グランドール滝山１０５,042-420-6242,2026-03-01,,houkan,2026-08-01,https://www.fukushi.metro.tokyo.lg.jp/documents/d/fukushi/20260801_seishin_houkan-xlsx-xlsx
7191828,健生会緑が丘訪問看護ステーション,208-0013,武蔵村山市,武蔵村山市大南２－１－８　２階,042-563-2133,2007-05-01,2025-05-01,houkan,2026-08-01,https://www.fukushi.metro.tokyo.lg.jp/documents/d/fukushi/20260801_seishin_houkan-xlsx-xlsx
7292550,医療法人社団もかほ会 ビッグライフ訪問看護ステーション,208-0013,武蔵村山市,武蔵村山市大南３－９７－１３,042-516-0066,2023-03-01,,houkan,2026-08-01,https://www.fukushi.metro.tokyo.lg.jp/documents/d/fukushi/20260801_seishin_houkan-xlsx-xlsx
7297773,特定非営利活動法人 訪問看護ステーションゆいまーる,208-0022,武蔵村山市,武蔵村山市榎３－５１－２　サウスウインド１Ｆ,042-506-8641,2016-10-01,2022-10-01,houkan,2026-08-01,https://www.fukushi.metro.tokyo.lg.jp/documents/d/fukushi/20260801_seishin_houkan-xlsx-xlsx
7391527,訪問看護ステーションあおぐみ,208-0003,武蔵村山市,武蔵村山市中央１－２５－１４ハウスオブブーケＣ棟１０１,042-843-8745,2018-11-01,2024-11-01,houkan,2026-08-01,https://www.fukushi.metro.tokyo.lg.jp/documents/d/fukushi/20260801_seishin_houkan-xlsx-xlsx
7491186,訪問看護ステーションエキナセア,208-0011,武蔵村山市,武蔵村山市学園２－３７－１　村山医療センターＡ棟１０４号室,050-1310-1061,2023-08-01,,houkan,2026-08-01,https://www.fukushi.metro.tokyo.lg.jp/documents/d/fukushi/20260801_seishin_houkan-xlsx-xlsx
7492085,みなと訪問看護ステーション,208-0013,武蔵村山市,武蔵村山市大南５－３７－５,042-843-8891,2023-09-01,,houkan,2026-08-01,https://www.fukushi.metro.tokyo.lg.jp/documents/d/fukushi/20260801_seishin_houkan-xlsx-xlsx
7193824,さくらが丘訪問看護ステーション,206-0021,多摩市,多摩市連光寺１－１－１,042-375-6355,2007-01-01,2025-01-01,houkan,2026-08-01,https://www.fukushi.metro.tokyo.lg.jp/documents/d/fukushi/20260801_seishin_houkan-xlsx-xlsx
7193840,あい訪問看護ステーション,206-0012,多摩市,多摩市貝取１４３１－３　２階,042-371-6888,2022-04-01,,houkan,2026-08-01,https://www.fukushi.metro.tokyo.lg.jp/documents/d/fukushi/20260801_seishin_houkan-xlsx-xlsx
7195167,ふれ愛訪問看護ステーション,206-0033,多摩市,多摩市落合３－９－１　小山ハイツ１階,042-371-3230,2007-02-01,2025-02-01,houkan,2026-08-01,https://www.fukushi.metro.tokyo.lg.jp/documents/d/fukushi/20260801_seishin_houkan-xlsx-xlsx
7292253,ファインケア訪問看護ステーション多摩センター,206-0014,多摩市,多摩市乞田１１５９番地１　レーヴマニフィック永山２Ｆ,042-357-2571,2020-10-01,,houkan,2026-08-01,https://www.fukushi.metro.tokyo.lg.jp/documents/d/fukushi/20260801_seishin_houkan-xlsx-xlsx
7295413,クリエスタ訪問看護ステーション,206-0023,多摩市,多摩市馬引沢２－８－２１－１０６,042-400-7458,2016-04-01,2022-04-01,houkan,2026-08-01,https://www.fukushi.metro.tokyo.lg.jp/documents/d/fukushi/20260801_seishin_houkan-xlsx-xlsx
7296015,訪問看護介護ステーションラフ,206-0025,多摩市,多摩市永山２－１４－６　アドラブールＫ２０２,042-400-6182,2015-08-01,2021-08-01,houkan,2026-08-01,https://www.fukushi.metro.tokyo.lg.jp/documents/d/fukushi/20260801_seishin_houkan-xlsx-xlsx
7297203,もろびと訪問看護ステーション,206-0004,多摩市,多摩市百草１１４２－１０３号室,042-313-7716,2016-06-01,2022-06-01,houkan,2026-08-01,https://www.fukushi.metro.tokyo.lg.jp/documents/d/fukushi/20260801_seishin_houkan-xlsx-xlsx
7298292,訪問看護ステーションすみれ,206-0014,多摩市,多摩市乞田７９１－３,042-376-3211,2017-04-01,2023-04-01,houkan,2026-08-01,https://www.fukushi.metro.tokyo.lg.jp/documents/d/fukushi/20260801_seishin_houkan-xlsx-xlsx
7298987,訪問看護ステーションはーとふる多摩センター,206-0041,多摩市,多摩市愛宕４－６－２５　落合ＲＯＫＵビル１０２,042-356-2082,2024-09-01,,houkan,2026-08-01,https://www.fukushi.metro.tokyo.lg.jp/documents/d/fukushi/20260801_seishin_houkan-xlsx-xlsx
7391535,カノン訪問看護ステーション,206-0002,多摩市,多摩市一ノ宮１－２３－８多摩川第一ビル２０６,042-357-8806,2018-11-01,2024-11-01,houkan,2026-08-01,https://www.fukushi.metro.tokyo.lg.jp/documents/d/fukushi/20260801_seishin_houkan-xlsx-xlsx
7395205,訪問看護ステーションデューン多摩,206-0036,多摩市,多摩市中沢１－８－９　ヴィラエスポワール１階　１０１号室,042-319-6743,2020-09-01,,houkan,2026-08-01,https://www.fukushi.metro.tokyo.lg.jp/documents/d/fukushi/20260801_seishin_houkan-xlsx-xlsx
7396278,ぶどうの枝訪問看護,206-0022,多摩市,多摩市聖ヶ丘１－３１－５　マルエスコーポ１０１号室,042-401-8338,2021-06-01,,houkan,2026-08-01,https://www.fukushi.metro.tokyo.lg.jp/documents/d/fukushi/20260801_seishin_houkan-xlsx-xlsx
7396286,あい訪問看護ステーション中沢,206-0036,多摩市,多摩市中沢２－５－３　ゆいま～る中沢Ａ棟１階,042-311-2822,2021-12-01,,houkan,2026-08-01,https://www.fukushi.metro.tokyo.lg.jp/documents/d/fukushi/20260801_seishin_houkan-xlsx-xlsx
7396815,訪問看護ＳＴまごのて,206-0023,多摩市,多摩市馬引沢２－７－７－１０１,042-319-3845,2021-10-01,,houkan,2026-08-01,https://www.fukushi.metro.tokyo.lg.jp/documents/d/fukushi/20260801_seishin_houkan-xlsx-xlsx
7397714,訪問看護ステーションはれのひ,206-0041,多摩市,多摩市愛宕４－９－２３　クリオハイム１０３,042-401-9434,2022-07-01,,houkan,2026-08-01,https://www.fukushi.metro.tokyo.lg.jp/documents/d/fukushi/20260801_seishin_houkan-xlsx-xlsx
7398308,あおぞら訪問看護ステーション,206-0041,多摩市,多摩市愛宕４－９－７　ハロッズプラザ２０４,042-319-6071,2022-06-01,,houkan,2026-08-01,https://www.fukushi.metro.tokyo.lg.jp/documents/d/fukushi/20260801_seishin_houkan-xlsx-xlsx
7491418,シルクロ多摩訪問看護ステーション,202-0025,多摩市,多摩市永山１－１－７－４０４,042-313-7266,2023-06-01,,houkan,2026-08-01,https://www.fukushi.metro.tokyo.lg.jp/documents/d/fukushi/20260801_seishin_houkan-xlsx-xlsx
7493240,多摩センター訪問看護,206-0041,多摩市,多摩市愛宕４－１７－９　ショウエイビル３０１,042-318-1411,2024-04-01,,houkan,2026-08-01,https://www.fukushi.metro.tokyo.lg.jp/documents/d/fukushi/20260801_seishin_houkan-xlsx-xlsx
7494255,訪問看護ステーションあまね,206-0001,多摩市,多摩市和田２０００－１２　内田ビル２階,042-400-7758,2024-12-01,,houkan,2026-08-01,https://www.fukushi.metro.tokyo.lg.jp/documents/d/fukushi/20260801_seishin_houkan-xlsx-xlsx
7495732,訪問看護ステーションＰｏｎｏ,206-0014,多摩市,多摩市乞田１１５６－１　フラワーマンションコヤタ２０３,042-400-7592,2025-05-01,,houkan,2026-08-01,https://www.fukushi.metro.tokyo.lg.jp/documents/d/fukushi/20260801_seishin_houkan-xlsx-xlsx
7191166,訪問看護ステーションいなぎ正吉苑,206-0812,稲城市,稲城市矢野口１８０４－３,042-370-2202,2018-10-01,2024-10-01,houkan,2026-08-01,https://www.fukushi.metro.tokyo.lg.jp/documents/d/fukushi/20260801_seishin_houkan-xlsx-xlsx
7191281,訪問看護ステーションゆい若葉台,206-0824,稲城市,稲城市若葉台３－７－１,042-331-1710,2007-01-01,2025-01-01,houkan,2026-08-01,https://www.fukushi.metro.tokyo.lg.jp/documents/d/fukushi/20260801_seishin_houkan-xlsx-xlsx
7298979,訪問看護かえりえ平尾,206-0823,稲城市,稲城市平尾３－７－４,042-350-5839,2017-07-01,2023-07-01,houkan,2026-08-01,https://www.fukushi.metro.tokyo.lg.jp/documents/d/fukushi/20260801_seishin_houkan-xlsx-xlsx
7493869,訪問看護ステーションＴＨＥ ＮＥＸＴ稲城,206-0802,稲城市,稲城市東長沼１２８１　内田マンション２－３０２号,042-401-6644,2024-07-01,,houkan,2026-08-01,https://www.fukushi.metro.tokyo.lg.jp/documents/d/fukushi/20260801_seishin_houkan-xlsx-xlsx
7494073,ｅｇ＋訪問看護ステーション稲城,206-0823,稲城市,稲城市平尾３－１－１　公社平尾住宅３６号棟１０２号室,042-401-4136,2024-06-01,,houkan,2026-08-01,https://www.fukushi.metro.tokyo.lg.jp/documents/d/fukushi/20260801_seishin_houkan-xlsx-xlsx
7194327,訪問看護ステーションファミール,205-0022,羽村市,羽村市双葉町１－１－１５,042-555-8900,2017-11-01,2023-11-01,houkan,2026-08-01,https://www.fukushi.metro.tokyo.lg.jp/documents/d/fukushi/20260801_seishin_houkan-xlsx-xlsx
7197049,健生会にしたま訪問看護ステーション,205-0023,羽村市,羽村市神明台１－３０－５　３階,042-570-1815,2007-05-01,2025-05-01,houkan,2026-08-01,https://www.fukushi.metro.tokyo.lg.jp/documents/d/fukushi/20260801_seishin_houkan-xlsx-xlsx
7199896,訪問看護ステーションはればれ,205-0002,羽村市,羽村市栄町２－１９－９,042-578-9860,2009-08-01,2021-08-01,houkan,2026-08-01,https://www.fukushi.metro.tokyo.lg.jp/documents/d/fukushi/20260801_seishin_houkan-xlsx-xlsx
7394059,訪問ナースステーションアルビレオ,205-0001,羽村市,羽村市小作台５－２１－１０　ウイング守屋３Ｆ,042-533-5710,2018-04-01,2024-04-01,houkan,2026-08-01,https://www.fukushi.metro.tokyo.lg.jp/documents/d/fukushi/20260801_seishin_houkan-xlsx-xlsx
7397540,訪問看護ステーション ＲｅＨａＭｏ,205-0023,羽村市,羽村市神明台１－１７－５,042-578-8372,2022-03-01,,houkan,2026-08-01,https://www.fukushi.metro.tokyo.lg.jp/documents/d/fukushi/20260801_seishin_houkan-xlsx-xlsx
7494560,訪問看護ステーションりんく,205-0001,羽村市,羽村市小作台５－６－１３　シモーヌ小作台１０２,042-533-4580,2024-09-01,,houkan,2026-08-01,https://www.fukushi.metro.tokyo.lg.jp/documents/d/fukushi/20260801_seishin_houkan-xlsx-xlsx
7495120,ここもっと,205-0023,羽村市,羽村市神明台１－５－７,050-1722-5814,2025-02-01,,houkan,2026-08-01,https://www.fukushi.metro.tokyo.lg.jp/documents/d/fukushi/20260801_seishin_houkan-xlsx-xlsx
7496672,くるり訪問看護ステーション,205-0013,羽村市,羽村市富士見平１－１２－４４,050-3644-6998,2025-12-01,,houkan,2026-08-01,https://www.fukushi.metro.tokyo.lg.jp/documents/d/fukushi/20260801_seishin_houkan-xlsx-xlsx
7193360,医療法人社団秀仁会 訪問看護ステーションさくら,197-0803,あきる野市,あきる野市瀬戸岡４３３－１,042-532-7055,2023-12-01,,houkan,2026-08-01,https://www.fukushi.metro.tokyo.lg.jp/documents/d/fukushi/20260801_seishin_houkan-xlsx-xlsx
7198005,訪問看護ステーション あきる台ケアサービス,197-0804,あきる野市,あきる野市秋川６－５－１,042-550-6103,2007-03-01,2025-03-01,houkan,2026-08-01,https://www.fukushi.metro.tokyo.lg.jp/documents/d/fukushi/20260801_seishin_houkan-xlsx-xlsx
7198286,草花クリニック訪問看護ステーション,197-0802,あきる野市,あきる野市草花２７２２　１階,042-533-3166,2020-07-01,2026-07-01,houkan,2026-08-01,https://www.fukushi.metro.tokyo.lg.jp/documents/d/fukushi/20260801_seishin_houkan-xlsx-xlsx
7293319,ハハナ訪問看護リハビリステーション,197-0802,あきる野市,あきる野市草花２２１７－３,042-533-2150,2013-08-01,2025-08-01,houkan,2026-08-01,https://www.fukushi.metro.tokyo.lg.jp/documents/d/fukushi/20260801_seishin_houkan-xlsx-xlsx
7293954,訪問看護ステーション おれんじ,197-0802,あきる野市,あきる野市草花３６８２,042-533-3401,2014-03-01,2026-03-01,houkan,2026-08-01,https://www.fukushi.metro.tokyo.lg.jp/documents/d/fukushi/20260801_seishin_houkan-xlsx-xlsx
7296106,プライマリー訪問看護ステーションあきる野,197-0822,あきる野市,あきる野市小川東３－９－１３　森田ビル２階,042-533-3604,2015-07-01,2021-07-01,houkan,2026-08-01,https://www.fukushi.metro.tokyo.lg.jp/documents/d/fukushi/20260801_seishin_houkan-xlsx-xlsx
7397193,ピースフル訪問看護ステーションあきる野,197-0804,あきる野市,あきる野市秋川２－９－９　堤ビル２階,042-518-7592,2021-11-01,,houkan,2026-08-01,https://www.fukushi.metro.tokyo.lg.jp/documents/d/fukushi/20260801_seishin_houkan-xlsx-xlsx
7492861,ケアソリューション訪問看護事業者,190-0173,あきる野市,あきる野市戸倉１５５,042-588-5310,2026-01-01,,houkan,2026-08-01,https://www.fukushi.metro.tokyo.lg.jp/documents/d/fukushi/20260801_seishin_houkan-xlsx-xlsx
7493711,訪問看護ステーションｅｎ,197-0804,あきる野市,あきる野市秋川１－５－１２　２階,042-595-5807,2024-05-01,,houkan,2026-08-01,https://www.fukushi.metro.tokyo.lg.jp/documents/d/fukushi/20260801_seishin_houkan-xlsx-xlsx
7498017,ウィズ訪問看護ステーション,197-0802,あきる野市,あきる野市草花３０５７　レジデンス・ジュン２０６,042-508-3589,2026-08-01,,houkan,2026-08-01,https://www.fukushi.metro.tokyo.lg.jp/documents/d/fukushi/20260801_seishin_houkan-xlsx-xlsx
7191265,田無訪問看護ステーション,188-0002,西東京市,西東京市緑町３－６－１,042-461-7722,2020-02-01,2026-02-01,houkan,2026-08-01,https://www.fukushi.metro.tokyo.lg.jp/documents/d/fukushi/20260801_seishin_houkan-xlsx-xlsx
7191745,佐々訪問看護ステーション,188-0011,西東京市,西東京市田無町４－１５－１２　ＯＮＥ　ＦＯＲ　ＡＬＬ西東京１階,042-469-0897,2007-02-01,2025-02-01,houkan,2026-08-01,https://www.fukushi.metro.tokyo.lg.jp/documents/d/fukushi/20260801_seishin_houkan-xlsx-xlsx
7197437,あすなろ訪問看護ステーション西東京,188-0011,西東京市,西東京市田無町４－１９－８　レジデンス鶴田１－Ａ号,042-467-1700,2007-04-01,2025-04-01,houkan,2026-08-01,https://www.fukushi.metro.tokyo.lg.jp/documents/d/fukushi/20260801_seishin_houkan-xlsx-xlsx
7291131,陽だまり 訪問看護ステーション,188-0012,西東京市,西東京市南町４－１３－１７,042-460-7055,2012-08-01,2024-08-01,houkan,2026-08-01,https://www.fukushi.metro.tokyo.lg.jp/documents/d/fukushi/20260801_seishin_houkan-xlsx-xlsx
7291230,訪問看護ステーションメロディー,188-0011,西東京市,西東京市田無町４－８－２２　ビラ田無１０４,042-451-0090,2010-04-01,2022-04-01,houkan,2026-08-01,https://www.fukushi.metro.tokyo.lg.jp/documents/d/fukushi/20260801_seishin_houkan-xlsx-xlsx
7295181,訪問看護ステーション芝久保,188-0012,西東京市,西東京市南町６－１０－１３,042-451-6345,2016-02-01,2022-02-01,houkan,2026-08-01,https://www.fukushi.metro.tokyo.lg.jp/documents/d/fukushi/20260801_seishin_houkan-xlsx-xlsx
7295660,エンジェル訪問看護リハビリステーション,202-0002,西東京市,西東京市ひばりが丘北３－４－３－Ｃ,042-439-8977,2015-12-01,2021-12-01,houkan,2026-08-01,https://www.fukushi.metro.tokyo.lg.jp/documents/d/fukushi/20260801_seishin_houkan-xlsx-xlsx
7295686,ハートフル田無訪問看護ステーション,188-0013,西東京市,西東京市向台町２－１６－２２,042-468-2311,2015-11-01,2021-11-01,houkan,2026-08-01,https://www.fukushi.metro.tokyo.lg.jp/documents/d/fukushi/20260801_seishin_houkan-xlsx-xlsx
7391691,訪問看護ステーションｎｉｃｏ,202-0022,西東京市,西東京市柳沢１－４－１８,042-497-5257,2019-04-01,2025-04-01,houkan,2026-08-01,https://www.fukushi.metro.tokyo.lg.jp/documents/d/fukushi/20260801_seishin_houkan-xlsx-xlsx
7393127,だいだい訪問看護ステーション,202-0022,西東京市,西東京市柳沢６－６－３　トキビル２０１,042-497-5631,2019-05-01,2025-05-01,houkan,2026-08-01,https://www.fukushi.metro.tokyo.lg.jp/documents/d/fukushi/20260801_seishin_houkan-xlsx-xlsx
7396823,リューレント訪問看護ステーション,202-0002,西東京市,西東京市ひばりが丘北１－３－１０　野口ハイムⅡ－１０１号,042-445-4197,2021-09-01,,houkan,2026-08-01,https://www.fukushi.metro.tokyo.lg.jp/documents/d/fukushi/20260801_seishin_houkan-xlsx-xlsx
7396831,cocoro訪問看護ステーション,188-0011,西東京市,西東京市田無町６－１５－１４　第一浜マンション別館２０１号,042-455-8826,2021-09-01,,houkan,2026-08-01,https://www.fukushi.metro.tokyo.lg.jp/documents/d/fukushi/20260801_seishin_houkan-xlsx-xlsx
7397201,武蔵野徳洲会訪問看護ステーション,188-013,西東京市,西東京市向台町３－５－４８,042-429-0550,2020-09-01,,houkan,2026-08-01,https://www.fukushi.metro.tokyo.lg.jp/documents/d/fukushi/20260801_seishin_houkan-xlsx-xlsx
7397318,大福訪問看護ステーション,202-0001,西東京市,西東京市ひばりが丘１－３－３　ＩＢフラット２０２,042-423-0701,2021-12-01,,houkan,2026-08-01,https://www.fukushi.metro.tokyo.lg.jp/documents/d/fukushi/20260801_seishin_houkan-xlsx-xlsx
7397557,ＬＣＵＢＥ訪問看護ステーション西東京,188-0004,西東京市,西東京市西原町５－３－１,042-497-5721,2023-06-01,,houkan,2026-08-01,https://www.fukushi.metro.tokyo.lg.jp/documents/d/fukushi/20260801_seishin_houkan-xlsx-xlsx
7398134,いずみ訪問看護・リハビリステーション,202-0011,西東京市,西東京市泉町３－６－９,042-497-8572,2022-07-01,,houkan,2026-08-01,https://www.fukushi.metro.tokyo.lg.jp/documents/d/fukushi/20260801_seishin_houkan-xlsx-xlsx
7491202,訪問看護ステーションメドパー,202-0001,西東京市,西東京市ひばりが丘１－３－３　ＩＢフラット２０２,042-439-8792,2023-05-01,,houkan,2026-08-01,https://www.fukushi.metro.tokyo.lg.jp/documents/d/fukushi/20260801_seishin_houkan-xlsx-xlsx
7493414,葉－ｇｒｅｅｎ訪問看護ステーション,202-0014,西東京市,西東京市富士町４－１３－４　カーサ伏見２０２号,042-452-7516,2024-10-01,,houkan,2026-08-01,https://www.fukushi.metro.tokyo.lg.jp/documents/d/fukushi/20260801_seishin_houkan-xlsx-xlsx
7493422,グレース訪問看護ステーション多摩,188-0003,西東京市,西東京市北原町１－８－３　２階,042-452-3615,2023-12-01,,houkan,2026-08-01,https://www.fukushi.metro.tokyo.lg.jp/documents/d/fukushi/20260801_seishin_houkan-xlsx-xlsx
7493729,すけさん訪問看護ステーション,202-0014,西東京市,西東京市富士町４－１２－５　東伏見ハイム３０１号室,042-452-6945,2024-05-01,,houkan,2026-08-01,https://www.fukushi.metro.tokyo.lg.jp/documents/d/fukushi/20260801_seishin_houkan-xlsx-xlsx
7496268,ひばりヶ丘訪問看護ステーション,202-0005,西東京市,西東京市住吉町５－６－３　ＲＧビル第２,042-449-9056,2025-09-01,,houkan,2026-08-01,https://www.fukushi.metro.tokyo.lg.jp/documents/d/fukushi/20260801_seishin_houkan-xlsx-xlsx
7398423,リンクケア訪問看護ステーション みずほ,190-1221,瑞穂町,西多摩郡瑞穂町箱根ケ崎１８８－６－２０１,042-513-9625,2022-08-01,,houkan,2026-08-01,https://www.fukushi.metro.tokyo.lg.jp/documents/d/fukushi/20260801_seishin_houkan-xlsx-xlsx
7398951,なごみ訪問看護ステーション,190-1212,瑞穂町,西多摩郡瑞穂町殿ケ谷７２６－１９,042-557-8403,2023-01-01,,houkan,2026-08-01,https://www.fukushi.metro.tokyo.lg.jp/documents/d/fukushi/20260801_seishin_houkan-xlsx-xlsx
7191034,日の出ヶ丘訪問看護ステーション,190-0181,日の出町,西多摩郡日の出町大久野３１０,042-597-7080,2009-02-01,2021-02-01,houkan,2026-08-01,https://www.fukushi.metro.tokyo.lg.jp/documents/d/fukushi/20260801_seishin_houkan-xlsx-xlsx
7298391,ケアーズ日の出訪問看護ステーション,190-0182,日の出町,西多摩郡日の出町平井３０２６,042-519-9664,2017-05-01,2023-05-01,houkan,2026-08-01,https://www.fukushi.metro.tokyo.lg.jp/documents/d/fukushi/20260801_seishin_houkan-xlsx-xlsx
7299712,つつじナースステーション,100-0211,大島町,大島町差木地字小坂１０１５－２,04992-7-5561,2017-11-01,2023-11-01,houkan,2026-08-01,https://www.fukushi.metro.tokyo.lg.jp/documents/d/fukushi/20260801_seishin_houkan-xlsx-xlsx
7397953,訪問看護ステーションはまゆう,100-0400,新島村,新島村字瀬戸山１１６－２,04992-5-1612,2022-06-01,,houkan,2026-08-01,https://www.fukushi.metro.tokyo.lg.jp/documents/d/fukushi/20260801_seishin_houkan-xlsx-xlsx
7495419,ケアレイズ訪問看護ステーション,100-0402,新島村,新島村本村６－２－４,04992-5-0713,2025-04-01,,houkan,2026-08-01,https://www.fukushi.metro.tokyo.lg.jp/documents/d/fukushi/20260801_seishin_houkan-xlsx-xlsx
7494115,アイ・エル訪問看護ステーション三宅島営業所,100-1211,三宅村,三宅島三宅村坪田１２９１,04994-8-5855,2024-08-01,,houkan,2026-08-01,https://www.fukushi.metro.tokyo.lg.jp/documents/d/fukushi/20260801_seishin_houkan-xlsx-xlsx
